3046920028721	Dark absolute 99% cacao	Lindt EXCELLENCE	50	565	14	9	49
5053990155354	Sour Cream & Onion	Pringles	30	525	6	56	30
8076800195057	Spaghetti N°5	Barilla	85	359	13	71	2
3175681116832	Sablé saveur COCO	Gerblé	11	427.2	6.2	72	15
8852018101024	Nouille instantanées goût poulet	Yum Yum	380	76	1.3	10	3.3
80761761	Bueno White	Kinder	19.5	571	8.5	53	35.9
7614500010013	Milk chocolate with Honey & Almond Nougat	Toblerone	25	529	5.6	61	28
8858135002879	Lait de coco	Real Thai		185	1.6	2	19
8853662056012	Sriracha Sauce	Flying Goose Brand	100	139	2.3	28	1.2
5060108450348	Premium Ginger Beer	Multibev	200	36	0	7.9	0
8852018101017	Beef Flavour	Yum Yum	380	76	1.4	9	3.8
8852018101055	Shrimp Flavour	Yum Yum	60	75	1.3	9.2	3.6
3046920028370	Excellent Intense Orange Dark Chocolate	Lindt	40	535	7	51	32
8852018101062	Vegetable Flavour	YumYum	380	77	1.2	9.1	3.9
8853662056005	Sriracha	Flying Goose Brand	100	139	2.3	28	1.2
8852018101031	Instant Noodles Duck Flavour	Yum Yum	380	75	1.2	9	3.7
8801073113893	Buldak Spicy Ramen Artificial Spicy Chicken Flavor	Samyang	130	423.1	6.3	63.8	13.8
8858135003135	Crème de coco	Real Thai		215	1.6	4.8	21
8853662056661	Sriracha sauce mayo	Flying Goose Brand	25	281	0.9	26	19
8850389100684	Mogu lychee	Sappe Public Company Limited	320	53	0	13	0
8853662056654	Sriracha Majo	Flying Goose Brand	100	281	0.9	26	19
3076820002064	Pitted Ripe Olives	Crespo	6	134	0.5	0	14
8858135001322	Lait de coco premium saveur	Real Thai		185	1.6	2	19
8852018101079	Curry Flavour	YumYum	380	19.2	0.3	0	0.5
7622300134532	Caramel et Noisettes	Milka	100	560	5.4	52	36
8000500032237	Ferrero Rocher	Ferrero	100	603	8.2	48.4	43
8850389115367	Blackcurrant Flavored Drink with Nata de Coco	Mogu Mogu	320	50	0	12	0
8851613101378	Coconut Milk	AROY-D	90	188.9	1.1	2.2	18.9
8853662056029	Original Sriracha Sauce	Flying Goose Brand	25	138	2.3	28	1.2
8850620888012	Fischsauce	Squid	15	56.4	10.9	3	0.1
8850389111239	Fraise et Nata de coco	Mogu mogu (Sappé)		52	0	12	0
8850367993482	Agua de coco 100% natural	Chaokoh		20	0	4.8	0
8858135012014	Pâte de curry rouge	Real Thai		118	4	9	6
8001100051017	Balocco 1 kg	Balocco	100	358	7.4	49	14
8850389113219	mogu mogu fraise	mogu mogu	320	36	0	8.9	0
8851613101385	Coconut Milk	AROY-D	90	189	1.1	2.2	18.9
8853662056067	Sriracha sehr scharfe Chilisauce	Flying Goose Brand	15	164	1.8	34	1.7
8850389111352	Sappe Public Company Limited 32 cl	Sappe Public Company Limited	320	50	0	12	0
8850124011053	Coffee Mate Coffee Creamer	Nestle	6	548	1.2	57.1	0
8853662056333	Sweet Chilli Sauce	Exotic Food	10	219	1.4	53	0.5
8850389111253	MOGU nealko. nesyteny nápoj so šťavou z manga a kúskami Nata De Coco	Mogu mogu		52	0	13	0
5941021001261	Dark Intense	Heidi	40	591	7.8	25	48
8850389106273	Mogu Mogu Coconut Flavored Drink	Mogu mogu	320	13.8	0	11.2	0
3560070472970	Chocolate con leche con avellanas caramelizadas	Carrefour BIO	20	565	8.1	41	40
8801073115514	Buldak Spicy Ramen	Samyang	135	455.7	10.4	61.5	10.4
80974482	Kinder Joy Boy	Kinder	20	550	0	60	30
8851613101392	Kókusztej	Aroy-D	90	180	1	2	17
8852018101154	Instant Nudeln, Japanese Chicken Flavor	Yum Yum	380	69	1.4	10	2.5
8410128121976	Yogur sabor vainilla	Pascual	125	130	3.3	15	6.3
8850344200183	Coconut milk	Suree		179	1.4	2.9	18
8858135005047	Lait de coco bio	Real Thai		185	1.6	2	19
9300652803495	Almond Milk Unsweetened	Sanitarium So Good	250	16	0.6	0.3	1.4
4000417020000	Halbbitter	RITTER SPORT	25	534	6	50	33
4017100712203	Crunchips Salted	Lorenz	30	543	5.5	52	34
8850389116487	Mogu mogu raspberry	SAPPÉ		46.9	0	11.6	0
8852018201021	YumYum Kopnudel m. kylling	YumYum	100	99	1.8	12.9	4.3
8852018511052	Nouilles instantanées saveur poulet, pack de 5	Yum Yum	60	76	1.3	10	3.3
4025700001023	Milka chocolate Hazelnuts	Milka	16.7	550.9	7.2	52.1	34.1
8850025000026	Refresh Eau de Noix de Coco	UFC	250	24	0	5.6	0
8858135012021	Grüne Curry Paste	Real Thai		140	3.2	16	6.3
8850389111260	Ananas et nata de coco	Mogu mogu		51	0	13	0
8850389117095	mogu mogu pastèque	mogu mogu		46	0	12	0
8853662056050	Super Hot Chili Sauce	Heuschen & Schrouff	100	164	1.8	34	1.7
8850389106280	MOGU MOGU Peach flavored Drink with Nata de coco	MOGU MOGU	320	46	0	11	0
8851876201549	Instant Rice Noodles	MAMA		157	6	80	0.5
8850124037350	Nescafe 3 in 1	Nescafe		423	1	11	12.2
8850389103142	Mogu Mogu Strawberry Flavored Drink with Nata de Coco	Mogu mogu		54	0	13	0
8850100002471	Instant Noodles Chicken Flavour	WaiWai	60	81	2	12	2.5
8850389103166	MOGU MOGU MANGO FLAVOURED DRINK WITH NATA DE COCO	Mogu mogu	320	53	0	14	0
0748927023848	Micronized Creatine Powder	Optimum Nutrition	5	0	0	0	0
80051671	Hazelnut Spread with Cocoa	nutella	15	533.3	6.7	60	30
8850389103159	Lychee Flavored Drink with Nata de Coco	Mogu Mogu		53.1	0	13.1	0
8850389105450	Mogu mogu	Mogu mogu		54	0.5	12.9	0
8850620888203	Fischsauce	Squid Brand	100	56	10.9	3	4.7
8858135000974	Lait de coco	Real Thai		180.9	1.6	2	18.5
8997240600041	OATSIDE Oat M*lk	OATSIDE	200	63.5	0.6	8	3.2
0059290500677	Hobnobs Oats Biscuit	Mcvities	31	471.1	6.5	61.3	22.6
8000070038820	Crema E Gusto Coffee Classico	Lavazza		17	1.7	2.7	0
8002590045654	biscuits au cacao et riz soufflé	Misura		468	7.7	67	18
8850038400080	oyster sauce	Maekrua	100	67	0.7	16	0
8853662003023	Sauce pimentée sriracha	Exotic Food		139	2.3	28	1.2
8858135005023	Creme de coco	Real Thai		215	1.6	4.8	21
5202175001522	Nacho Chips cheese flavor	El Sabor	30	505	6.1	68	24
8850389111376	Pink Guava Flavored Drink With Nata De Coco	Mogu Mogu	320	49	0	12	0
8850389118856	Mogu Mogu 320 ml	Mogu Mogu	320	55	0	13.8	0
8852018800019	Yum yum Thai coconut soup	Yum Yum	100	104	1.5	13	5.3
8854692010357	J-Lek 250ml	J-Lek	10	183.3	0.8	46	0.9
3222475190919	Je suis noisette la première pâte à tartiner sans huile de palme	Casino	100	543	5.9	56	32
4017100107214	Zoo Jungle Biscuits with Cocoa	Leibniz	29	449	7.9	71	14
7622210693266	Milka - MMMAX - Noisettes Entières	Milka	30	560	7.9	48	36
8850100002488	Instant Noodles Casserole Beef Flavour	Thai Preserved Food Factory Co	60	87	1.9	12	3.4
8850389113646	Passion Fruit Flavored Drink with Nata de Coco	Mogu mogu	320	46	0	9.7	0
8850389118870	Mogu Mogu Cotton candy	sappè		54	0	13	0
8850987101090	MAMA Chicken Flavour	MAMA	55	61	1.2	8.1	2.6
8852023664101	Peanuts Nori Wasabi Flavour Coated	Koh kae	30	516	21.3	44	26.8
8853662005027	Rice noodle	Exotic Food	125	339	7	76	0.8
9555030107614	Mint Candy Lemon Flavour	Himalaya Salt		400	0	97.7	1.1
0016000439801	Fruit & Nut Trail Mix Chewy Granola Bars	Nature Valley	35	428.6	8.6	71.4	12.9
8850389103173	Mogu Mogu Pineapple Flavored Drink	Mogu mogu	320	53	0	13	0
8858135001384	Pâte de curry jaune	Real Thai		134	3.8	18	4.2
00099233	Cheese twists	Marks & Spencer	8.9	515	12.1	50.5	28.7
00379953	ALMOND BISCUITS	M&S FOOD	9.1	512	6.9	60.5	26.4
00394697	all butter cookies with stem ginger and oats	M&S	25	480	6.1	63.6	20.8
00722834	sea salt & cracked black pepper crisps	M&S Food	30	498.7	6.3	49.3	31.7
00754545	All Butter cinnamon sugar palmiers	Marks & Spencer	15	477	7.5	64.7	20.2
3116740032410	Long fizz	Lutti		369	2.3	82	2.2
5901414201210	Leibniz Zoo Original	Bahlsen	30	445	7.9	75	12
8850038400066	Austernsauce	Maekrua		67	0.7	16	0
8850161160790	CocoMax 100% Coconut Water	Cocomax	500	21.2	0	5.3	0
8850344000332	Sauce - Suree Oyster 150 ML	Suree		45	2.3	9.9	0
8852018101147	Grilled Chicken Flavour	Yum Yum	120	465	6.3	62	21
8852023003078	Green peas Koh-Kae	Koh-Kar	30	516	21.3	41.8	26.8
8852523206030	Instant Nudelsuppe Chicken Typ Huhn	Thai Chef	59	461	8.5	54	21
8852646019005	Sauce Piment Poulet THAI DANCER 900G	Thai dancer		222	0	55.6	0
8853662056289	Hoisin Sauce	Flying Goose Brand	100	238	2.3	53	1.9
8858135005030	Crème de coco	Real Thai		214.6	1.6	4.8	21
8850058004213	Sauce Huitre Pantai	Saveur d autrefois		93	5	20	0.4
8850206011025	Healthy boy brand thin soy Soja sauce	healthy boy brand	100	43	7	4.2	0
8850344005146	sriracha hot chilli sauce	Crying Thaiger		88	0	21	1
8850987101083	Oriental Style Instant Noodles Shrimp Flavour	MAMA	60	466.7	8.3	63.3	20
8851011322252	Lait De Coco	Twin elephants	100	185	1.6	2	19
8851876200412	instant rice vermicelli noodles	mams	45	360	6.7	82.2	0
8852646023408	Sweet Chilli Sauce	Food Specialize Co. Ltd		230	0	58	0
8853662001036	Pâte de curry rouge	Exotic Food		153	3.1	11	9.1
8853662040004	Sweet Chilli Sauce	Exotic Food	25	230	0.8	55.2	0
8853662057866	Sriracha Hot Chilli Sauce	Flying Goose Brand		139	2.3	28	1.2
8855702008289	Flamin' chicken tenders	CP	81	226.7	19.8	15.1	9.4
4017100210105	waffelletten	Bahlsen	100	527	5.7	59	29
8801073211506	Samyang carbonara buldak hot chicken flavor ramen	Buldak	105	447.6	7.6	61.9	17.1
8850038400073	Maekrua Oyster Sauce	Maekrua Co.  Ltd.	15	67	0.7	16	0
8850161160851	Cocomax Coconut Water imp	Cocomax	350	22.9	0	5.7	0
8850389109229	Mogu Mogu Yogurt Flavored Drink With Nata De	Mogu mogu		52	0	13	0
8850580200244	Cappuccino Candy Bag	Kopiko	120	30.1	0.1	5.7	0.8
8850987141478	Mama Vihanneksenmakuinen nuudeli	MAMA	60	65	1.2	9.5	2.5
8852018800033	Yum yum	EiEi	100	78	1.2	8.7	4.1
8852023664248	Peanuts Coconut Cream Flavour Coated	Koh-Kae	30	566.7	16.7	46.7	33.3
8853662001043	Gelbe Curry Paste	Exotic Food	50	294	4.5	14	23
8853662003078	Sauce Aigre Douce	Exotic Food	100	183	0.8	44	0.2
8854698005050	Green Tea	Oishi	250	14	0	3.6	0
8854761951413	Real Almond Milk	137 Degrees	180	33.3	1.1	0.6	2.8
00745062	Wheaten crackers	Marks & Spencer	4.3	470	10.4	57.8	20.6
8850161161247	Coconut water	cocomax	250	21.2	0	5.3	0
8850389100691	Mogu Mogu Strawberry Juice	Sappe Public Company Limited	320	56.2	0	13.8	0
8850389103180	Mogu Mogu Grape	Mogu Mogu	320	53.1	0	13.1	0
8850389105467	Mogu mogu 25% mango juice with Nata de Coco	Mogu Mogu	200	50	0	12.8	0
8850389108666	Mogu mogu strawberry 1L	Mogu mogu		50	0	12.1	0
8850389110980	Mogu mogu apple	Mogu mogu		43	0	11	0
8850389112878	Mogu Mogu	Sappe	320	47	0	11	0
8850389113486	Mogu Mogu Juice Pina Colada Flavored Drink	Mogu Mogu		42	0	10	0
8850987150098	ORIENTAL KITCHEN INSTANT NOODLES CARBONARA BACON FLAVOUR	MAMA	85	179	3.6	25	7.6
8851019010014	Pocky Strawberry Flavour	Glico	42.9	489	8.5	68	21
8852646492006	WASABI MAYO	Thai dancer		253	1.5	25	16
8853662040189	Supreme Oyster Sauce	Exotic Food	25	72	0	17.2	0
8858639000258	Gyoza - Raviolis aux Légumes à la Japonaise	Ajinomoto		128	6.3	23	0.5
8859015700168	Coconut Water	If	350	22	0	5.5	0
8992760121014	oreo (w) vanilla 27.6g	OREO	27.6	481.9	4.7	69.3	20.6
9300658407765	Greek Style Yogurt with a hint of Vanilla Bean	Farmers Union	125	131.2	4	11.2	8.8
0016000411265	Nature Valley Crunchy Variety Pack	Nature Valley	42	476.2	7.1	69	19
0016000507258	Oats N Dark Chocolate Granola Bars	Nature Valley	42	476.2	7.1	69	19
3179730010041	Perrier	Perrier		0	0	0	0
4000417011008	Knusperflakes	RITTER SPORT	25	520	6.5	60	27
4066600641964	Paulaner Hefeweissbier hell	Gesamt	100	42	0	2.6	0
4770179994733	Juodas sokoladas 72%	เพอร์เกเล่	85	564	9.1	32	42
5941021003203	Dark Chocolate lemon & mint	HEIDI	40	550	5	50	32.5
7610100036200	Tomatenpüree	THOMY	100	137	7	22	1.2
8850025001023	COCONUT WATER	UFC Refresh	200	22	0	5.5	0
8850100002495	Tom Yum - Shrimp Flavour	Waiwai	60	78	1.5	12	23
8850206060054	Sweet Soja Sauce	Healthy Boy Brand		307	0.8	75	0.5
8850329145546	High Protein Chocolate Flavour	meiji	350	51.1	8.6	2.8	0.6
8850367992157	Coconut water	Chaokoh		20	0.1	4.8	0
8850987128561	Oriental style instant noodles chicken flavour	MAMA	590	72	1.7	9.2	3.1
8851613106106	Aroy-D Kokosnussmilch	Aroy-D	90	185	1.6	2	19
8851717021008	Dutchie โยเกิร์ตปราศจากไขมัน	DUTCHIE	125	72	5	19	0
8852018201014	Nouilles instantanées Boeuf	YumYum	330	98.5	1.7	12.4	4.5
8852018511045	Nouilles chinoises crevettes	Yumyum		75	1.2	10.3	3.1
8852018511083	Nouilles Instantanées au Boeuf	Yum Yum		75	1.2	9.3	3.6
8852018800125	Thaï signature			241	4.5	30	11
8852018800149	Yumyum	Yum Yum		439	9.6	60	17
8853662003108	Exotic Foods Sweet Chilli Sauce 200ml			210	0.5	51	0.6
8853662040172	Nuöc mam sauce aux anchois	Exotic Food		91	13	10	0
8854698012041	Oishi Kabusecha Green Tea No Sugar Flavour	Oishi	500	0	0	0	0
8855702001815	Thai Cube - Sweet Chilli Chicken Teriyaki	Kitchen Joy	350	47.3	5.9	28	0.7
8857122559754	Siam Coconut Milk imp	deSiam		174	0.6	2.9	18
8886467100031	Pringles Chessy Cheese Chips	Pringles	25	524	5.3	58	30.1
9556041132534	Sauce rouleaux de printemps Ayam	Ayam		258	0.4	63.1	0.8
00393805	All Butter Cookies Chocolate Chunk & Hazelnut	Marks & Spencer	25	527	7.4	54.1	30.6
6957735788861	Coconut Tree brand original coconut juice	yeshu	245	53.1	0.8	7.8	2.4
7610023050413	Berry granola	Familia	50	445	9.1	65	15
8410128113131	Yaourt Creamy	Pascual	125	132	3.2	16	6.1
8445291045637	Perrier - Lime water	maison perrier	330	0	0	0	0
8850058008396	Siracha chili sauce	Rama		95.6	0	19.2	0
8850096818513	Almond Milk Unsweetened	Blue Diamond		20	1	1	2
8850124020000	Nestle Coffee Mate Coffee Creamer Original	Nestle	6	546	2	56.6	34.6
8850161166143	Ampawa Coconut Milk 100% Size 1,000 ML.	AMPAWA		184	1.6	1.9	19
8850206010028	Mushroom Soy Sauce	Healthy boy brand	100	48	6.9	5	0
8850206117123	Healthy Boy Oyster Sauce 350 G.	Healthy Boy Brand		122	1.5	29	0
8850228000106	Kratingdaeng Energy Drink (Thai Style)	กระทิงแดง	150	40	0.7	10	0
8850329080076	Greek Style Yoghurt	Meiji	150	106.7	4.7	5.3	7.3
8850389100769	MANGO FLAVORED DRINK WITH NATA DE COCO	MOGU MOGU	320	50	0	12.8	0
8850389111628	Mogu Mogu Melon	Mogu mogu		50	0	12	0
8850389115572	น้ำผสมวิตามินบี	B'lue	500	22	0	5.4	0
8850389116852	Vitamin Drink	B:luе	500	80	0	18	0
8850521950368	Reisnudeln	Asia Express Food	50	340	8	78	0
8850781700048	Crème de Noix de Coco	Thaï Héritage	80	194	1.7	2.2	19.6
8850987204029	Soupe De Nouilles MAMY Bouillon PHO CT	Mamy	55	314	7.1	70	0
8850999320007	Drinking Water	SINGHA	1500	0	0	0	0
8851012103058	Milo Uht Milk Chocolate Malt 180ML. Pack	Nestlé	170	64.7	2.4	10.6	1.5
8851019010038	Sticks &quot;Pocky Matcha Green Tea Flavour&quot;	Glicko	39	462	7.7	61.5	20.5
8851876000142	Vermicelles de Riz Grain Entier	MAMA	45	155.6	3.9	32	0.7
8851876001507	Instant white grain rice noodles	Mama	100	348	9.3	69	2.5
8851876201778	instant rice noodles vegetable flavour	MAMA	405	48	0.8	9.7	0.7
8851959139714	Water	Namthip		0	0	0	0
8852018201069	Japanese chicken	Yum Yum	330	95	2.1	13	3.8
8852018800026	Thai Spicy Soup	Yum Yum		104.2	1.5	13	5.2
8852023672410	Wasabi flavour coated green peas	Koh kae		463	15.6	53.6	16.5
8852523206092	Typ Ente	Thai Chef	63	421	8.3	55	18.6
8853095001504	Sauce Au Piment Pour Volailles	Mont asie		173	0.6	42	0.5
8853662001050	Pâte de curry vert	Exotic Food	50	74	3.2	12	0.4
8853662004020	Sweet Chili Sauce	Exotic Food	25	228	0.9	55	0
8853662040141	Sauce Soja Exotic Food	Exotic Food		34	2.6	6	0
8853662060378	Sriracha sauce black chili	Flying Goose Brand	100	162	2.3	31	2.6
8859488111225	โปรตีนเชค รสน้ำผึ้ง	HooRay!	340	55.9	8.8	4.7	0.1
9310081414704	Oven Bake 6 Original Crumb	Birds Eye	141	222.1	12.5	21.2	9.4
4017100283666	pick up	PICK UP CHOCO & MILK	28	500	7.1	64.3	25
6914973600362	SNICKERS	SNICKERS	35	487	8.6	57.8	23.9
7861002900117	Bombones cubiertos con chocolate con leche y avellanas rellenos	Ferrero Rocher	25	604	8.2	44	43
8000500066027	kinder bueno	kinder	21.5	567.4	8.4	46.5	37.2
8850004100792	Jugo de coco	AMPRO	100	174	1	2	18
8850123110412	Whole Wheat Bread	Farmhouse	50	233.3	12	46	5
8850228000151	Red Bull Energy	T.C. Pharmaceutical Industries	250	72	0.4	18	0
8850228008171	Red bull blackcurrant flavor energy drink	Red Bull	250	64	0	16	0
8850267112129	Lactasoy Original 250ML. Pack	Lactasoy	300	73.3	2.7	8	3.3
8850282191031	King Rijstolie	King	15	824	0	0	92
8850329145027	HIGH PROTEIN NO SUGAR ADDED	meiji	350	48.6	8	3.7	0.3
8850344005153	SRIRACHA LLI SAUCE SRIRACHA CRYING THAIGER REAL SR	Suree Interfoods	15	93.3	0	21.3	0
8850367100019	Kokosmilch	Chaokoh		183	1.6	1.3	18
8850367100026	Lait de coco	Chaokoh	80	175	1.2	1.2	18.8
8850389106990	Mogu mogu coconut drink	Mogu mogu	200	45	0	11	0
8850653799682	Tender Chicken Breast	CP Delight	80	100	21.2	0	1.9
8850781701717	Pâte de curry rouge	Thaï héritage	17	60.8	0	11.7	0
8850999112107	Singha	Singha	330	35	0	0	0
8851019010007	Pocky Chocolate Flavour	Glico	45	508.9	8.9	71.1	17.8
8851019010021	Glico 41 g	Glico	45	488.9	6.7	66.7	22.2
8851613001463	Sweet chili sauce	royal thaï		183	0	45	0
8851717905407	Delight Plus Probiotic Fiber	Dutch Mill	200	79	1.6	17.8	0
8852018101185	Instant-Nudeln Chicken Sriracha Geschmack	YumYum	380	70	1.3	10	2.7
8852018201045	Cup Soupe Crevette Yum Yum	yum yum	330	94	1.9	13	3.6
8852018511076	yum yum curry	Yum yum		73	1.3	10.4	2.8
8852646064500	Siracha mayo sauce	THAI DANCER		166	2	18	9.2
8853662056081	Sriracha Hot Chilli Sauce with extra Garlic	Flying Goose Brand	155	155	2.2	33	0.7
8853662056272	Hoisin Sauce	FLYING GOOSE	30	238	2.3	53	1.9
8853662056678	Sriracha Mayo Type Sauce	Flying Goose Brand		281	0.9	26	19
8853662060484	Sriracha Kimchi	Flying Goose Brand		126	1.8	27	0.9
8857118730365	Megachef 230g	Megachef	15	113	2.7	25	0
8858135052089	Nudeln	Feinkost Dittmann	125	357	7.1	80	0.8
8858826302202	Gelbe Currypaste	Cock brand		126	3.6	15	4.5
8858867801153	ช็อกโกแลตลาวาเค้ก	7เฟรช	75	453.3	5.3	48	26.7
8858947401105	Aloe Vera	Organic Bloom		28	0.2	6.6	0
8886467100017	Pringles original	Pringles Salt & Seaweed	25	520	4	60	28
8886467100055	Pringles Hot & Spicy	Pringles	110	516	5.7	61	27.7
8888196124128	Thé Vert Au Jasmin	Pokka		24	0	6	0
8996001600597	Kopiko lucky day	kopiko	180	72	2	9	3
0051000128041	Cheesy Baked Potato	Campbell's Chunky	553	34.4	0.9	4.2	1.6
0074880004014	Crunchy Garlic with Chili oil (Mild)	S&B UMA	5	700	0	20	60
0885898887922	IMMUNE+ Super Orange Flavored Fizzy Drink Mix	Emergen-C	9.5	315.8	0	73.7	0
29126361	Wholegrain 3 Seed Beetroot Lightly Salted Crackers	M&S Food	25	480	0.7	60	22
3415587403187	Vanilla Caramel Almond	Häagen Dazs	69	358	5.2	26	25.6
3580282816508	Gingembre Deshydraté Chao'an	Chao'An	100	374	0	93	0
4800361028004	Milo	Nestle	25	360	8.3	74.9	8.3
7622300136055	Oreo Strawberry Creme Biscuits	Mondelez	27	484	6	71.1	19.5
8850100005533	Chiken curry	Wai Wai		503	7.5	63.2	24
8850124025685	Coffre mate	Nestle	4	549.7	1.3	57.1	34.9
8850161161513	100% Coconut Water	cocomax		21	0	5.3	0
8850187400054	Riz Thaï Royal Umbrella	Intertrade Co		350	6.7	79	0.7
8850228007716	โปรดรีไซเคิล ไม่มีน้ำตาล Red Bull SODA ENERGY DRIN	RED BULL	250	6	0	1.6	0
8850329090075	Greek Style Yoghurt Natural Flavour	meiji	150	106.7	4.7	5.3	7.3
8850344004897	Crying tiger 200 ml	Crying tiger	100	263	0	34	14
8850344005160	Sriracha hot chilli sauce			88	0	21	0
8850388546612	Mixed green juice - Unif - Unif - Unif	Unif	250	24	0	5.6	0
8850389101391	Mogu Mogu Grape Flavored Drink with Nata de Coco	Mogu mogu	320	55	0	14.1	0
8850389109793	Mogu mogu	Mogu mogu		53	0	13	0
8850389116012	Blackcurrant flavored drink with nata de coco	Mogu mogu	200	50	0	12	0
8850389116753	Mogu Mogu Watermelon	Mogu Mogu		150	0	37	0
8850389116890	Lychee Flavored Drink with Nata de Coco	Mogu Mogu		54	0	13	0
8850487029108	Shrimp Paste	Maepranom Brand	100	123	24.9	0	2.6
8850521950351	Reisbandnudeln, 3 mm	Farmer Brand	50	345	6.5	76.2	1
8850718807345	Corn Snack American Cheese Flavor	Cheetos	30	566.7	6.7	53.3	40
8850813104011	Lait Coco Pandan Chaokoh	Chaokoh		165	1.4	3.5	16
8850987123542	Cup Oriental Style Instant Noodles Vegetable Flavour	Mama		82	1.7	11.2	3.4
8850987128547	Noodle Creamy Shrimp Tom Yum	MAMA	90	72	1.7	9.2	3.1
8850987131776	Mama Soupe Tum Yum	Thai agri foods co ltd	490	81.9	1.5	11	3.5
8850987148651	Mama salted egg	mama	205	191	3.9	26.3	7.8
8850987150609	Mama	Mama		87	1.5	12	3.6
8851013740498	Mixed Veggie & Mixed Fruit Juice	Del Monte	240	40	0	10	0
8851019310206	Pocky Stick Strawberry	Glica		494.7	8	72	17
8851028000631	Vita Milk Soya (300 ML)			84	3	11	3
8851028001690	V-Soy btl 300ML			70	2.7	7.7	3
8851351383616	Caesar Salad with Grilled Chicken Breast	EZYFRESH	160	162.5	6.2	6.9	11.9
8851351911505	WHOLE WHEAT BREAD	เลอแปง	50	240	10	38	5
8851613003344	Coconut milk	Aroy-D		185	1.6	2	19
8851717020117	Strawberry Yogurt	ดัชมิลล์	125	104	3.2	20	1.6
8851717905070	Yoghurt with Very Berry (Dutchie Greek Style Yoghurt)	Dutchie	120	83.3	5.8	14.2	1.7
8851717906718	Bio Duo Probiotic	Dutchie	135	81.5	4.4	10.4	2.6
8851717910289	Low Fat Yoghurt	Dutchie	100	66	4	8	1.7
8852018201144	Yum Yum 70 g	Yum Yum		98	1.8	12	4.3
8852018511069	Nouilles instantanées au goût de légumes, pack de 5	Yum Yum	60	76	1.3	10.1	3.3
8852018800187	YumYum + Poulet	Yum Yum	475	76	1.8	11	2.8
8852523103018	Nudeln Ramen	Ostmann	50	346	10.4	76.2	0
8852756304053	Kelloggs Cereal Cornflakes	Kellogg's	30	385	7	87	1
8852756304060	Kellogg's Frosties Breakfast Cereal	Kellogg's	30	400	6.7	90	0
8852756327694	Nutrigrain Bar Original	Kellogg's	22	412.8	6.8	73.2	10
8853662002088	Kokusnussmilch, light	Exotic Food		57	0.5	0.5	6
8853662005003	Nouilles Pad Thaï	Agidra		211	3.4	46.6	0.6
8853662005102	Exotic Foods Rice Vermicelli 250g	Exotic Food		361	7.9	79	1
8853662040066	Sauce Pour Nems	Exotic Food		270	1.3	65	0
8853662056074	Sriracha Chili Sauce Hot	Flying Goose Brand		167	1.8	34	1.7
8853662060019	Sriracha Hot Chili Blackout	Flying Goose	100	158	2.6	30	2.3
8853662060071	Sriracha black pepper sauce	Flying Goose Brand	5	120	2	26	0
8854404000225	Thai Gelbe Currypaste	Blue Elephant	15	186	4.4	15	9.8
8856884006872	Tamarin sucre	Maceo Distribution		283	2.6	64.1	0.5
8857122559532	Sauce Au Piment Doux	Desiam		191	0.4	46.9	0.1
8857122685095	Lait de coco	jardin vert		100	1	3	13
8858135003050	Coconut milk lite	Real Thai		62	0.9	1.2	5.9
8858826302110	Lait de coco	Thai food king		185	1.6	2	19
8858947470026	Eloa waters	Les Eaux d'Aloe		14	0	3.5	0
8858960300713	Desiam	Desiam		226	1.7	5.3	22
8859488111195	Protein Shake	Hooray!	340	64.7	9.1	4.4	1
8859585800152	Leche de coco	Dee Thai	80	165	0.5	2.9	17
8886467100024	Pringles Sour Cream & Onion	Pringles	25	520	5.6	61.7	27.3
8904063230096	Haldiram's 400 g	Haldiram's		457.1	20	54.3	17.1
8997240600058	Oat M*lk Chocolate	OATSIDE	200	82	1.3	12.3	3.1
0858045004299	Unsweetened Macadamia Milk	milkadamia	240	16.7	0.4	0.2	1.5
3038359002182	Penne rigate	Panzani		361	12	72	2
4800361310031	Corn flakes	Nestlé	30	377	6.5	81.4	2
5000169042946	Pure clear honey	Essentially Waitrose	15	333.3	0	86.7	0
6901668053121	Oreo original	Oreo	29.4	476.2	3.4	68	20.4
6921233902968	Grape flavor layer biscuit	Golden Fuji	30	500	6.7	66.7	23.3
8000350004491	Bocconcini Puff Pastry Filled With Milk And Chocolate	Matilde Vicenzi	8	553	5.4	58	33
8850025000903	Coconut water	Members Mark	200	43	0	5.2	0
8850030116125	Curry Paste, gelb	Lobo		308	4.9	18	22
8850030116217	Red Curry Paste	Lobo		120	3.9	18	1.1
8850030190590	Thai Tom Ka Gewürzpaste 400 g = Lobo Thailand			216	13	20	25
8850043324623	Wasabi Peanuts	Khao Shong		557	24	27	38
8850044021118	Boisson Aux Graines De Basilic	Psp		33	0	12.4	0.1
8850044021217	Boisson aux graines de basilic arôme mangue	PSP		52	0	13	0
8850086191404	Ovaltine Malt Beverage Mix	Ovaltine		406.7	6.7	70	10
8850086191435	Ovaltine	Ovaltine		182	8.4	24.9	5.2
8850096848510	อัลมอนด์ บรีซ เครื่องดื่มน้ำนมอัลมอนด์ รสจืด	Blue Diamond Almonds	180	13.9	1.1	0	1.1
8850100222138	Rice Vermicelli (0.5 mm)	Wai Wai	100	377	7.9	83	1.2
8850123111211	Royal ข้าวงอก	ฟาร์มเฮ้าส์	40	275	10	47.5	5
8850124080202	Coffee Mate Smooth Creamy 450GR	Nestlé		445	2	75.8	14.9
8850189016109	Roasted Pumpkin Kernels	Flower Food Brand	25	520	36	20	32
8850206060122	Sweet Soy Sauce	Dek Som Boon	100	296.6	1.2	72.9	0
8850250014980	Ajinomoto 250 g	Ajinomoto		0	0	0	0
8850329145751	HIGH PROTEIN	meiji	350	51.4	9.2	2.5	0.5
8850329315413	natural low fat yoghurt	meiji	135	63	3.9	7.5	1.9
8850329331338	โยเกิร์ตชนิดก้อน รสกลมกล่อม ตราเมจิบัลแกเรีย	เมจิ	110	90.9	3.6	13.6	2.3
8850329349548	ORIGINAL Flavoured Yoghurt	meiji	135	51.9	3.7	9.6	0
8850344005061	Sriracha ketchup chilli sauce			263	0	34	14
8850345911293	Rizi Rice Bran Oil  100%	Rizi		5	0	0	14
8850358371329	Whole Grain Quick Cooking Oats	McGarrett	50	420	12	70	10
8850358371343	Mcgarrett Fine Grain Instant Oats	McGarrett	50	420	12	70	10
8850367992331	Coconut Milk	Mae Ploy		189.7	1.8	3.3	17.8
8850370771459	3 in 1 Milk Tea Powder	ชาตรามือ	20	450	5	80	15
8850389103135	Mogu Mogu orange	Sappe	320	52	0.4	13	0
8850393800440	นมเปรี้ยว บีทาเก้น	บีทาเกน	300	60	2	13	0
8850581116100	Naturel Coconut Cooking Oil	Naturel		840	0	0	93.3
8850643003317	Tamarind paste	Por Kwan		95	1	23	0
8850643056818	Chicken broth Mix	Lee		108	4.6	5.6	7.3
8850718822447	Lay's Rock Potato Chips Larb Tod Flavor	Lay's	44	568.2	6.8	52.3	36.4
8850781700055	Lait de coco	Thai heritage	80	165	1.5	1.9	16.8
8850813102000	Chaokoh Coconu cream	Chaokoh	80	225	2.5	2.5	22.5
8850987123528	Cup Oriental Style Instant Noodles Shrimp Tom Yum Flavour	Mama	375	85	1.7	11.8	3.4
8850987131264	Potage de nouilles instantanées épicée forte - 90 g - Mama	Mama		75	1.5	11	2.8
8850987141508	Mama Soupe Boeuf	Mama	410	69	1.9	9.5	2.6
8850987145704	Whole Wheat Noodle Vegetable Flavour	Mama		68.3	1.7	9.3	2.7
8850987201059	Soupes vermicelles de riz MAMA au porc	MAMA		360	7.1	70	5.5
8851011322184	Coconut cream	Twin Elephants		196	1.2	0.9	20.9
8851013744496	Tipco          Broccoli & mixed fruit  juice	Tipco		30	0	14	0
8851013764494	100% Coconut Water	Tipco		23	0.2	5.6	0
8851013767495	Pomegranate mixed fruit juice	Tipco		32	0.2	8	0
8851013788490	Aloe Vera Juice	Tipco	200	35	0	9	0
8851013791490	Orange Shogun Juice	Tipco	200	45	0	10	0
8851019500164	Glico Pocky Green Tea Matcha Flavour	Glico	35	500	7.7	68.3	22
8851028001614	Vitamilk Energy (300 ML)			72	2.8	8	3.2
8851123212021	M-150 Energy Drink 150 ML. Pack 10	M-150	150	30	0	6.7	0
8851351384323	Crab Stick and Wakame Seaweed Salad	EZYFRESH	130	69	2.3	12.3	1.5
8851351387386	สลัดแซลม่อนย่าง	EZYFRESH	140	85.7	4.3	6.4	4.3
8851351387935	Jasmine Red Cargo Rice with Stir-Fried Basil Chicken Breast	EZYGO	270	170.4	10.4	24.4	3.3
8851613005027	Sriracha hot chilli sauce	Royal Thai		95	1.3	18	1.7
8851639002055	Yamamori roast sesame dressing	Yamamori	100	432.1	4.5	16	39
8851717020087	Original Yogurt	Dutchie	135	88.9	3.7	14.1	2.6
8851717904967	Delight	Dutch Mill	100	79	1.6	17.8	0
8851717907333	ดัชชี่ แมคคาเดเมีย	dutchie	135	74.1	3.7	14.1	0
8851876201754	Instant Nudeln Chicken Flavour	Majs	100	350	5.7	70	5.1
8851954109507	Würzsauce mit Sojageschmack	Golden Mountain	100	80	10.2	10	0
8851959132364	Sprite	Sprite	325	18.5	0	4.9	0
8852018900184	Brown rice noodles chicken flavor	Yum Yum		68	1.2	13	1
8852021009775	Galija	Galija	105	170	26	0	7
8852022032604	ssing Kewpie Dressing Xevy KEWPIE Japanese Dressin	KEWPIE	29	410	3.1	17.6	36.7
8852023665399	Koh Kae, Peanuts Chicken Flavour Coated	Koh kae		509	20.9	42.3	25.8
8852044650367	Taro Fish Snack Barbecue Flavor	Taro seafood snack		313	23	54	0.5
8852044651661	Taro Fish Snack Hot Chilli Flavour	Taro	52	310	23	52	0.5
8852646014352	Tamarindenpaste Thai Dancer Thailand	Food Specialize Co.		93	1	21	0
8852646233005	sweet chili sauce	Thai dancer		234	0	57	0
8852646284540	Pâte de Tamarin Concentrée	Thaï Dancer		84	1	19	0
8852756304145	Honey Crunch Corn Flakes	Kellogg's	30	120	6	83.5	5
8852756707045	Froot Loops	Kellogg's	27	390	5	88	2
8853002305367	DNA Black Soymilk	ดีน่า	230	65.2	5.7	7	1.7
8853095000743	Hot Chili Sauce - Sriracha	Nang Fah	100	104	1.5	22.9	0.7
8853095002181	Hot Chili Sauce	Mont Asie		130	1.2	29	0.6
8853333018622	Coco	Malee		21	0	5.1	0
8853333026856	Coconut water	Malee Coco	200	20	0	5	0
8853662001364	Gelbe Currypaste	Exotic Food		47	2.2	4.7	1.4
8853662003047	Exotic Food Süß saure Sauce	Exotic food		183	0.8	44	0.2
8853662003122	Süße Chilisauce	Exotic Food	730	229	0	55	0.2
8853662040271	Sesamöl	Asia		816	0	0	90.7
8853662040851	Exotic Foods Sriracha Hot Chilli Sauce Super Hot	Exotic food		178	2.2	35.2	2
8853662056715	Sriracha Hot Chilli Sauce	Flying Goose Brand		157	1.5	33	1.2
8853662057897	Sriracha Mayo Sauce	Flying Goose Brand		281	0.9	26	19
8853662057941	Sriracha à la moutarde			157	2.4	30	2
8853662057972	Hoisin Sauce	Flying Goose Brand		188	1.7	43	2.3
8853662060286	Sriracha Sauce, Extra Hot	Flying Goose		133	3	26	1
8854404000928	Pâte de soupe Tom Yam	Blue Elephant	15	268	1.7	23.2	17.6
8854404002571	SAUCE CACAHUÈTES	BLUE ELEPHANT Royal Thai Cuisi	50	232	4.6	15.2	16
8854404007460	Thai Coconut Milk	blue Elephant	250	176	1.6	2.2	18
8854698006347	Black Tea Lemon Ice Tea	Oishi	250	18	0	4.4	0
8854761951383	Almond Milk Original	137 degrees	180	22.2	0.6	1.7	2.5
8857101221276	Dee Thai Sauce Sriracha (grand Modèle)	Dee Thai		103	0.8	22	0.7
8857118730129	fish sauce	Megachef		68	14	3.4	0
8857121197025	Tamarin Sucré 450G	Natcha		290	3	70	0
8857122559556	Sauce thaïe Cacahuète noix de coco imp	Desiam		227	5.6	14.2	16.4
8857122559792	Sauce De Soja	deSIAM		47	6.7	4.4	0.3
8857124188143	ธัญพืชอัดแท่ง รสสตอเบอร์รี่ โยเกิร์ต	Grainey	20	400	5	90	0
8857124981331	Thai Tea	Tiger	250	44	2	9.2	0
8858135040079	Erdnuss Satay Sauce	Feinkost DIttman		378	5.3	19	31
8858652600435	Bonbon tamarin original			400	0	29	0
8858702421645	Seaweed Snack	Tao Jae noi	16	668.8	15	3.8	64.4
8858702421737	Taokaenoi Crispy Seaweed - Tom Yom Goong Flavour			729	13	13.8	61.9
8858768008903	Lait de coco	Lotus Rouge		56	0.5	1.1	5.5
8858826302196	Rote Currypaste	COCK		122	3.9	10	5.4
8858826308976	Tapioca	Cock Brand		110	0	27	0.9
8858947400207	Boisson à l'aloe vera saveur litchi	Aloe Drink For Life	500	21	0.6	4.6	0
8858947401303	Aloe Vera Lemon	Green beverages	350	28	0.2	6.6	0
8858947450288	Aloe vera drink, saveur litchi	ELOA		23	0	5.6	0
8858984830326	Kitchen Joy 350g	Kitchen Joy	350	152	6.1	21	4.6
8858984838049	Thai Red Chicken	Kitchen Joy	350	135.4	5.7	20.9	3.1
8859225000058	Honey Sun Foreat For Cooking Ready To Eat Tube 130 X 1 PCS	Sun Forest	100	90	0	23	0
8859577501142	น้ำขิงสกัด	คิวมินซี	15	40.1	0.9	6.2	0.9
8888196173324	Green Tea Jasmine	Pokka	250	24	0	6	0
8997240600430	Chocolate Oat Milk 200ml	Oatside	200	82	1.3	12.3	3.1
9300601395583	Wheat biscuits	Coles	31	350	12.8	65.4	1.3
9555022306698	Ghost Pepper Spicy Chicken (Dry Black Noodles)	Mamee	80	420	8.8	63.2	14.7
9556001198839	Kit Kat Chunky 36g	Nestle	12	526.3	8.4	56.5	29
0031146155736	Chapaghetti Jjajang Noodles	Nongshim	127	433.1	7.8	69.3	14.3
0031146270606	SHIN Spicy Noodle Soup	Nongshim	75	440	5.1	62.4	13
00672580	Scottish All Butter Shortbread Assortment	Marks & Spencer	18.8	522	5.9	57.5	29.2
0074880030730	S&B Golden curry extra hot	S&B	18	500	5.6	55.6	25
4903379084007	Royce' Potatochip Chocolate Original	Royce	28	607.1	3.6	50	42.9
6922877791734	Creamy Peanut Butter	Skippy	15	600	20	26.7	46.7
6942836703820	Hershey's Cookies'n'cream Weiße Schokolade Mit Keksstückchen	Hershey's	40	209	3.6	23.7	11.1
8691216018891	Goldbears	Haribo	30	336.7	6.7	76.7	0
8850025071026	Velvet coconut milk	UFC	200	22.5	0	2.5	1.2
8850030116163	Green curry paste	Globo Foods Limited		55	2	9	1
8850030116569	Würzpaste mit Basilikum	Lobo	12	141.7	3.3	15	7.5
8850044022719	Boisson aux graines de basilic arôme grenade	Psp		33	0	12.4	0.1
8850044022818	Boisson Aux Graines De Basilic Aromes Passion	PSP		33	0	12.4	0.1
8850058004701	Sauce Piment Poulet	Pantai		190	0	46.3	0
8850069011019	เกลือบริโภค เสริมไอโอดีน	Prung Thip		0	0	0	0
8850086191237	Ovomaltine	Ovaltine	100	398	7.1	73.4	15.5
8850096750042	Noix de cajou	Sunkist	30	600	20	30	43.3
8850100003560	SERDA CLEAR SOUP RICE noodle	Waiwai		466	8.1	61.2	20.2
8850100005502	Cup Nouilles instantanées saveur poulet	Wai Wai		84	1.9	12	3.3
8850100206022	RICE VERMICELLI	WAI WAI	50	382	7	82	0.5
8850124074553	Coffee Mate	Nestlé		548	1.2	57.1	34.9
8850157102674	L-carnitine	Jele Beautie		70	0	17.5	0
8850157553780	เมจิกฟาร์ม เฟรช 215 ml	เมจิกฟาร์ม เฟรช	215	16.3	0.5	3.7	0
8850161230073	COCONUT MILK		80	206.2	0.6	3.6	21.2
8850187006676	Thai jasmine rice snack sour cream & cheddar cheese	Ri-O	27	495	6.1	64	24
8850187400030	Royal Umbrella Thai Jasmine Rice	Royal Umbrella	100	350	6.7	79	0.7
8850206061044	Black Soy Sauce	Healthy boy brand	100	268	4.7	60	0.9
8850206071470	Black Sweet Soy Sauce	Healthy boy brand		252	2	60	0.6
8850206117512	Brand Thick Oyster Sauce	Healthy boy brand	15	102	0	25	0
8850229101970	Sandwich Tuna Flakes In Spring Water	นอติลุส	55	90.9	23.6	0	0
8850250012672	Birdy Black Zero	เบอร์ดี้	180	5.6	0	1.1	0
8850291100468	Broad bean	Tong Garden	30	566.7	20	43.3	33.3
8850291320804	Salted board beans	ทองการ์เด้น	40	525	22.5	42.5	27.5
8850329104802	RAY	Meji	200	70	3.5	5.5	4
8850329145966	High Protein Banana Flavor	meiji	350	176	31.2	8.1	2.1
8850329145980	HIGH PROTEIN Green Tea Flavour	meiji CP-meiji	350	47.1	8.6	2.3	0.4
8850329315116	Low Fat Yoghurt with Strawberry	เมจิ	135	82.2	3.1	13.8	1.6
8850329331116	Bulgaria: Original Yogurt	meiji	110	63.6	3.6	5.5	2.3
8850332251142	imperial 500 g	imperial	34	529.4	5.9	64.7	26.5
8850341400050	Billes De Tapioca Grosses 400GR Jade Leaf	Jade leaf		350	0	88	0
8850343000166	ไฮนซ์ ซอสมะเขือเทศ	Heinz	15	133.3	0	33.3	0
8850344000424	Suree	Suree		113	1	27	0
8850344004699	Sriracha hot Chili sauce			103	0.8	22	0.7
8850344005078	Sriracha Ketchup	Crying Tiger		154	0	38	0
8850367200191	Gele Nata De Coco	Chaokoh		111	0	28	0
8850367302017	Lait De Coco	Mae Ploy	1000	175	2.1	2.2	17.5
8850367990924	Coconut Milk	Mae Ploy	80	165.8	2	1.2	17
8850367991914	100% Virgin Coconut Oil	Chaokoh	14	799	0	0	89
8850367992140	100% Reines Kokoswasser - 330ML - Chaokoh coconut	Chaokoh		20	0.1	4.9	0
8850370481129	ชาตรามือ 200g	ชาตรามือ	286	0	0	0.3	0
8850389103296	Mogu mogu	Mogu mogu		36	0	8.9	0
8850389103319	Mogu Mogu Pineapple 320 ML Sappe	Mogu mogu		37	0	9	0
8850389109779	Mango flavored drink	Mogu mogu		53	0	13	0
8850389112144	mogu mogu Lychee	Mogu mogu		35	0	8.7	0
8850389115237	Mogu mogu grapefruit	Mogu mogu		48	0	12	0
8850389115657	MOGU MOGU Strawberry Macaron	Mogu mogu		26	0	6.5	0
8850389116913	Mogu mogu	Mogu mogu	350	49	0	12	0.9
8850389116944	Mango Flavoured Drink with Nata de Coco	Mogu Mogu		36.6	0	8.9	0
8850393800587	นมเปรี้ยวสูตรนมพร่องมันเนย	บีทาเก้น	150	66.7	1.3	16	0
8850393802154	original 10g protein live probiotic	เบตาเก้น	200	50	5.5	5.5	0.8
8850412370800	Tom Yum Flavour Instant Noodles	FF		434	10	58	10
8850521111127	Vermicelle Riz 400G 1 MM Oriental	Oriental Food	400	347	7.1	77	0.9
8850545211223	FischSauce De Poisson	Tiparos		98	15	9	0
8850620888074	Sauce Poisson Squid	Squid	15	10	2	1	0
8850624708316	Kato Mango	KATO	320	18.8	0	4.4	0
8850624756355	Kato Watermelon Juice With Nata De Coco	KATO		70	0	15	1
8850624756478	Jus de melon avec nata de coco	Kato		25	0	6.1	0.1
8850643003478	Sauce Pad Thai Por Kwan	Por kwan	100	222	3.6	44	3.5
8850643057310	Lee (S) Wonton Mix 24	Lee kum kee		155	6.4	18	6.3
8850643064844	Sucre De Coco 400G	Por kwan	100	314	1	78	1
8850643066756	Assaisonnement Rôti Porc Chinois 100G	Por kwan		308	4.5	71	0.8
8850653210828	Grilled Chicken And Thai Spicy Sauce With Sticky Rice	Ezygo	210	195.2	11	26.2	5.2
8850718804764	ตะวันรสหมึกสามรส	ตะวัน	30	500	3.3	70	23.3
8850718805037	ขนมอบกรอบผสมมอลต์สอดไส้ดาร์คช็อกโกแลต	ทวิสตี้	30	466.7	6.7	73.3	15
8850781700116	Pâte De Curry Vert	Thai Heritage		42	1.6	4.6	0.4
8850781701021	Sweet Chili Sauce	Thai heritage		213	0	53.2	0
8850781701342	Thai Heritage Sriracha Hotchilli Sauce 2yrs prod	Eric Bur		88	1.4	16.4	1.9
8850781701403	Sauce Aromatisé Huitre 250gr	Thai heritage	15	159	2.1	38	0
8850813300031	100% Pure Coconut Water Natural Hydration	King Island	375	16	0	4.3	0
8850813700206	Job's Tears Cereal Drink (Boisson aux larmes de Job)	Pro-fit	250	42	0.4	7.8	1
8850952419700	ดีโด้มิกกุ รสองุ่น	ดีโด้	112.5	88.9	0.9	19.6	0.9
8850987101076	Oriental style instant noodles, artificial pork flavour	MAMA	60	466.7	8.3	61.7	20
8850987101472	บะหมี่กึ่งสำเร็จรูป รสหมูสับ	มาม่า	60	466.7	10	61.7	18.3
8850987123641	Mama Pa-Lo Duck Flavour	Mama	405	62	1.2	8.4	2.6
8850987150432	Oriental kitchen			193	3.6	27.2	7.8
8850987150586	Oritental style instant noodles kim chi flavor	Mama		75	1.5	11	2.8
8850999220000	Soda water	Singha		0	0	0	0
8851004803201	Japanese Rice Cracker Sweet Chili Flavored	Doso	32	468.8	6.2	75	15.6
8851011216469	Bambusspross. (streifen)i. wasser 540G			13.6	0.9	1.8	0
8851011322160	Coconut cream			198	1	2.1	20.6
8851013768492	Mixed Fruit Juice Cranberry	Tipco		35	0	18	0
8851019001722	Pocky Milk Flv	Glico	40	475	7.5	67.5	20
8851019010205	Glico Pocky Fruity Fraise	Glico	35	506	6	69	23
8851019010274	Pocky Stick - Choco Banana 25G	AsRopa	25	480	8	68	20
8851019030968	PREZ CORN	กูลิโกะ	24	458.3	8.3	70.8	16.7
8851019110110	Pocky	Pocky	47	476.6	8.5	70.2	18.1
8851019210292	Pocky	Pocky		500	7.5	67.5	25
8851019500195	Pocky Cookies & Cream Flavour	Glico	40	501.9	7.2	67	22.8
8851028002192	V-Soy multigrain 19pcs			67	2.4	8.2	2.8
8851028004042	Vitamilk champ banana			60	2.6	7.4	2.2
8851123229883	Energy Drink Shark	SHARK		63	0.4	15.3	0
8851351386853	Shrimp And Kale Fried Rice	Ezygo	220	200	5.5	25.9	8.2
8851351622128	ezybake 85 g	ezybake	85	317.6	11.8	29.4	16.5
8851613003801	Udon Noodles	Orient Gourmet		137	4.9	28	0.5
8851613005041	Sriracha hot chili sauce	ROYAL THAI		95	1.3	18	1.7
8851717040016	dutch mill (p) starwberry 180ml	Dutch Mill	180	66.7	1.7	13.3	0.8
8851717900884	Fat Free Yogurt with Nata de Coco	Dutchie	135	88	4.4	11.9	0
8851717900907	STAWBERRY YOGURT	DUTCHIE	135	66.7	3	14.1	0
8851717907081	ดัชชี่กรีกโยเกิร์ต	Dutchie	120	91.7	7.5	10.8	2.1
8851717910203	High Protein Strawberry Yogurt	Dutchie	135	103.7	7.4	14.1	1.9
8851717911064	DUO PROTEIN รสชาไทย	Proten	350	54.3	10	2.6	0.6
8851876001309	Pho Bo Rice Noodles With Artificial Beef Flavour	Mama	65	362	7.9	69	5.6
8851876210244	Rice pasta Penne Rigate			352	7.6	80	0
8851959132074	Coca Cola Zero	โค้ก	325	0	0	0	0
8851993616011	Chang lager, 4,8%	Chang	620	40	1	3	0
8852008304947	Koala's march vnl	Lotte		523	3.3	61	29
8852018201052	Nouilles asiatiques	Yum Yum	330	100	1.9	13.3	4.1
8852018250012	Yumyum Au Curry Vert	YumYum		80	1	9.5	4.1
8852018701057	Wok Noodles	Yumyum		476.8	8	65.6	19.8
8852018800101	Nouilles			464	8.7	60	20.4
8852018800194	Chicken curry	Yum Yum		79	1.9	10.9	2.9
8852023664224	โก๋แก่ รสกะทิ	Koh Kae	30	555	17.7	41.8	33.6
8852023664675	Salted & Roasted Cashew Nuts	Koh-Kae Plus	30	600	20	26.7	46.7
8852023668543	Roasted almonds		30	633.3	26.7	16.7	50
8852023672359	Peanuts coconut			555	18	42	34
8852044110281	Fish Snack Spicy Flavored	ทาโร่	15	333.3	26.7	60	0
8852045203722	Foodex Sriracha Hot Chili Sauce 435ML	FOODEX		100	0	21	0
8852052110709	Hanami prawn cracker 100g	Hanami		498	6.7	64.8	21.9
8852114531619	Coconut Cream Powder Kokosnussmilchpulver Lait de Coco en Poudre	Chaokoh		600	2.6	50	43
8852523206184	Thaisuppe, Curry Huhn	Thai Chef	64	470	9.6	57	22
8852523206443	Instant Nudelsuppe Typ Rind	Thai Chef	62	437	8.5	56.1	19.5
8852523206955	hot & spicy nudeln	Thai Chef	60.8	408	8.8	56	16
8852646053009	Reisessig	Thai Dancer		0	0	0	0
8852646093005	Sauce Piment Scriracha 300ml Thai Dancer	Thai dancer		93	75	21	0.8
8852646102004	Sweet chili sauce	Thaï DancerDancer		222	0	55.6	0
8852646143007	Thai Ginger sauce	Thai dancer		110	3.5	20	1.5
8852646284007	Rice Stick M (reisbandnudeln) 400G Thai Dancer	Thai Dancer		354	6.7	78	1.1
8852756303049	Kellogs Froot Loops 160g E-1B	Kellogg's	30	402	5.4	88	4
8852756303070	Coco Pops	Kellogg's		113	1.5	26.1	0.6
8852756303230	Müeslix	Kellogg's		361	6.8	30	1.4
8852966001711	Wrap'N Roll Fried Chicken	แร็พ เอ็น โรล	80	325	8.8	33.8	16.2
8853002317971	แดรี่ พลัส 165	แดรี่ พลัส	165	54.5	1.8	9.1	1.2
8853085000456	Coconut Milk			74	0.5	3.9	6.5
8853095001498	Sauce de piments pour volailles	Mont Asie		145	0.5	36	0
8853096009912	Pâtes de Riz	Mont Asie		356	7	80.3	0.8
8853333026924	100% Coconut Water	Malee coco	350	17.1	0	4	0
8853662001081	Tom Kha Paste	Ecotic Food		179	2.8	22	7.8
8853662001104	Satay	Exotic Food		312	7.1	20.2	21.8
8853662002002	Kokosnussmilch	VATAN ENGROS AS	100	203	1	3.3	18
8853662002125	Kokoscreme	Exotic Food		209	1.1	3.9	21
8853662004068	Fischsauce	Exotic Food	100	91	13	10	0.5
8853662005058	Reispapier	Exotic Food		334	0.9	81.4	0.2
8853662023014	Green curry paste imp	Thai Pride		189	3.8	1.1	17
8853662040202	AUTHENTIC THAI Red Salad Dressing	Exotic food		216	0.8	53	0.1
8853662056098	Sriracha scharfe Chilisauce mit extra Knoblauch	Exotic Food PCL.		155	2.2	33	0.7
8853662056982	Sriracha hot chili sauce			154	2.5	33	0.4
8853662057071	SRIRACHA WASABI SAUCE			139	2.2	28	1.5
8853662060026	Siracha Hot Chili Blackout Sauce	Flying Goose Brand		158	2.6	30	2.3
8853662060170	Spicy sriracha mayo sauce	Flying Goose Brand		243	1	25	15
8853969006185	Riz gluant Sanpatong	Aroy-D		355	6.4	80	1
8853969006642	Thajská hnědá rýže	Royal Thai		358	7.1	74	3.3
8854106111861	Hot Chili Sauce			79	0	20	0
8854241009115	WJ frozen cooked tofu fish	Fresh Asia		199	7.9	21	9.3
8854404000720	Blue Elephant Sauce Soja Thai 200ML	Blue Elephant	15	46.8	7.1	4.6	0
8854404004964	Thai Rote Currypaste	Blue Elephant	15	200	4.7	16	11.3
8854404005213	Blue Elephant Sauce De Curry Jaune 300G	Blue Elephant		187	2.4	7.8	15.8
8854404005237	Curry vert thaï	Blue Elephant		142	2.5	7.5	10.7
8854698005043	Green Tea Honey Lemon	OISHI	250	32	0	7.6	0
8854698018265	Green Tea	Oishi	200	0	0	0	0
8854761002825	Protein Oat-Drink Caramel Malty	กู๊ดเมท	330	45.5	7.9	2.4	0.6
8854761951406	Almond milk original unsweetened	137 degrees	180	33.3	1.1	1.1	2.8
8855702001761	THAI CUBE Red Curry Chicken with Jasmine Rice	Kitchen Joy	350	137	5.7	21	3.2
8855790000028	Carabao	Carabao Tawadang Co.	250	72	0.4	17.2	0
8856082003505	4900115 เอนเนอร์จี้	Speedy	50	60	0	14	0
8856884000955	Sweet Tamarind			314	2.9	75.6	0
8857056004627	Chicken Flavoured Instant Noodles	Picnic	70	361.4	10	50	12.9
8857099004509	Vera Drink Mango FLVR 500ML	AgroSnack	100	33	0	8	0
8857101220569	Lait de coco	Dee Thai		172	0.8	3.3	17
8857118730853	Sauce huitre	megachef	32.8	113	2.7	25	0
8857122511714	Edamame	7-11	60	133.3	10	13.3	3.3
8858011802166	Heat & Eat Steamed Basmati Rice	Kitchen 88	150	140	3.3	28	1.7
8858135000059	Kokosmilch	Real Thai		185	1.6	2	18.5
8858135001391	Gelbe Curry Paste	Real Thai		134	3.8	18	4.2
8858135010027	Green Curry Paste	Real Thai		140	3.2	16	6.3
8858135012052	Curry Paste	Real Thai		146	4.8	9	9
8858135040116	Fischsauce	Real Thai		52	7.9	5	0
8858135052065	Vermicelles de riz	Real Thai	50	371	7.4	82	1.2
8858306004657	Rice berry	Golden Phoenix	100	348	13	64	3
8858358008269	Broccoli chips			110	3	5	8
8858463003449	Lomitos de Atún en Aceite	Líder	104	157.7	22.1	0.3	7.6
8858639000012	30 Gyozas Poulet Et Legumes	Ajinomoto		152	7.1	16	6.3
8858639000456	Ajinomoto ?30	Ajinomoto		152	7.1	16	6.3
8858639000807	Yakitori Brochettes Poulet	Ajinomoto	100	178	15.4	9.6	8.7
8858679646041	Buono Mochi Ice Dessert Green Tea	Buono	26	229	0	37	8.7
8858679646065	Mochi Ice-Assorted (Mango, Vanilla, Strawberry, Chocolate, Green Tea, Black Sesame)	Buono	26	221	0	40	6.6
8858684517503	Thai Cube - Korean Chicken with Jasmine Rice	Kitchen Joy	350	122	6.4	21	1.2
8858702401265	Tempura Seaweed Original flavour	Hi tempura	40	550	10	55	32.5
8858702401272	Tempura Seaweed Spicy Flavor	Taokanoi	40	519	11.1	55.4	28.1
8858702411806	Taokaenoi Crispy Seaweed (japanese Sauce Flavour)		32	230	4	5	21
8858702421706	Crispy Seaweed wasabi flavour	Tao Kae Noi		709	13.3	15.5	66
8858702421966	Varech Croquant Taokaenoi	Taokaeni		790	14	16	66
8858826300017	Asia Soße	Cock		211	0	52	0.4
8858883200565	100% pure coconut oil	The Elements		826	0	0	100
8858894100038	CUBIC Flax Seed & Oat Wheat Loaf	CUBIC	40	275	12.5	47.5	5
8858947450059	Boisson A L'aloé Vera	GREEN BEVERAGES		24	0	5.2	0
8858947450158	Nature aloe drink	Aloe drink for life		24	0	5.9	0
8858947450561	Aloe Vera Citron fleure de sureau			23	0	5.6	0
8858951901318	Ananas en tranches	Golden Land	125	62	0	15.5	0
8858960303219	Brown rice vermicelli			376	7.6	83	1.3
8858984830524	Thai Cube - Red Curry Vegetable	Kitchen Joy Green Cube	350	130	2.1	22	3.4
8858984830951	Thai cube	Kitchen Joy	100	154	6.7	15	7.1
8858998581177	เป๊ปซี่ ไม่มีน้ำตาล	Pepsi	200	0	0	0	0
8858998587025	Lemon Lime	Gatorade	200	25	0	6.5	0
8859015704340	Probiotic water	Vitaday	240	30	0	8	0
8859114905624	Granola Prex Crunchy Red Velvet Flavour	Diamond Grains	35	400	5.7	60	11.4
8859394400147	GRANOLA Trail Mixes	DAILY ME	35	457.1	14.3	57.1	25.7
8859473101064	High Protein Complete Plant Protein	Tofusan	350	48.6	7.7	2	1
8859488111096	Pasteurized Milk Product Lactose Free Formula	Hooray! Brand	340	65	9.7	4.4	0.9
8859488112161	Protein Yoghurt Greek Style	HooRay!	230	52.2	5.2	5.7	0.9
8859488112178	Protein Yoghurt Greek Style Strawberry	HooRay!	230	52.2	5.2	6.1	0.9
8859577502118	Protein Smoothie	QminC	250	84	9.6	9.6	0.6
8859585800251	Sauce piment sriracha			103	0.8	22	0.7
8859585800268	Sauce de soja supérieure			47	6.7	4.4	0.5
8859585800329	Huile de sésame			900	0	0	100
8859585800916	Rice vermicelli Bun (MIÊN)	DEE THAI		385.3	7.6	84	1.2
8859745200150	Muek Groob Brand 28475	Muek Groob Brand	50	84	0	16	3
8886001012295	Biscuits cookies	Danisa	30	500	6.7	66.7	23.3
8888077101101	Yan Yan Chocolate Flavour	meiji	50	543	7.8	57.8	31.2
8888247134151	Wholemeal Banana Walnut Loaf	Gardenia	40	270	13.9	43.8	4.3
8991001400284	COCOA POWDER (VAN HOUTEN (R))	VAN HOUTEN	11.4	500	17.5	43.9	21.9
8992760211036	Ritz Crackers Box	Ritz	30	475	7.7	65.5	20.2
8996001311455	Malkist (ต้มยำกุ้ง)​	มายอรา	31	483.9	9.7	67.7	19.4
8996001312179	มอลคิสท์ แครกเกอร์สอดไส้ช็อคโกแลต	Malkist	36	500	8.3	63.9	22.2
8996001331156	Kopiko Coffee Sugar Free 75g	Kopiko	75	300	0.9	87.6	9.5
8996001603437	Torabika Champion	ENERGEN Champion	30	433.3	6.7	80	11.7
9003903496483	Greisinger	Greisinger	360	287	15	0.5	25
9100000829968	Feine Butter-waffeln	SPAR	100	497	6.9	67	22
9300658404931	Petit miam starwberry yogurt	Yoplait	70	72	3.3	9.3	2.3
9556001027252	Kit Kat Wafer Chocolate Flavour	Nestlé	17	523.5	8.8	57.1	28.2
9556001227539	Kitkat Green Tea	Nestlé	35	526	6.2	54.7	31.4
0014100082033	Captiva; Dark Chocolate	Pepperridge Farm	31	419.4	3.2	67.7	16.1
00166782	Iced Party Rings	M&S	6	27	0.3	4.9	0.7
00379724	Dark Chocolate, Lemon & Lime Jaffa Cakes	Marks & Spencer	11.4	404	3.3	67.1	12.6
00452991	cheddar cheese crispies	MARKS & SPENCER	29	359.5	10.6	41.2	15.9
0051000069597	CHICKEN BROCCOLI CHEESE WITH POTATO	Campbell's Chunky	480	89.6	2.9	7.5	5.4
0070617006283	Multigrain Puffins Cereal	Barbaras	40	325	7.5	82.5	1.2
0737483778088	Rice Paper	Three Ladies Brand	68	352.9	1.5	83.8	0
2000000126002	ยาคูลท์	Yakult	80	87.5	1.2	20	0
20000073	ชูครีมวนิลา	GRILL Party	50	103	18.6	0.8	2.7
3222474497064	Le subtil viande 100% jambon	Casino	30	220	42	1.9	4.9
4901002869885	まぜるだけのスパゲッティソース 生風味からし明太子	S&B Foods Inc.	26.7	385.8	13.5	6.4	34.1
5400265039701	Choc et plus	Hamlet		507	5.8	49	30
5900020027948	Koko Krunch	Nestlé	25	372.8	7.7	54	14
6291100213108	Date Crown Fard Premium Emirates Dates (1KG)	Date Crown	40	331	2.8	80	0.4
6942836701062	เฮอร์ชี่ส์ ดาร์กช็อกโกแลต	เฮอร์ชี่ส์	40	575	7.5	55	35
7610827791284	Prussiens	Coop	25	497	7	67	22
7612100062845	CHOCOLATE MALT FLAVOURED COOKIES	Ovaltine	30	500	6.7	63.3	26.7
7612100064276	Ovalteenies	Ovalteen		404	7	80	6
7613035887466	ฟิตเนสส์ กราโนล่า	Nestle	45	422.2	9.6	62.7	14.9
7622210515278	mini oreo	Oreo	20.4	490.2	4.9	68.6	22.1
7622210718358	Cheese Cream Sandwich	Ritz	27	507	6.9	56.3	28.3
7630486404936	72% Cocoa Dark Chocolate No Added Sugar	Whole Earth	25	600	8	44	44
8000350001124	Millefoglie d'italia minisnack nocciola	Matilde Vicenzi	31	550	0.8	55	33
8000500010709	Ferrero roche T3	Ferrero	38	605.3	7.9	47.4	42.1
8008245004229	Choco like		20	545	4	64	29.5
8410128113148	Pascual Black Cherries Creamy Yoghurt 125G X	Pascual	125	135	3.2	17	6
8410376044706	Biscuit with filling / Galleta Rellena de Crema	Gullón	44	444	8	63	16
8691216042056	Haribo	Haribo		336	7.1	75.2	0.1
8710502447006	creamy	ROYAL MERBA	20	525	5	59.5	29
8801073311183	Extreme Buldak ZZALDDUK	Samyang		500	6.7	66.7	23.3
8801085020301	อูด้ง	BON GO JANG	200	140	3.5	29	1
8801117339708	Orion Dark Grape Gummi 66G	오리온	66	336.4	7.6	71.2	2.4
8850004099065	Orange drink			17	1	4.3	0
8850025000514	Bulk Deal 12 X Ufc Coconut Water With Thai Lime	Home Soya		24	0.1	5	0.1
8850025000538	coconut water with watermelon 500 ML	Ufc		23	0	5.7	0
8850030003074	Lobo Pad Thai Sauce	Lobo	100	319	7.6	36	15
8850030005122	Instant Aka Miso Soup	Globo foods Ltd.	10	303	11.9	50.6	5.2
8850030031848	TOM KA cooking kit	lobo	100	142	1.7	7.1	11
8850030111762	Laab-Namtok Seasoning Mix	Lobo	35	233	9.1	47	0.8
8850030111922	Assaisonnement Cinq épices Pae Lo	Lobo	65	363	6.3	79.8	2.1
8850030112011	Assaisonnement Satay	Lobo	25	392	9.2	68	10
8850030112172	Satay Sauce Mix | Sate Sauce Mix Lobo Thailand	Lobo		447	11.3	62.1	17.7
8850030116378	Pate D Epice Curry Masman Lobo	Lobo		110	4	17	2
8850030163167	Sauce Pad Thai Lobo	Lobo		213	1.4	44	3.4
8850030190606	Tom Yum Paste	Lobo	30	290	3.5	28	18
8850035051001	Pigeon Brand - Pickled Mixed Vegetables	pigeon brand	20	53	1.1	11.8	0.1
8850043126470	Coconut Flavour Coated Peanuts		28	533	17	44	32
8850043324647	Khao-s Wasabi Beans	Khao Shong		446	17	78	7.5
8850043324654	Peanuts Wasabi Coated	Khao Shong		546	22	24	38
8850044021514	Boisson aux graines de basilic arôme cocktail de fruits	PSP		52	0	13	0
8850051017470	จัมโบ้บิ๊กเปาหมูุแดง	7เฟรช	120	258.3	8.3	45	5
8850051031742	Shrimp Roll With Seaweed Dimsum With Chicken And Pork	EZY Taste	88	170.5	10.2	9.1	10.2
8850058000796	Shrimp Paste / Garnelenpaste	Pantainorasingh brand		51	22	4.4	1.7
8850058004107	Pantai Spring Roll Sauce	Pantai		229	0	57	0
8850058004121	S'est Chili sauce	Pantai		190	0	46.3	0
8850058004688	Pantai Sweet Chilli Sauce For Chicken	Pantai		190	0	46.3	0
8850058005357	Sauce Pimentée  pour Nems	Pantai		261	0.5	64.9	0
8850058005838	Sweetened chili sauce	Pantai		229	0	57	0
8850058006484	Fish Sauce	Pantai		102	5.5	23	0.5
8850058008112	Pantai 114 g	Pantai		111	7.1	7.6	2.5
8850058008389	Condicionador Pantai Pimenta Sriracha	Pantai		92	0	19.2	0
8850058010382	Sauce piment vert sriracha	Pantai		92	0	19.2	0
8850096818520	Almond Breeze almond milk	Blue Diamond	180	21.9	0.3	3.8	0.7
8850097189520	Lemon Juice			0	0	0	0
8850100000248	Chicken Flavour	Wai Wai		81	2	12	2.5
8850100004833	Rice Vermicelli (bihoon)	Wai Wai	10	365	7.5	84	0.9
8850100004840	Waiwai Braune Reisnudeln	Wai wai	50	376	8	85	1.3
8850100004857	Waiwai Dehydrated Rice Noodles,400G	Wai Wai		365	7	82	0
8850100005540	Palo Duck Flavour Instant Noodles	wai wai		470	8.6	59	22
8850100101037	ไวไว บะหมี่กึ่งสำเร็จรูปรสต้มยำกุ้ง	Wai Wai	64	504.7	9.4	50	29.7
8850100101105	Soupe De Nouilles Wai Wai Nature CT	Wai wai	1000	473.3	10	63.3	20
8850112000717	Ladybird Bamboo Stick Surimi BBQ	Sun Yang Food Co.		310	16.7	59.2	0.7
8850123111105	Royal รอยัล โฮลวีต (Whole Wheat Bread)	ฟาร์มเฮ้าส์ (Farmhouse)	57	280.7	10.5	43.9	6.1
8850124019967	Coffee Mate Smooth Creamy 170GR	Nestlé		549	2.2	57.1	34.6
8850125008663	Kitkat	Kitkat	65	323.1	4.6	29.2	21.5
8850134208115	Maïs en grains			93	3.3	14	1.6
8850144213000	INSTANT JASMINE RICE PORRIDGE SHRIMP AND CRAB STICK FLAVOUR (KNORR BIG CUP JOK BRAND)	Knorr	50	360	6	37	0
8850155011060	Fried Shrimp Chips	Manora	25	560	8	52	36
8850157100526	Jele beautie	Jele Beautie		28.6	0	6.4	0
8850157400107	Sweet and Spicy	Bento	22	318.2	27.3	54.5	0
8850161161278	Cocomax mangue			33	0	8.2	0
8850161166136	Lait de coco	Ampava	80	175	1.2	2.5	18.8
8850161166204	Lait de coco	อัมพวา	80	184	1.6	1.9	19
8850161230226	Jugo de coco ligero	ampro	100	60	0.5	1.1	6
8850188420402	นมเปรี้ยวรสสตรอเบอร์รี่	โยโมส	180	88.9	1.7	16.7	1.7
8850188801560	foremost 225ml	foremost	225	66.7	3.1	11.1	1.1
8850188804301	โยเกิร์ตพร้อมดื่มไขมันต่ำ ยูเอชที รสผลไม้รวม	Foremost	170	52.9	1.8	7.6	1.5
8850206010066	Mushroom soy sauce	Yan Wal Yun Co. LTD		45	6.5	4.5	0.5
8850206011124	Healthy boy soy sauce 300ml	Healthy boy brand		43	7	4	0
8850206011131	Shoyu Sauce			60	5.7	10	0
8850206070084	Sladká sójová omáčka	Dek Som Boon		292	1.2	72.9	0
8850206070466	Healthy boy sweet soy sauce			292	1.2	72.9	0
8850206110025	Sauce Chili, Doux, 700 Millilitres	Healthy boy brand		162	1.2	40.4	0
8850206110117	Thai Sweet Chilli Sauce	DEK SOM BOON	100	162	1	40.4	0
8850206111022	Healthy boy plum sauce	Healthy boy brand		224	0	56	0
8850206160129	Pâte de soja salé			138	10.1	17.4	3.1
8850206220021	Mushroom Vegetarian Sauce	Healthy boy brand	15	111	3.4	24	0
8850206224135	Teriyaki Sauce 298G	Ltd.		126	3.5	28	0
8850206230129	Fish Sauce	Dem Som Boon	100	37	4.4	4.8	0
8850206250592	Tuong ot sriracha	Kai Brand		91	0	22	0
8850206251001	Soy Sauce	Healthy Boy	100	41	2.1	8.1	0
8850227021140	Pure Coconut Water	Thai Coco		18.7	0	4.5	0
8850228007983	Energy sparkling	Redbull		6	0.3	0	0
8850228008744	Redbull	RedBull	250	1.4	0	1.2	0
8850229101123	ทูน่าชนิดก้อนในน้ำแร่	nautilus	55	109.1	25.5	0	0
8850229102335	ปลาซาดีนในซอสมะเขือเทศ	มงกุฎทะเล	72.5	69	13.8	2.8	0.7
8850250011002	Rosdee	RosDee	100	179	17.4	24.5	1.3
8850282291519	Rice bran oil	King		824	0	0	92
8850284010514	เมล็ดฟักทอง	ตรามือ	20	400	15	20	30
8850291100437	Salted Peanuts	Tong Garden	15	0.7	26.7	20	46.7
8850291105920	Chesnuts	Tong Garden		125	3	24	1.2
8850291210464	Tong Garden Salted Cashewnuts 40Gm	Tong Garden	40	625	15	30	50
8850329047727	Bulgaria Yogurt LB81 Natural Flavour	meiji	110	63.6	3.6	4.5	3.2
8850329109272	Low Fat Yoghurt Meiji Brand	meiji	140	62.9	3.9	7.5	1.9
8850329111213	Pasteurized Lactose Free Chocolate With Dark Chocolate Flavored Milk	เมจิ	200	70	3	9	2.2
8850329213528	บัลแกเรีย โยเกิร์ตพร้อมดื่ม สูตรไขมัน 0%	Meiji	150	46.7	2.7	9.3	0
8850329213719	Drinking Yoghurt Original Flavor	เมจิ	150	80	5	9	2.5
8850329240203	Yogurt LB81	meiji Bulgaria	140	85.7	3.6	14.3	1.4
8850329315512	Low Fat Yoghurt	meiji		113	3	19.7	1.5
8850329344352	Meiji	Meji	35	228.6	17.1	0	7.1
8850329349647	โยเกิร์ต รสองุ่น เพิ่มวุ้นมะพร้าว	Meiji	135	96.3	3	15.6	2.2
8850329809837	Natural Greek Style Yoghurt	Meiji		103.1	4.8	5	7.1
8850344000608	Suree Chilli Sauce Spring Roll -	Suree		280	0	68	0.9
8850344000714	Sweet Chilli Dipping Sauce	Suree		190	0.5	45	0.6
8850344000745	Sauce piment sriracha	Suree	10	95	0.8	14.8	0.1
8850344002329	Pineapple sweet chili sause	Suree		178	0.5	43	0.5
8850344002558	200ML Sauce Aigre Douce Suree	Suree		134	1	32	0
8850344002565	Sauce Huitre	Suree		117	3.5	25.8	0
8850344003050	Lait de coco	SUREE		170	2	2.3	17
8850344003623	Extra Rich Coconut Milk	Suree		710	1.6	4.3	18
8850344005047	Sriracha			88	0	21	0
8850344005498	spiracha chilli sauce wasabi			99	0.5	24	0
8850344060244	Sambal Oelek	Suree		38	1.5	7.4	0
8850344200176	Lait de coco 17-18% MG	Suree		165	0.5	2.9	17
8850345950490	Huile De Riz	Rizi		825	0	0	92
8850367100118	Chaokoh 100% Coconut Milk, Kokos	Ampol Food Processing Ltd.	80	171	1.7	2.7	18
8850367100125	Chaokoh 100% Coconut Milk	Chaokoh	100	170	1.5	2.7	18
8850367990078	Sauce Pour Nems	Mae ploy		151	3.3	40	0
8850367990085	Nem Sauce	Mae Ploy		93	1.5	21	0
8850367991273	Mae Ploy Sweet Chilli Sauce, 285ML	Mae Ploy		217	0.9	51.4	0.9
8850367991723	Coconut Water	ChaokohTheppadungporn Coconut		20	0.1	4.8	0
8850367992775	Coconut water	Yeo's	250	16	0	4	0
8850367993444	Agua de coco 100% natural	Chaokoh		20	0	4.8	0
8850367994021	Sauce chili sans sucre	Mae Ploy		102	1.2	25.6	0
8850369010583	FITNE Herbal Infusion			91	16.3	22.8	0
8850369014345	Herbal	Fitnè		4	0	0	0
8850370071115	Green Tea	CHATRAMUE		333.3	30	66.7	0
8850370481136	Hand Thai Tea Extra Gold 2.5G. Pack			10	1	2	0
8850372000090	Glasnudeln	Pine Brand		350	0	90.6	0
8850388546711	Purple Carrot Juice	Unif Fresh Brand	180	25	0	6.1	0
8850389100677	MOGU MOGU Orangen Juice	Sappe Public Company Limited	320	50	0	13.4	0
8850389100868	Mogu Mogu pineapple	Sappe Public Company Limited	336	41	0.2	8.4	0.1
8850389103289	Mogu Mogu Lychee	Mogu Mogu		52	0	13	0
8850389106433	Mogu Mogu	Sappé		44	0	11	0
8850389106464	Mogu mogu	Mogu mogu		46	0	11	0
8850389107492	Mango drink with nata de coco	Mogu mogu		53	0	13	0
8850389107515	Lychee Flavored Drink with Nata de Coco	Mogu mogu	1000	54	0	13.6	0
8850389108659	Pineapple	Mogu mogu		56	1	14	0
8850389109755	Mogu Mogu - Lychee Flavored Drink with Nata de Coco	Mogu mogu		52	0	13	0
8850389111215	Mogu Mogu orange	Mogu mogu		48	0	12	0
8850389112113	Pink Guava Flavored Drink with Nata de Coco	Mogu mogu		49	0	12	0
8850389113271	Mogu mogu pineapple	Mogu mogu		37	0	9	0
8850389115381	Mogu mogu	Mogu mogu		42	0	10	0
8850389115404	Mogu mogu	Mogu mogu	320	50	0	12	0
8850389115688	Mogu Mogu Corosol			50	0	12	0
8850389115725	Mogu mogu	Mogu mogu		16	0	41	0
8850389115794	Sappé aloe vera drink lychee			18	0	4.3	0
8850389116364	B'LUE			45	0	11	0
8850389116975	Blackcurrant Flavored Drink with Nata de Coco	Mogu Mogu	320	50	0	12	0
8850389117002	MOGU MOGU	Mogu mogu		46	0	12	0
8850389117040	Mogu mogu	Mogu Mogu		52	0	13	0
8850389117088	Mogu Mogu	Mogu mogu		50	0	12	0
8850389118559	Boisson à l'aloès Vera	Sappé		22	0	5.4	0
8850393800556	betagen 700 ml	betagen	150	40	1.3	7.3	0
8850393802185	Yogurt Contains Protein Strawberry Flavour	เบตาเก้น	300	50	5.3	5.7	0.7
8850393919975	Probiotic Fermented Milk (Betagen Brand)	Betagen	150	100	2	22	0
8850393991841	บีทาเก้น รสสตรอว์เบอร์รี่	Betagen	85	70.6	1.2	15.3	1.8
8850393991865	บีทาเก้น รสส้ม	betagen	85	70.6	1.2	15.3	1.2
8850423000093	Hale's Blue Boy Sala flavored syrup	Hale's	50	340	0	86	0
8850424001679	Brand Cereals Breakfast	COPP	35	400	8.6	85.7	2.9
8850424002096	Sky Cereals Breakfast			342.9	5.7	85.7	2.9
8850425002910	EURO CAKE Custard	EURO CAKE	17	411.8	5.9	47.1	20.6
8850425010755	Euro Cake Durian			396.7	6.3	50.3	19
8850426000014	Euro cake	Euro	24	437.5	8.3	54.2	20.8
8850487001111	Thai chili paste			60	1	8	2.5
8850487001166	Thai Chili Paste	Mae Pranom	18	436	1.9	45	28
8850487037141	Mae Pranom Brand Dipping For Chicken 200ML	Mae Pranom	38	263.2	0.1	63.2	0.1
8850511321703	ROZA 250 g	ROZA	15	100	0	26.7	0
8850521112124	BANH PHO THU'Q'NG HANG 400 g	BANH PHO THU'Q'NG HANG		356	7	80	0.8
8850521672215	Haricot Mungo	En Chef Golden Chef	25	360	24	0	2
8850521950375	Vermicelle Riz 400G 10 MM Oriental Reisnudeln	ORIENTAL FOOD CO.		347	7	80.3	0.8
8850539240352	Red Curry Paste	Maesri	20	100	2.5	20	0
8850539240369	Panang curry paste	Maesri		125	5	25	0
8850539240444	Masaman Curry Paste	Maesri	100	262	2.6	27	14.7
8850554565140	Fried Rice with Korean Style Chicken (EZIGO Brand)	EZIGO Brand	250	184	7.2	24.8	5.6
8850554641103	Somtum thai	Thai Aree		184	1	46	0
8850581116001	Canola oil			840	0	0	93.3
8850624197196	Lychee	KATO		25	0.1	5.9	0.1
8850624230664	Kato	KATO		20.6	0	5.2	0
8850624230824	Lychee Yoghurt	คูคูรุ	280	16.1	0.4	3.6	0
8850624340998	Kato : Lychee Juice With Nata De Coco 320g	KATO	250	28	0	6.4	0
8850643000415	Préparation Soupe Canh Chua 225G			166	2.7	15	10
8850643000620	Sauce &quot;Sukiyaki&quot; vientiane	Por kwan		444	8.7	19	37
8850643002419	Pã¢te Soupe Vietnamienne227g			55.1	1.2	7.4	2
8850643002716	Préparation Soupe Poulet 225G			156	6.3	15	7.9
8850643003454	Sauce Pad Thai	Por Kwan		207	2.1	46	1.6
8850643028112	Laksa paste	Por Kwan	200	224	4.9	18	15
8850643028310	Preparation Pour Soupe Won Ton	Lee Brand		184	9.1	24	5.7
8850643056825	Lee (L) Chicken Mix 12	Lee BRAND		100	7.1	19	0.4
8850643063465	Preparation Pour Soupe Pho Boeuf	Lee Brand		177	12	25	3.2
8850643066916	Sriracha Hot Chili Sauce	Por Kwan		64	0.9	15	0
8850643066947	Pad Thai Noodles	Thai Delight		152	4.3	27	3
8850643067784	Fried Chili Paste	Por Kwan	15	533.3	6.7	13.3	53.3
8850653530254	Roasted Terriyaki Chicken	ซีพี	80	150	17.5	6.2	6.2
8850653798623	ไข่ตุ๋นคัพ ผสมหมูดำคุโรบุตะ	CP	150	53.3	4.7	2	3
8850718801121	เลย์	เลย์	30	566.7	6.7	56.7	33.3
8850718801138	Lay's Potato Chip Extra BBQ Flavor 75 G	Lay's		533.3	6.7	53.3	33.3
8850718801442	รสบาร์บีคิว	เลย์	30	533.3	6.7	53.3	33.3
8850718809011	crisps plain	Lays	30	533.3	6.7	56.7	30
8850718812974	โดริโทสกลิ่น spicy bbq	โดริโทส	30	533	6.7	60	26.7
8850718814114	Potato Chips Original	Lay's	30	533.3	6.7	56.7	30
8850718821211	Cheetos Puffs Spicy Barbecue Flavor	PepsiCo	100	566.7	3.3	60	33.3
8850718822256	Salted Egg Chips	Lay's	30	533.3	6.7	60	30
8850773510341	98% Mix berry juice			60	0	15	0
8850773550279	Dehydrated stawberry			90	25	21	0
8850781700246	Sauce pour curry à l'ananas	Thai Heritage		60	1	7.8	2.2
8850781701007	Sauce au Piment Doux	Sushi Daily		213	0	53.2	0
8850781701434	Thai Heritage Wok Sauce	thai heritage		108	0	21	2.7
8850781702301	Sos Rybny 200ML Thai	Thai Heritage		60	10.4	4.6	0
8850781702356	Dark Soy Sauce	Thai Heritage	15	71	6.8	10.8	0.1
8850781702882	Extrait De Noix De Coco	Thai Heritage	100	337.6	2.6	4.4	34.4
8850781702899	Coconut milk	Thai heritage	80	165	1.5	1.9	16.8
8850781703186	Sauce aigre douce ananas	Thai Heritage		185	0.3	42.8	1.1
8850781703452	Lait de coco	Thai heritage		165	1.5	1.9	16.8
8850781704008	Citronnelle émincée	Thai héritage	25	19.7	1	1	1
8850813300048	100% Pure Coconut Water	King Island	500	18	0	4.4	0
8850813507058	Coconut milk	Roi Thai		179	1.5	2	18
8850931041946	Rice sticks			363	7.3	85.5	0
8850952215746	Mikku			43.3	0.3	9.3	3
8850952387443	Hokkaido Milk	Hokkaido Milk	300	30	0.3	6	0.3
8850952419601	ดีโด้มิกกุ	ดีโด้	112.5	88.9	0.9	20.4	0.9
8850987101526	Oriental Style Instant Noodles Chicken Flavour, Multipack 5 x 55g	Mama	350	61	1.2	8.1	2.6
8850987122378	Instant Nudeln Shrimp Tom Yum	Mama		64	1.2	8.8	2.7
8850987123412	Cup Chicken Flavour	Mama	375	81	1.7	11.8	3
8850987123429	Bol Nouilles Mama Boeuf	MAMA	375	83	1.7	11.4	3.4
8850987128301	Mama Instant Noodle - Shrimp Creamy Tom Yum - 1 X 60G	มาม่า		490.9	0	0	0
8850987128400	Tom Yum Flavour Mama Brand	Mama	60	450	8.3	60	20
8850987141058	Soupe Cremeuse Crevettes Tomyum Mama	Mama		72	1.4	9	3.4
8850987148255	Noodles shrimp stir fried Tomyum sauce	Mama		460	9.4	65	18
8850987149108	Instant Noodles Green Curry Flavour	Mama	355	71	1.3	9.2	3.2
8850987150562	Mama Hot& Spicy	Mama	100	75	1.5	11	2.8
8850987150623	Mama shrimp creamy tom yum flavor	Mama	100	87	1.5	12	3.6
8850987151811	TüSu - Instant Nudeln - Shrimp Flavour	Mama	60	107	2	14.7	4.5
8850987201080	Bean Thread Clear Soup	Mama	40	357.9	1.2	73.2	6
8850987201301	Mama Duck Flavor Rice Vermicelli 1.94 Oz			340	6.9	73	2.3
8850999001906	Crispy Seaweed original flavour	Masita		618	19.9	23.2	49.5
8850999111001	Singha - The original Thai Beer	Singha		660.1	0	0	0
8851011113263	Rambutan In Syrup - 565 G - Dose - Twin Elephant	reagan food public company lim		83	0.3	20.3	0
8851011119258	Mango in light syrup	Twin Elephants	140	74	0.3	18	0.1
8851011120353	PAPAYE AU SIROP	Twin Elephants		76	0.4	18.3	0
8851011222262	Banana Blossom	Elephants		11	0.8	0.7	0
8851011223252	Pousses de haricots mungo	PSP		10	0.9	0.8	0
8851011322481	Lait de coco	Twin Elephants		84	0.9	1.5	8.3
8851013737986	ออเร้นจ์ มิกซ์	ทิปโก้	180	22.5	0	5.5	0
8851013787493	Orange juice	malee	200	40	0.6	9.2	0
8851013794491	Tangerine juice	Tipco		90	0	21	0
8851013799496	Tipco Pineapple Juice 970ML.	Tipco		90	0	20	0
8851016211018	จากาบี้ 38 g	จากาบี้	38	526.3	5.3	57.9	31.6
8851019000381	กูลิโกะ 31 g	กูลิโกะ	31	516.1	6.5	67.7	22.6
8851019110127	Pocky Strawberry Flavour	Glico	45	493.3	8	69.1	20.7
8851019210193	Pocky choco banane	Glico		511.9	7.1	69	19
8851019500614	pocky watermelon	Glico		502.8	5.6	63.9	25
8851028001553	ไวตามิ้ลค์ทูโกอินแบล๊ค	ไวตามิ้ลค์	180	72.2	2.8	8.3	2.8
8851028002505	Vitamilk Double Choco Shake Soy Milk Drink	vitamilk	300	70	3.3	10.3	2
8851028003854	Vitamilk Banana			190	8	23	7
8851081543304	Tom Yum Paste - Instant Thai			201	1.2	22.4	10.5
8851101999128	Mangue sucré	Mango Sheet		117	3.3	80	0
8851123211178	ลิโพ-พลัส	ลิโพ		40	1	10	0
8851123229494	Shark Stimulation	SHARK		43	0.5	11	0
8851351380783	ข้าวไข่เจียวกุ้ง	อีซี่โก	240	195.8	6.2	24.2	7.9
8851351380813	ผัดซีอิ๊วหมู	อีซี่โก	250	200	3.6	30.4	7.2
8851351385153	ezygo 320 g	ezygo	320	159.4	6.6	26.2	3.1
8851351387775	Ezygo	Ezygo	100	160	4	30	3
8851613003269	Huile de coco vierge	Aroy D		903	0.7	0	100
8851613003276	Кокосовое масло нерафинированное (Extra virgin)	Aroy-D		900	0	0	100
8851613003368	Kokosnussmilch	Aroy-d	500	185	1.6	2	19
8851613003641	Organic Coconut Milk	Aroy	100	185	1.6	2	19
8851613005034	Sriracha	Royal Thai		95	1.3	18	1.7
8851613106229	Lait De Coco			187	2	2	19
8851613106588	Kokosnussmilch	Army D		185	1.6	2	19
8851639001010	Sauce de soja pour sushi & sashimi			163	8.2	32	0.5
8851639007944	Sesame Dressing	yamamori	10	392	2.5	24	32
8851686097219	Greek Style Yoghurt	Caroline Khao Yai Dairy	150	53.3	9.3	4.7	0
8851717030147	ดัชมิลล์ 4 อิน 1 รสสรอเบอรรี่์	ดัชมิลล์	150	66.7	1.3	13.3	1
8851717040245	Dutch Mill 165 ml	Dutch Mill	165	72.7	1.8	14.5	1.2
8851717901782	ดัชมิลล์ ดีไลท์	ดัชมิลล์	160	75	1.2	17.5	0
8851717901799	ดัชมิลล์ ดีไลท์ สูตรน้ำตาลน้อย	ดัชมิลล์	160	50	1.2	10.6	0
8851717902598	ดัชมิลล์ ดีไลท์	ดัชมิลล์	150	73.3	1.3	17.3	0
8851717905520	ดัชชี่ กรีกสไตล์โยเกิร์ต	ดัชชี่	120	91.7	5.8	14.2	1.7
8851717905537	Greek style yogurt	Dutchie	120	91.7	5.8	14.2	1.7
8851717907838	Proyo Strawberry	Dutch Mill	200	69	1.5	13.5	1
8851717910197	High Protein Yogurt	Dutchie	135	103.7	8.9	11.1	2.2
8851717910760	Yoghurt No Sugar Added Formula (Dutchie Greek Style Yoghurt)	Dutchie	120	75	7.5	7.5	2.1
8851727006125	Kob kob chips with seaweed		25	270.8	4.2	27.1	16.7
8851727006330	Kob kob chips chicken bbq flavor		25	291.7	4.2	27.1	18.8
8851727006743	Kob kob chips tom yum kung flavor		25	270.8	4.2	27.1	16.7
8851876000227	Pork Flavored Rice Noodles			347	7.6	76	1
8851876001132	Mama	Mama	55	345	5.5	74.5	3.6
8851876001491	Haldiram Mama Coriander Rice Noodle Bowl			365	6	72	6
8851876110186	Mama Jokcup	Mama	45	355.6	6.7	75.6	2.2
8851876200139	Mama 200 g	Mama	50	361	8	78	3
8851876201761	Rice noodles beef Flavie, gluten free	Mama		47	0.7	9.5	0.7
8851919050516	Herbal Infusion Tracatherine Chrysanthemum Flavour			240	0.7	2.9	25
8851932465342	ไอศกรีม ท็อปเทน มิลค์&คอร์นเฟลกส์	Wall's	59	322	3.4	32.2	20.3
8851954102669	Destillierter Essig			0	0	0	0
8851954195296	Sauce Soja Assaisonnement Golden Mountain			98	12	12	0
8851959132012	Coca Cola	Coke	325	30.8	0	7.4	0
8851959132050	Coca cola light	coca cola	325	0	0	0	0
8851959141182	Fanta 500 ml	Fanta	200	40	0	10	0
8851965000992	Arare mix			120	2	2.5	30
8851978801883	Oyster sauce	Thai choice	100	112	0.3	27.4	0.2
8852008300116	Lotte Koalas March Chocolate new	Lotte		498	6	66.3	23.2
8852008300130	Koala’s March Strawberry	Lotte	37	540.5	2.7	62.2	29.7
8852008510010	Toppo Filled Pretzel Stick Chocolate	Lotte	40	510	7	59.8	26
8852018101253	red Curry duck 40pcs	red Curry duck	60	76	1.1	9.2	3.8
8852018160113	Nouilles déshydratée s de ble tendre			465	6.3	62	21
8852018201038	Soupe asiatique	Yumyum		96	2.2	14	3.3
8852018800132	Thai signature	Yum Yum		438	8.2	53	21
8852018900191	Brown rice noodles	yum yum		71	1.2	14	1
8852021128452	Thon Nature	milou x-tra		110	25	0	1
8852022091830	KEWPIE MAYONNAISE Sriracha Flavour	KEWPIE	100	400	0.2	2.5	5.5
8852022092004	MAYONNAISE	KEWPIE	15	413.3	1.3	12.7	40
8852023004228	Petits Pois Au Wasabi	Koh kae		424	12	64	12
8852023006949	Koh Kae Peanut - Wasabi (pouch) 180G X	Koh kae	30	541	22	44	29
8852023007380	Thai Spicy Flavoured Peanuts	Koh-Kae	42	595.2	23.8	26.2	42.9
8852023008394	BBQ90G	Koh kae		513	20.9	47.1	26.8
8852023009438	Roasted Almonds	NUT NATUR	30	633.3	23.3	23.3	50
8852023664255	Gâteaux Apéritif Bombay Mix	Koh-Kae		560	18	43	35
8852023665511	Koh-kae Arachides Saveur Barbecue	Koh-Kae	30	500	20	46.7	26.7
8852023666655	Peanuts nori wasabi flavor	Koh-Kae	30	500	20	46.7	26.7
8852023669328	Koh kae	Koh kae		519	20.6	38.5	28.9
8852023670621	Salted Mixed Nuts	Koh-Kae (Thailand 7/11)	29	655.2	20.7	20.7	55.2
8852023672403	Peanuts noriwasabi			516	21.3	41.8	26.8
8852023672427	Peanuts Noriwasabi			516	21.3	41.8	26.8
8852023672458	Korean Spicy chicken flavourful coated peanuts	Koh-Kae	30	533.3	20	43.3	30
8852024066102	Riz brun jasmin	Ko-ko		360	8	76	3
8852024086018	Poêlée de poulet façon paëlla			128	8.4	13	4.2
8852043629135	Tasty Chicken Skewers	Betagro	120	115.8	22	4	1.2
8852044650169	Fish snack Original flavour	Taro		326	29	50	0.6
8852044650268	Scharfer Fischsnack	TARO	14	321.4	25	52.9	0.7
8852052110204	Crackers Crevettes 015 G	Hanami	15	475	6.7	71.7	17.9
8852098700544	Nouilles Instantanées	Litlle Cool		315	5	44.6	13
8852116807668	Tempura			537	11	46	33
8852240010521	Rice Cracker with Roasted Squid Sweet Chilli Flavor	Chao Sua	38	526.3	10.5	55.3	28.9
8852528004068	Nissin Cup หมูสับ	Nissin	77	480.5	9.1	57.1	23.4
8852528004402	Nissin	Nissin		440.2	8.3	68	15
8852646014505	Sriracha chilli sauce			93	1	19	0.8
8852646017308	Thai Dancer Sriracha Chilli Sauce 800G / 730ML	Thai dancer		93	1	21	0.8
8852646034350	Sweet chilli sauce	Thai Dancer		222	0	56	0
8852646063008	Sweet chili sauce	Thai Dancer		222	0	55.6	0.1
8852646204548	Lotus rootlets			39	1.1	7.6	0
8852646273001	Sauce Aigre-Douce			203	0	50	0
8852646323003	Sauce Teriyaki	Thai dancer		161	0	40	0
8852646343001	Sweet chilli pineapple	Thai dancer		208	0	51	0.1
8852646373008	Chili lemon sauce	Thai dancer		202	0	50	0
8852646443008	Sweet Chili sauce	Thai dancer		117	0	29	0
8852646483004	Sauce	Sweet Chilli		222	0	56	0
8852646502002	Teriyaki	Thai dancer		238	0	52	3.2
8852756303063	Kellogg&#x27;s Frosties Breakfast Cereals	Kellogg's	30	383.3	6	89	1
8852756303087	Kellogg's Rice Krispies	Kellogg's		395	6.5	91	1
8852756304077	Coco Pops 400GR	Kellogg's	30	386.7	5	87	2
8852756328721	LCMs Choc Chip	Kellogg's	20	86	0.6	15.3	2.3
8852756329698	Nutri-Grain Original	Kellogg's	22	412.8	6.8	73.2	10
8852756396164	Corn Flakes	Kellogg's	30	386.7	8	80	2
8852959007669	Coco riz pandan flavor	Panda		500	3.3	73.3	20
8853085000111	Rice stick	X.O		354	7	80	1
8853085002016	Thaï green curry paste			96	3.1	19.4	0.7
8853085005024	Tamarind			305	0	76	0
8853230002120	Tamarin Sans Noyau	Thai Top Choice		300	2.6	66.7	0.5
8853333015393	มาลีโคโค่	Coconut Water	330	21.2	0	5.5	0
8853662003009	Exotic Food Scharfe Chili-sauce Spiracha	Exotic food		139	2.3	28	1.2
8853662003092	Sauce pimentee sriracha	Exotic Food		154	2.5	33.2	0.4
8853662023335	Tamarind Paste	Asia	195	100	1.1	23.8	0
8853662023748	Sweet chili sauce	Thai Pride		229	0.5	55	0
8853662040240	Satay Sauce	Exotic Food	20	200	3.4	23	9.3
8853662040950	Teriyaki Sauce	Exotic Food	25	171	1.8	40.7	0
8853662041278	Ingwer gehackt	Exotic Food		216	0.8	1.8	22
8853662041711	Sriacha mayo sauce	Exotic Food		259	2	19	18
8853662044019	Sweet chilli sauce	Flying Goose Brand		188	0.4	46	0.1
8853662044064	Mango Sauce	Exotic Food Pcl		299	0.9	72	0
8853662050119	Sriracha Mayo Sauce	Thai Pride		281	0.9	26	19
8853662056104	Sriracha sauce extra garlic	Flying Goose Brand		155	2.2	33	0.7
8853662056180	Sriracha scharfe Chilisauce mit INGWER	Flying Goose		103	1.4	22	0.5
8853662056227	Hot Chilli Lemon Grass Sauce ( light green lid )	Flying Goose Brand		155	1.6	32	1.3
8853662056784	Sriracha hot chilli sauce extra garlic			142	1.8	31	0.7
8853662057286	Light Coconut Milk			60	0.4	1.1	6
8853662057491	Red Curry Paste	Flying Goose Brand		77	1.8	10	1.3
8853662057958	Sriracha a la menthe	FLYING GOOSE BRAND		158	2.3	31	2
8853662060040	Siracha Hot Chili Sauce - Smokey	Flying Goose Brand		123	2	26	0.7
8853662060125	Sriracha Chili Mint Sauce	Flying Goose Brand		158	23	31	2
8853662060309	Sriracha coconut	Flying Goose Brand	100	187	1.6	29	6.9
8853662060460	Sriracha zielona z konopiami	Flying Goose Brand		149	1.8	34	0.5
8853969000824	Duftreis Royal Thai 1 KG Thai Jasminreis	Royal Thai		353	6.9	78	1.2
8853969000848	Langkörniger Jasminreis	Royal Thai		353	6.9	78	1.2
8853969007878	MULTIGRAIN Cereals & Rice	Sawat-D Healthy Grain	45	356	11.1	71.1	3.3
8853969009957	Riceberry Black cargo rice			362	8.1	72	4.2
8853969013251	Riz Brun Complet			360	8	76	3
8854291002104	Jus De Citron Vert	Top Kitchen		22	0	5.5	0
8854404000126	Thai Premium Ingredient Coconut Cream	Blue Elephant	80	177	0.9	2.5	18.2
8854404000324	Blue Elephant Nuts Flavoured With Herbs 115G	Blue Elephant	30	500	16.6	41.7	27.9
8854404000621	Thai Premium Paste Green Curry	BLUE ELEPHANT	15	153	3.9	11.2	8.1
8854404001048	Sauce Thaï aux Huîtres	Blue Elephant	15	57	0.7	14	0
8854404001055	currypaste	BLUE ELEPHANT	100	221.4	4.6	12.5	17
8854404001116	Sauce Douce Thaï de Piments	Blue Elephant	50	299	1.2	72.3	0.1
8854404001154	Royal Thai Cuisine Sauce Thaï de Poisson	Blue Elephant	15	64	12.5	25	0
8854404004759	Royal Thai Cuisine Thai Premium Cooking Set Red Curry	Blue Elephant		413	5.4	20.8	32
8854404004780	Tom Yam Sour & Spicy Soup	Blue Elephant		105	2.5	13.5	4.5
8854404004797	Soupe Tom Kha	Blue Elephant	55	352	4	15	27
8854404005206	Thai Premium Rice Black Rice	Blue Elephant	50	366	8	76.1	3.3
8854404005831	Blue Elephant Sauce Gingembre Piment Blue Elephant 190ML	Blue Elephant		184	2.9	33.5	3.4
8854404007019	Thai premium soup Tom Kha	Blue Elephant		154	1.4	8.4	12.4
8854419001026	Young coconut juice			33	0	8.1	0
8854419001606	Coconut Drink	Tas Brand		73	0.5	7.4	4.6
8854419002504	Lychee			53.1	0	12.9	0
8854575001717	Matcha green tea latte			443	2.1	83	11
8854692007876	Thai Sweet Chili Sauce	J-Lek	18	180.6	0.3	44.7	0
8854698014557	Oishi 400ml	Oishi	100	0	0	0	0
8854761002832	Protein Oat-Drink Chocolate Shake	Goodmate Brand	330	51.5	8.2	2.7	0.9
8854761020010	100% apple juice			45	0	12	0
8855044014412	Basil seed drink			57	0	14	0
8855044036612	Basil seed drink			53	0	13.2	0
8855044051172	Mango Juice	Mabu Coco	320	53.1	0	13.4	0
8855044055613	Coconut Water	Coco Royal	350	18	0	4.5	0
8855273000767	Palm sugar			336	0	84	0
8855702000825	CP Flamin Chicken Tenders	Costco CP	81	215	21.8	12.5	8.4
8855702006957	Thai Cube Red Curry Chicken	Kitchen joy	350	146	7.2	20	3.9
8855790000011	คาราบาว	Carabao	150	33.3	0.7	8	0
8855790000042	Carabao	Carabao		57	0	14	0
8855790000783	Energy drink Green Apple sugar free	Carabao	100	1	1	0	0
8855790002367	Carabao sport			23	0	5.1	0
8855815000019	เต้าหู้หลอด	เกษตร	220	54.5	5	0.9	3.2
8856742000028	ข้าวตังหน้าธัญพืช	สุคันธา	30	566.7	13.3	50	33.3
8856848000168	Earth Gluten Free Organic Red Rice Pasta			358	7.5	79	1.3
8856848001370	organic instant noodles kimchi			353	7.4	73	2.8
8856900000839	Fix für Thai Yellow Curry	Aromax		365	3.4	28	26
8857056004153	Picnic Cup Nouilles / Soupe Boeuf (avec Herbes Fraiches) 60G	Picnic		250	7	35	9
8857056004177	PICNIC CUP NOUILLES / SOUPE CREVETTE (TOM YUM) (avec Herbes Fraiches) 60G	Tomyum		250	4	4	9
8857056004184	CUP DE SOUPE NOUILLE POULET	PICNIC		416.7	11.7	58.3	15
8857056005068	Flavouver instant noodles beef	Picnic		250	7	35	9
8857099004523	Aloe Vera Drink Coconut Flavour	Vera	240	38	0	9	0
8857101221269	Dee Thai Sauce Sriracha (petit Modèle)	Deep river snacks		103	0.8	22	0.7
8857101221436	SAUCE PIMENT DOUX	Deep river snacks		190	0.5	45	0.6
8857101221818	Dee Thai Sauce Nuoc Mam			27	6.7	3	0
8857107231774	Kae Noi Crispy Seaweed Original Flavour	Taokaenoi	32	718.8	12.5	15.6	65.6
8857107232030	BIG SHEET CLASSIC			1	1	1	1
8857118730570	Sojasoße glutenfrei	Megachef		44	1.9	9.2	0
8857122559570	Pâte De Curry Verte	Desiam		141	3.5	15	7.4
8857122559679	Sauce à L'ananas Et Piment Doux	Desiam		179	0.2	43.6	0.4
8857122559983	noodles kit pad thai	Desiam	150	323	3	61	7.2
8857122668616	Coconatwater	be Pur		20	0	5	0
8857122685910	Crème de noix de coco			212	2.1	5.2	20.4
8857122695032	Solar dried Banana	Banana Society		808	1	21	80
8857123863027	Coco Queen Strawberry			29	0.7	7	0.1
8857126105803	Wagyu Steak Flavour Mini Rice cracker	Younger Farm	60	497	4.6	67.8	23
8857127323046	Chili Snacks Tomyum Flavour		100	160	2	16	10
8858135000028	Kokosmilch | Lait de coco	Real Thai		185	1.6	2	19
8858135000035	Kokosnuss Milch - Coconut Milk Lite	Real Thai		62	0.9	1.2	5.9
8858135000080	Red curry cooking souce	Real Thai		128	1.1	3.5	12
8858135000615	Sriracha	Real Thai		95	1.3	18	1.7
8858135001865	Massaman Curry Paste	Real Thai		146	4.8	15	6.4
8858135004071	Lait de coco bio	Real Thai	100	185	1.6	2	19
8858135071059	Soupe Tom Yum prête à l'emploi	Real Thai		55	1	8	2
8858306000321	Riz Thaï	Golden Phoenix		347	7.3	76.5	1.3
8858306003490	Jasminreis	ChiaMeng	100	363	8	76	3
8858358008030	Crispy Strawberry	greenday		290	5	75	0
8858358011238	Original Sriracha Chili Sauce	Three Mountains Brand		107	1.2	23.3	1.5
8858463003456	ATÚN LOMITOS	Lider	104	107.7	25	0	0.5
8858598010046	Sweat chili sauce	Siam's		60	0	16	0
8858598040647	Nouilles Instantanées Poulet			250	7	1	9
8858629000541	Bangkok cookies	Bangkok Cookies	50	500	4	66	24
8858639000791	Karaage	Ajinomoto	20	205	11	16	11
8858639001118	Gyozas de pollo y verduras	Ajinomoto		152	7.1	16	6.3
8858679646225	Mochi Ice Sorbet, Lychee	Buono		189	0	41	2.5
8858684518470	Chicken Sukiyaki with a Little Broth	Ezy Choice	250	108	5.2	13.2	3.6
8858684518913	ไข่ตุ๋นคัพกุ้ง ผสมหมูและไก่	CP	150	53.3	4	2.7	2.7
8858684520756	Basil Tender Chicken Breast	7-Eleven Delight	80	70	22.5	1.2	1.9
8858702404273	Super crisp			362	21.4	62.1	3.1
8858702406536	Tao Kae Noi Big Bang Classic Flavour Grilled Seaweed			25	2	3	0
8858709107931	Greek Yogurt	Dairy Home	150	133.3	7.3	7.3	8
8858731200075	Nanaco 6 x 80 g	Nanaco		80	0	20	0
8858744800040	Tom Kha paste			136	3.7	17.5	15
8858768008996	Lait de coco cremeux	Lotus rouge		203	1.1	2.3	21
8858768090168	REGAL THAI sauce Nems & Beignets	LEGENDARY THAI FOOD		134	0	32	0
8858816900012	ดานอน แอคทีเวีย	ดานอน	110	90.9	3.6	14.5	3.2
8858820100224	No Sugar Added Organic Soymilk	โทฟุซัง	200	90	10	5	3.5
8858826200263	Baked Spinach with Cheese	Reo's deli	100	120	5	7	9
8858826200331	Lasagna	Reo's deli	100	140	6	13	6
8858826302127	Coconut milk			185	1.6	2	19
8858829601135	Noodles beef			453	9.2	5.2	18
8858867821410	Ezygo 711	Ezygo 711	105	390.5	7.6	28.6	27.6
8858867822103	EZY taste 111 g	EZY taste	111	351.4	7.2	30.6	22.5
8858891302619	อิชิตัน รสน้ำผึ้งผสมมะนาว	อิชิตัน	600	40	0	0	0
8858947400504	Aloe Drink for Life!	Green Beverages		28	0.2	6.6	0
8858947400801	Aloe	Aloe Vera Drink		21	0.6	4.6	0
8858947405202	Aloe Vera Drink	Green beverages		24	0	5.9	0
8858947405301	Eloa litchi	Green beverages		21	0.6	4.6	0
8858947450165	Boisson à l'Aloe vera - Saveur mangue	Aloe Drink for Life		21	0.6	4.6	0
8858947450349	Boisson à l'aloé vera saveur litchi	Green beverages		16.4	0.2	3.9	0
8858947450530	Aloe vera			23	0	5.6	0
8858947450547	ALOE VERA Grenade Myrtille			23	0	5.6	0
8858947450585	Aloe vera saveur Grenade Myrtille			23	0	5.6	0
8858960301994	Thai Green Curry Kit			151	2.4	7	12.6
8858960302038	Coconut milk	Desiam		158	1.8	4.8	14.5
8858960302939	Yellow curry	Desiam		183	2.6	7.4	15.7
8858960303196	Pad thai rice noodled	Desiam		375	6.2	83.1	1.3
8858960303271	Pad Thai Stir-fry Sauce imp	Siam	50	270	0	39	13
8858960303332	Red Curry Thai Curry Paste	de siam		173	3	15.6	10.9
8858981502127	Fischsauce		100	75	5.8	12	0.5
8858984820334	Chicken Fillet Burger	CP		185	20.1	12.7	5.3
8858984820617	Flamin' Chicken Nuggets	cp	129	227.9	20.3	16.4	9
8858984820822	Roast chico En breast	CP	163	168	24.3	2.3	6.7
8858984830029	Thai Cube	CP Food Service	320	132	6.7	18	3.2
8858984834713	Green Cube Panang Curry	Kitchen Joy	350	149	4.4	22	4.4
8858984836854	SESAME GYOZA with SPICY SESAME SAUCE	Kitchen Joy	200	157	7	21	4.3
8858984838032	CHICKEN PANANG	Kitchen Joy	350	146.3	6	20.3	4.6
8858984838063	THAI FUSION Kitchen Joy NO SPICE THAY CHE SWEET &	Thai cube	350	135.1	5.1	23.4	2.1
8858984838384	Costco Karage Chicken	Authentic Asia	115	246.1	15.9	16.9	12.6
8859015701707	Coconu water with coconut pulp			23	0	5.5	0
8859015707013	100% Coconut Water	if LOCAL SENSATION	350	20	0.3	4.3	0
8859156000370	Wasabi (pâte)	Hideko		313	5.4	54.4	7.9
8859156000431	Nouilles Soba			358	13.1	74.5	0.9
8859179900053	Golden Sweet Corn	วี ฟาร์ม		100	0	0	0
8859250610253	Sauce piment			143	3.5	26	2.1
8859290400210	Taro bun	D-PLUS	75	333.3	8	56	8
8859295002082	โยเกิร์ตพร้อมดื่มไขมันต่ำ รสเอลเดอร์เบอร์รี่	mMilk Brand	200	50	3	6	1.2
8859368500026	ยาคูลท์ไลท์	ยาคูลท์	80	43.8	1.2	8.8	0
8859473100555	Plain High Protein Soymilk	TOFUSAN	350	45.7	8	1.1	1.1
8859501320061	แซนวิช แฮมชีส	OISHI EATO	77	259.7	9.1	33.8	10.4
8859501320214	Tuna Salad Sandwich	Oishi Eato	77	259.7	10.4	35.1	9.1
8859513600380	Vitamin gummy Strawberry flavour	MK	24	333.3	8.3	75	0
8859568700028	Coconut milk	Pray Hom		170	1.8	2.4	17
8859568700202	Coconut Milk 18% fat	Suree	400	165	0.5	2.9	17
8859577501012	Qmin-C Curcumin Lemon Juice Drink			26.7	0	6.7	0
8859585800244	SAUCE PIMENT DOUX	DEE THAÏ		190	0.5	45	0.6
8859585800756	Nouilles de riz			353	5.8	82	0
8859601300208	Greek Yogurt with Probiotics	Cheese Baron	100	160	9	5	11
8859622222022	Unknown Product	Yendrink		50	7.3	2	1.2
8859636810062	Almond milk	wholly nuts	180	50	1.7	3.9	3.3
8859645300042	นม	Ivy	180	72.2	2.2	14.4	0.8
8859799400025	MK Suki Sauce	MK Restaurants	100	150	1.7	32	1.7
8991001242273	Top chocolate	TOP	38	500	5.3	63.2	26.3
8996001354001	kalpa	Kalpa	24	541.7	8.3	54.2	33.3
9300650025219	Oreo Thins & Crispy Tiramisu Sandwich Cookies	Oreo	30	500	5.3	69.2	22.4
9310055601024	Kelloggs Corn Flakes 25g	เคลล็อก	25	385	7	87	1
9310055615021	เคลล็อกส์ ฟรอสตี้	Kellogg's	30	366.7	6.7	90	0
9311931024036	Coffeemix 3 in 1	INDOCAFE	20	450	5	85	10
9345654001715	CRISPY CHILLI OIL	marion's KITCHEN	30	683.6	3.3	7.3	72.3
9415007025832	แอนลีนโกลด์ รสจืด	anlene	180	50	2.8	5.6	1.7
9555480002774	Nuwafer	MyBizcuit	10	500	10	60	25
9555615900142	Wraps 6 Grains	mission	45	318	7.5	56.5	6.9
9556001299154	Espresso Latte	Starbucks Doubleshot	220	58	1.8	8.6	1.6
9556121020614	Peanut Butter Sandwich	Julie's	30	536.7	9	56.3	30
9556121026111	Oat 25, Strawberry	Julie’s	25	520	8	64	24
9556121026463	Le mond Cheddar Cheese	Julie's	18	500	5.6	61.1	25
9557062331135	Mister Potato Crisps Sour Cream & Onion	Mister potato	29	506	5.3	62.2	27.9
9557062331159	Mister Potato Crisps hot spicy	Mister Potato		500	5.8	55.4	27.4
00166843	Golden crunchy creams	Marks & Spencer		491	4.7	67.5	22.1
00218894	all butter Scottish shortbread biscuits with toffee pieces	mark & spencer	29	515	5.7	61.9	26.9
0031146202119	Onion flavored rings NONGSHIM	NONGSHIM	50	480	4	72	20
0051500241912	CREAMY PEANUT BUTTER	Jif	33	593.8	21.2	24.2	48.5
00744706	Jam Sandwich Creams	Marks & Spencerมาร์คแอนด์สเปนเ	30	488	4.8	65.9	22.4
00785624	Double devon toffees	มาร์คส์ แอนด์ สเปนเซอร์	6.8	470.6	0.1	76.5	17.6
04348900	Vanilla caramel latte	Maxwell house	15	444.4	0	81.5	11.1
0720516022760	Orgran Quinoa Puffs	orgran	30	325	9.5	63	2.6
0769828221591	Banana Flavored Milk Drink	Binggrae	200	80	2.5	11	3
07859762	Taro Fish snack	Taro	52	306	24	52	0
3038354534107	Riz thaï 10 min	Lustucru	90	348	7.5	78	0.6
3046920022538	Lindt Creation Chocolate Block Creme Brulee	Lindt	25	575	5	51	39
3083680003346	Bonduelle Very Fine Peas and Baby Carrots In Brine 200G.	Bonduelle	200	54	2.9	7.2	0.5
3222472676980	Allumettes de Lardons Fumés	Casino	100	245	17	1.4	19
3222472692140	Fromage rond rouge	Casino		314	20	0	26
3222476415646	Purée de fruits pommes sans sucres ajoutés	Casino	90	52	0	12	0
4008569004909	Viel Früchte Müsli	HAHNE	100	366	9.1	63.8	6.4
4038700128164	Pfifferling Soße	Knorr	100	80	0.9	7.5	5
4893049120046	Ritz Cheese	Ritz	27	507.4	6.9	56.3	28.3
4901360363650	7 Premium	7 Premium	70	497.1	5.4	51.7	30
4959436802244	梅ぼしのシート	i factory	100	303	4.3	67.4	1.8
5414624147891	Fruity Crunchy	Tilo's	100	433	8.3	65.6	13.7
5941021005122	Dark chocolate	Heidi	40	542	4.4	50	34
6218651681019	Lio	Lio	100	52	0	13	0
6291003085147	Break Supa	Quanta	30	500	6.7	66.7	23.3
69024894	Snickers Classic Singles 35g	Snickers	35	380.2	4.9	54.5	34.2
6907992516479	แอมโบรเซียล 230 g	แอมโบรเซียล	230	96.1	3.1	14	3.1
6920603810018	Haw flakes	Hexing	25	444	12	84	0
6924743925076	Patatine al Pepe Nero	Lay's		174.4	1.1	13	12.9
6942836720070	hersheys dark chocolate	hersheys	15	83	1	7.3	5.5
6974348720972	Heytea	Heytea	450	15.6	0	4	0
7612100053805	Ovaltine milk	ovaltine	180	100	2.2	16.7	2.8
7612100057551	โอวันติน	โอวัลติน	180	72.2	2.2	12.2	1.4
7622210607287	OREO mini Chocolate imp	Mondelez	20.4	490.2	4.9	68.6	19.6
8000350001148	Millefoglie d'Italia	Matilde Vicenzi	25	549	6.5	55	33
8000350004781	Bocconcini relleno de crema de chocolate	Matilde Vicenzi	31	535	6.8	56.7	30.5
8001200139035	Spaghetti N°3	Agnesi	100	380	13	78	1.5
8480024732064	chocolate blanco	Alteza	75	539	6	59	31
8691216018938	ฮาริโบ้	Haribo	30	366.7	6.7	83.3	0
8693029601079	Nuss Milky compound chocolate coated wafer with hazelnut cream	Elvan	100	510	9.2	68	24.3
8714100895252	Vanilla	Viennetta	80	240.8	2.5	23.8	12.5
8801045502021	Gochujang	Ottogi	17	228.8	4.6	50.8	0.8
8801073116528	ซัมยัง เม็บ แบล็ค เปปเปอร์ ชิค 80 g	ซัมยัง เม็บ แบล็ค เปปเปอร์ ชิค	80	425	10	62.5	15
8801073116535	MEP Grilled Garlic Shrimp Ramyeon	มยัง เม็บ กริล การ์ลิค ชริมพ์	80	437.5	8.8	63.8	16.2
8850004099003	Melon drink			80	0	20	1
8850004099027	Lychee drink			80	0	18	0
8850024105258	Sustagen powder	Mead Johnson Nutrition	100	380	4	64	3.6
8850025000385	refesh coconut water with watermelon	ufc		23	0	5.7	0
8850025060013	Almond milk	UFC	200	35	0.8	2.6	2.1
8850026216037	Dried Banana	Kooky	25	336	3.2	79.6	0.4
8850026600034	Plant Protein Dark Chocolate Flavor	The Merry Nutrition	52.5	323.8	66.7	9.5	1.9
8850030001209	Kimchi assaisonnements mix	Lobo		223	9.6	35	4.3
8850030003104	Sauce Mangue Tamarin Epices Lobo			210	0.5	52	0
8850030003111	Sauce Pimentee Mangue Citron Lobo	Lobo		219	0	54	0
8850030005115	Miso	โลโบ	10	350	10	60	5
8850030005160	Lobo banana fritter batter mix	Lobo		470	9	63	20
8850030006709	Green Curry Paste With Creamed Coconut	Lobo		470	6.5	27	36
8850030009632	Spicy wings marinade mix	Lobo		360	5.2	80	0.5
8850030020057	Mix für Sate-Sauce	Lobo		460	11	62	18
8850030020095	Thai Basilikum Paste 400 G = Lobo = Scharf			157	12	18	7.1
8850030031664	Classic fried chicken seasonef flour			349	0	75	0
8850030031855	Tom yum cooking kit	LOBO		141	1.5	8.5	11
8850030031879	Red curry cooking kit	Lobo		120	1.6	5.6	9.7
8850030031893	PAD THAÏ			330	7.1	69	2.3
8850030033798	Red Curry Paste	Lobo		120	3.9	18	1.1
8850030034412	Satay	Sauce		293	3.7	35	15
8850030110918	Lobo mélange De Poudre Nam Pour La Viande	Lobo		337	2.1	81	0
8850030111267	Oriental fried rice seasoning mix	Lobo		296	3	69	0.9
8850030111717	Assaisonnement Pour Canard Laque 50G	Lobo		240	5.2	54.3	1.1
8850030111861	Lobo 30 g	Lobo	30	367	2.5	85	1.4
8850030112110	Assaisonnement Brochettes Satay Lobo	Lobo		320	3.5	73	1.5
8850030112219	โลโบ ผงหมักไก่	Lobo		283	5.3	59.1	2.9
8850030112318	Roasted Pork Powder	Lobo	12	308	1.9	72	0.7
8850030113155	Sauce Sukiyaki 260 G Lobo			151	2.2	28.3	3.5
8850030116019	Tom Ka Paste	Lobo	12	240	3.5	19	16
8850030116064	Tom Yum Paste	Lobo	30	272	3.4	29	15
8850030116323	Curry Panang Lobo	Lobo		145	5.1	19	3.4
8850030116514	Nam Ya Curry Paste	Lobo		89	2.9	15	0.7
8850030118112	Poudre pour crème au goût de pandam			460	2	82	14
8850030118211	Coconut flavour agar dessert mix			440	2	54	24
8850030119911	Panko Soft Finished Flakes of Bread Crumbs	Lobo		426	12	75	7.5
8850030169916	Chapelure Japonaise Panko			426	12	75	7.5
8850030171315	Woton soup	Lobo		354	18	19	23
8850030190613	Green Curry paste - Lobo - 400G	Lobo	100	391	3.3	13	1.5
8850030190682	Nam ya curry paste			89	2.9	15	0.7
8850032291691	CRACKERS DE RIZ			376	7.6	86	0.2
8850035031003	Fermented acrid sweet mustard	Pigeon Brand		37	0.8	5.9	0.6
8850035186307	Young Green Jackfruit			28	1.3	5.7	0
8850035281019	mangue au sirop léger	Pirab		276	0.5	15	0
8850038100188	Gold Label (yellow label)			15	2	2	0
8850038400011	Maekrua Oyster Sauce Oyster Sauce (150ML)			10	1	1	1
8850038400097	4.5L Sauce Huitre Thai Mae Krua			67	1	16	0
8850038500087	Vinaigre Gold Label 700CC			0	0	0	0
8850043124582	Coconut Flavour Coated Peanuts	Khao Shong Nuts	185	533	17	44	32
8850043127552	Toaster green peas	Khao Shong		446	18	66.2	10.9
8850043128450	honey roasted cashews	Khao Shong		473	15.8	27.4	27.7
8850043130460	Khao Shong Nuts Mixed Rice Crackers Tin 180G			426	10	69	12
8850043140018	Grüne Erbsen mit Wasabi	Khoa Shong	140	442	17	67	10
8850043323503	Wasabi broad beans	Khao Shong		410	20	56	10
8850043324609	Mixed Nuts Arare			432	10.5	10.5	83
8850043324630	Sesame Peanut Crackers 8850043324630 Erdnüsse mit Teig ummantelt mit Sesam			463	10	58	20
8850043326702	Chili And Lime Peanut	Khao Shong	100	538	22	31	35
8850043330242	Chili n Lime Green Peas	Khao Shong Nuts		462	21	60	12
8850043330273	Wasabi coated green peas	Khao Shong		395	17	61	7.5
8850043330297	Wasabi Coated Peanuts	Khao Shong		546	22	24	38
8850043334202	Wasabi Coated Green Pead			390	17	60	7.5
8850043401027	Wasabi beans			390	17	60	7.5
8850044021316	Boisson aux aromes graines de basilic	Psp		53	0	13.2	0
8850044021415	Boisson aux Graines de Basilic			33	0	12.4	0.1
8850058000710	Pantai			400	0	48	34
8850058000734	Chili paste with soja bean	Pantai	100	448	4.3	52	24
8850058000826	Yentafo saus			43	46	9.7	0.1
8850058002721	Garnelenpaste	Pantai		125	22	4.4	1.7
8850058002783	CHILI PASTE			401	31	14	23
8850058002875	Arome Artificiel De Pandan			0	0	0	0
8850058003728	Sukuyaki sauce	พันท้ายนรสิงห์	830	21.7	0.1	4.8	0.1
8850058004176	Sauce soja douce			286	0.5	70	0.5
8850058004220	Sauce aigre-douce	Pantai		191	0.5	45.6	0.3
8850058004275	Pad Thai sauce	Pantai		421	0.5	63	18
8850058004312	Spring Roll	Pantai		229	0	57	0
8850058004695	Sweet Chili Sauce For Chicken, 300 ml / 342 g			190	0	46.3	0
8850058004848	น้ำจิ้มสุกี้	Pantai		183	0	45	0
8850058005159	Pantai Norasingh Pad Thai Sauce 730ML / 990G			191	0.5	45.6	0.3
8850058005388	Chili sauce	Pantai	15	99	0	20.6	0
8850058005685	Sweet chili sauce	Pantai		183	0	45	0
8850058005708	Sauce Spring Roll	Pantai		261	0.5	64.9	0
8850058005845	Sweetened chili sauce	Pantai		261	0.5	60.9	0
8850058006156	Pantai Sweet Chili Sauce For Chicken	Pantai		190	0	46.3	0
8850058006477	Pantai Pickled Fish Sauce 855G	Pantai		55	4.4	5.6	1.6
8850058006644	Pad Thai Sauce	Pantai		341	1	84.1	0
8850058007795	Hoi Sin Sauce	Pantai		272.6	3.1	59.2	2.6
8850058008075	Red Curry paste	Pantai		93	5.5	6.2	2.1
8850058008105	Pantai 114 g	Pantai		123	6.4	13.7	2.2
8850058008167	Sauce au piment et à la citronnelle	Pantai		189	1.1	45.8	0.2
8850058008211	Pantai	Pantai		184	1.2	44.9	0.1
8850058008280	Sweet chill sauce	Pantai		183	0	45	0
8850058008907	Pantai Chicken Rice Sauce	Pantai	36	195	0	44	0
8850058009300	Reconstituted lime juice			25	0.3	8.7	0
8850058009768	Suki Sauce Hot and Spicy			165	2.7	34.6	1.8
8850069431015	Sel Fin De Mer			0	0	0	0
8850069431022	Sel de table	Top Mi		0	0	0	0
8850086181405	Malted Milk	Ovaltine		0	6.7	73.3	10
8850086214004	Ovaltine	Ovaltine		405	7	73	10
8850088450004	Petites palourdes frites au piment			317	18.2	23	16.9
8850088601406	FRIED MACKERELS IN CHILLI SAUCE	Pumpui	155	188.2	12.3	18.1	7.1
8850096730518	Lactose Free Pistachio Milk	Sunkist	180	38.9	0.6	6.7	1.1
8850096730525	Pistachio milk	ซันคิสต์	180	27.8	0.6	3.9	1.1
8850096750059	Almonds Dry Roasted & Light Salt	Sunkist	30	633.3	23.3	23.3	50
8850096818537	Almond Milk	Blue Diamond Almonds	180	38.9	1.1	6.1	1.1
8850097100242	Choux de moutarde			27	1.7	3.7	0
8850097150186	Pickled ginger			19	1	10.7	1
8850097189377	Salted pickled lime			22	1	3.8	0
8850100002211	Instant noodles chicken flavor	Wai wai		504	8.6	60.8	24.5
8850100003546	Sour Soup Thai Tomyum 60G Waiwai	Wai wai		536	7.8	51.1	32.6
8850100003928	Dehydrierte Reisnudeln	Wai wai		365	7.2	82	0.5
8850100004772	fideos de arroz			377	7.5	84	0.9
8850100004888	Bihon Rice Vermicelli	lazuli WAI	50	380	8	86	0
8850100004925	Vermicelle de riz	Wai Wai		353	7	80	0
8850100005519	Nouille thaïlandaise	Wai Wai		499	8	61	25
8850100005526	Nouilles thaïlandaises saveur légumes sautés	Wai Wai		270	4.8	37.8	10.8
8850100005953	Serda tomyum shrimp cup	Serda	60	466.7	8.3	61.7	15
8850100006615	Tom kha au lait de coco	Wai Wai		460	10	64	18
8850100006639	Tom Yum shrimp flavour	Wai wai		462	9.2	62	19.7
8850100006653	Massaman curry beef flavour	Wai Wai		475	9.9	61	21
8850100006905	Nouilles instantanées saveur poulet			504	8.6	61	24
8850100006912	Nouille chinoise tom yum	Wai wai		466	8.1	61	20
8850100126016	Instant Noodles Sour Hot & Spicy lime Pock Flavor	ไวไว	60	467	10	61.7	20
8850100207029	WAI WAI 500 g	WAI WAI	50	377	7.5	84	0.9
8850112001127	Poisson épicé Barbecue 42.5G			328	16.3	64	0.8
8850112003275	Ten Jang stick			337	15	67	1.1
8850112003305	Ten Jang Spicy	Ladybird	42.5	328	16.3	64	0.1
8850112116111	Ladybird Brand	Ladybird Brand	15	333.3	66.7	0	3.3
8850120990253	Moniegold Chwy TMRND Cndy 95GM	Moniegold	6	416.7	0	100	0
8850122401153	มุ่งกรณ์กู 83 g	มุ่งกรณ์กู	83	313.3	7.2	60.2	4.2
8850122401214	Mung Korn Koo Brand 81 g	Mung Korn Koo Brand	81	358	4.9	66.7	8.6
8850122801274	วุ้นเส้นก๋วยเตี๋ยวเรือน้ำตก	มังกรคู่เรดดี้	42	309.5	2.4	64.3	4.8
8850123110818	Tuna Mayonnaise Daily Sandwich	Farmhouse	55	254.5	6	21	3.5
8850124007889	Nestle Coffeemate S / Pack - 450G	Nestlé		550	1.2	56.7	35
8850124020307	Nestle Coffee Mate 170G	Nestle		546	2	56	35
8850124025258	Nescafe Latte Can 180ML	Nestlé	180	44.4	1.1	6.1	1.4
8850124034519	3 In 1 Coffee Mix Powder 19,4 GR Nescafe	Nescafe	17	470.6	5.9	82.4	11.8
8850124048318	Nestlé 35 g x 3	Nestlé	17	529.4	5.9	58.8	29.4
8850124072955	ESPRESSO CONCENTRATE RICH ARABICA BLEND Black	NESCAFE	50	8	0.8	0.2	0
8850124081872	Coffee Mate	Nestlé		551	1.2	57.8	34.9
8850124085917	Nescafe Classic 3in1	Nescafe		4	1.5	75	12.2
8850125080683	MILO 3 in 1	Nestle	25	391.3	20	64	6
8850127003819	Expresso roast	Nescafé		80	2	17	1.5
8850127007183	Nestea	Nestlé		25	0	6	0
8850127009873	Nestle Milo powder 520g	Nestlé		414	11.7	68.2	10.5
8850128030029	Nescafé Red Cup Instant Coffee Jar Size 200 G.	Nescafe		250	0	50	0
8850144210740	โจ๊กหมู คัพโจ๊ก	KNORR	55	360	9.1	74.5	2.7
8850144213949	CupJok, Pork and Seaweed	คนอร์	35	0	0	0	0
8850144230748	Knorr Hot Meals Arroz Caldo	Knorr	32	365.6	9.4	75	3.1
8850144231578	Mashed potato cheese Flavour	Knorr	26	384.6	7.7	76.9	5.8
8850153333058	3 Lady Cooks Sardine In Tomato Sauce	สามแม่ครัว	77	129.9	13	2.6	7.8
8850153449018	คั่วกลิ้งปลาแมคเคอเรล	สามแม่ครัว	40	400	22.5	65	5
8850155000866	strawberry milk drink			50	0.4	10.4	1.2
8850157100519	Collagen 700mg and Vitamin C	jele	150	19	0.8	3.4	0.1
8850157400190	Bento Squid Seafood			333.3	27.8	50	5.6
8850157405829	Bento mixed seafood snack			345	26	55	2.2
8850157405836	Bento Mixed Seafood Snack		20	350	20	65	0
8850157405881	Mixed seafood snack			351	24	57	2.5
8850161150333	Kokosnussmilch	Sincere		64	0.9	0.9	6.3
8850161161292	Coconut water	cocomax	250	28.8	0	7.2	0
8850161161353	Coconut water with pressed coconut	Cocomax	250	24.8	0.2	4.9	0.5
8850161166150	Lait de coco			184	1.6	1.9	19
8850173570327	Pure tamarind paste	NAMJAI	10	110	1	24	0
8850180040028	Tempura	DMI TRADING		358	13	72	1
8850187000421	Riz parfumé jasmin	GOLDEN ROSE		351	7	80	0.5
8850187002586	Ri-O 55g	Ri-O	27	449	5.5	67	17
8850187002623	RI-O			466	6.6	67	19
8850187003699	Thai Rice Stick Noodles	Royal Umbrella Brand		360	6	82	0
8850187409057	Riso Glutinoso	Royal Umbrella	45	351	6.8	79	0.5
8850188270106	Milk	Foremost	200	65	3	4.5	4
8850188420204	นมเปรี้ยวรสส้ม	โยโมสต์	180	83.3	1.7	17.2	0.8
8850188420600	โยโมสต์ 180ml	โยโมสต์	180	83.3	1.7	17.2	0.8
8850188804295	Foremost 80 ml	Foremost	80	50	1.2	7.5	1.9
8850189011401	เมล็ดทานตะวันกระเทาะเปลือก	ดอกไม้	30	633.3	26.7	23.3	46.7
8850189016260	Roasted pumpkin kernels	Flower Food		608	32	8	48
8850206010134	Mushroom Soy Sauce	DEK SOM BOON		45	6.5	4.5	0
8850206011063	Soy Sauce			41	3.4	6.9	0
8850206011148	Soy sauce Japanese style	Healthy Boy Brand	100	57	8.6	5.6	0
8850206011155	Soy sauce			60	5.5	10	0
8850206012039	Healthy boy soy bean sauce	Healthy Boy Brand	100	39	3	6.6	0
8850206016136	Soy Sauce	Healthy boy brand		41	3.4	6.9	0
8850206016501	Sauce Soja avec Piment	Healthy Boy		61	8	6	0
8850206061259	Black Soy Sauce	Healthy boy brand		298	0.3	73	0.6
8850206062041	Black soy sauce			268	4.7	60	0.9
8850206063130	LTD 250ml	LTD		252	2	60	0.6
8850206066476	Sauce Soja Noire			224	4.5	51.6	0
8850206067053	Black Sweet Soy Sauce	Healthy boy brand		343	2.8	81	0.8
8850206068081	Black Soy Sauce	Healthy boy brand		224	4.5	51.6	0
8850206070121	Sauce soja sucrée	Healthy boy brand		292	1.2	72.9	0
8850206071081	Healthy Boy Black Sweet Soy Sauce	Healthy Boy Brand	100	344	2.8	81	0.8
8850206110063	Sweet Chili Sauce	Healthy boy brand		195	12	47	0.3
8850206110124	Sweet chilli sauce	Healthy boy		162	1.2	40	0
8850206112609	Sriracha chilli sauce	Healthy Boy Brand		130	1.5	31	0.5
8850206114139	Sauce Pour Nems Healthy Boy	Healthy boy brand		186	0.6	46	0.2
8850206117109	Thick oyster sauce	Dek Som Boon		102	0	25	0
8850206117116	Oyster Sauce	Dek Som Boom		116	1.1	28	0
8850206117130	Austernsauce - Oyster Sauce - Sehr Delikat! - HBB - 250ML	Healthy boy brand		122	1.5	29	0
8850206121656	Thai Spicy Dipping Sauce Nam Jim Jaew	healthy boy brand		172	3.3	38	0.5
8850206124022	Sauce Sukiyaki 800G	healthy boy brand		184	6.2	26	5.7
8850206124114	Sukiyaki sauce			184	6.2	26	5.7
8850206124121	Sauce Sukiyaki	Healthy boy brand		158	5.5	23	4.8
8850206125128	Vegetarian chilli sauce	Healthy boy brand		554	0.5	31.4	0.5
8850206160020	Sojabohnen Paste Healthy Boy Thailand			138	10.1	17.4	3.1
8850206160105	Pate De Haricot De Soja	Healthy boy brand		138	10	17	3.1
8850206212026	Sauce Assaisonnement HB	Healthy boy brand		42	6.4	4	0
8850206220120	Mushroom Vegetarian Sauce 300ML Healthy	Yan Wal Yun Co. LTD		77	2.4	17	0.5
8850206220137	Süß-Saure Sauce, HEALTHY BOY BRAND	Yan Wal yun Co		176	0.6	42	0.6
8850206225132	Black pepper stir fried	HEALTHY BOY BRAND	15	120	1	26	1.5
8850206227136	Bar-b-q Steak Cooking 250ML (BBQ Sosse)	Dek Som Boon		180	2.5	41	0.5
8850206230501	Fish Sauce	Healthy Boy Brand		40	6	3.6	0
8850206250868	Yakitori Sauce	Dek Som Boon		115	2.8	26.1	0
8850206250875	Yakiniku Sauce	Thai Fong	280	109	4.4	22	0.2
8850206250912	sauce soja gluten free	healthy boy brand		41	2.1	8.1	0
8850206251117	Thick oyster sauce			120	0	30	0
8850206251124	Black Soy Sauce Orange Label	Healthy Boy Brand		268	5.5	60	0.8
8850206251865	Oyster Sauce	Healthy Boy Brand		102	0	25	0
8850206252350	Sauce teriyaki	Healthy boy brand		126	3.3	28.2	0
8850206701544	Pad Thai Sauce	Healthy boy brand		332	3.2	77.6	1.1
8850206701582	Yellow curry	Healthy Boy Brand		25	0	5	0
8850206800766	Healthy Boy Brand 250 ml	Healthy Boy Brand	100	44	5.8	5.3	0
8850206801251	Hot Basil cooking sauce	Healthy boy brand		73	0.6	16.1	0.6
8850206801664	Stir Fry Wok sauce	Healthy boy brand		90	0	22	0
8850206901524	Fish Sauce	Healthy Boy Brand		40	6	3.6	0
8850213107506	Original Nam Pla	Oyster	15	67	13.3	6.7	0
8850213162000	Fish Souce	หอยนางรม	15	66.7	13.3	6.7	0
8850213607518	Fish sayce			340	8	8	0
8850227000060	Lait de coco	Leader Price		166	2.1	2.4	17
8850227020853	Last de coco	IHart		86	0	1.1	8.9
8850227021218	Latte di cocco	thai coco		138	1.1	5.6	12
8850227022635	Coconut beverage			1	29	12	8
8850227022741	Coconut beverage cholotate flavor	Thai coco	280	50	0.7	5	2.9
8850227022901	Coconut beverage			49	2	13	8
8850227022925	Coconut Beverage	thai coco		26	0	3.5	1.3
8850227022963	Coconut Beverage			45	0.9	4.5	2.6
8850227023021	Roasted coconut bar			180	3	12	12
8850227023717	Olio di cocco			900	0	0	100
8850227023977	Coconut crispy rolls			495	2.1	72	22
8850227026909	suree	suree	400	72	0.2	3.2	6.4
8850227028057	Natural Coconut Water			17	0.1	4.2	0
8850227033921	Coconut Almond beverage			29	0	3.2	1.3
8850227033938	Coconut rice beverage			26.2	0.4	4.2	1
8850227034522	Culinary Coconut Milk			177	1.8	3	18
8850227111049	Coconut Milk			174	1.7	1.9	17.7
8850228000403	สปอนเซอร์ ดั้งเดิม	Sponsor	250	48	0	11.6	0
8850228000779	sunsnack	sunsnack dunk brand	12	583.3	25	33.3	33.3
8850228005781	Redbull Plus 250ml	Redbull Plus		27	0.4	6.4	0
8850229101857	ปลาแมคเคอเรลในซอสมะเขือเทศ	มงกุฎทะเล	72	62.5	11.1	2.8	0.7
8850231014411	คัพเค้ก กล้วยใบเตยมะพร้าวอ่อน	s-p	55	400	3.6	43.6	23.6
8850231130043	s-p 200 ml	s-p	200	55	0	13.5	0
8850231520363	Black Sesame Dumplings In Ginger Syrup	เอส แอนด์ พี	150	186.7	2	27.3	8
8850231840607	Chicken Green Curry with Rice and Omelet	s-p	240	191.7	6.2	25.8	7.1
8850250000730	yumyum 67 g	yumyum	67	462.7	10.4	59.7	20.9
8850250000754	Instant Nudeln mit Tom Yum Garnelen Geschmack	Yum Yum		74	1.2	10	3
8850250000761	Yum Yum Jumbo Instant Noodles Pad Kee Mao 67G.	yumyum	67	462.7	9	64.2	19.4
8850250002079	Instant Flat Shaped Noodles Suki Flavour Yum Yum	Yum Yum	55	240	7.3	2	34
8850250002994	Instant Noodles Tom Yum Kung Flavour	yumyum	63	460.3	7.9	58.7	22.2
8850256100106	Mitrphol Refined White Sugar 1KG.	Mitr Phol		400	0	99.9	0
8850267112136	แลคตาซอย รสช็อกโกแลต	Lactasoy	250	80	2.8	11.2	2.8
8850267112143	Lactasoy Soymilk	Lactasoy	300	56.7	2.7	6	2.3
8850267112228	Lactasoy Original	Lactasoy	250	72	2.8	8	3.2
8850267112235	Lactasoy Soy Milk Chocolate	แลคตาซอย	200	70	2.5	8	3
8850267112822	Lait de Soja	lactasoy	250	68	3.2	6.8	3.2
8850267112884	Lactasoy Soy milk	Lactasoy		130	0	0	0
8850267900009	Soy milk - Black sesame	Lactasoy		70	3	8	3
8850267900023	Soymilk Black Sesame Flavoured	Lactasoy		50	7	16	6
8850267900122	Soy milk unsweetened	Lactasoy	250	48.8	2.8	2	3.2
8850267900139	lactasoy 500 ml	lactasoy	250	44	3.2	2.4	2.4
8850267901204	มามีมี่ 300 ml.	มามีมี่	300	23.3	0	5.7	0
8850269481872	ข้าวต้มหมู	EZYGO	350	65.7	3.1	10.3	1.4
8850274025313	C-vitt			25	0	6	0
8850282392360	Colyn josette	King		824	0	0	92
8850291100031	BBQ Sunflower	Tong Garden	15	533.3	20	40	33.3
8850291100475	Wasabi Coated Green Peas	Tong Garden	30	466.7	13.3	60	16.7
8850291101557	Wasabi Coated Green Peas	Tong Garden		460	15	61	17
8850291101878	Oven Roasted, Salted Almonds	Tong Garden	30	633.3	20	16.7	56.7
8850291102165	Tong Garden Tin Wasabi 180 GM	Tong Garden	30	400	16.7	66.7	8.3
8850291103285	Dried mango			100	1	20	0
8850291104060	Nutrione cashew nuts	tong garden	30	600	20	30	46.7
8850291104497	Nutrione Baked Almonds	NutriOne	30	580	21.7	33.7	39.7
8850291110511	Tong Garden Salted Peanuts 20G	Tong Garden		650	25	20	55
8850291110719	salted peanuts	Tong Garden	38	657.9	26.3	15.8	55.3
8850291111204	Wasabi coated green peas			466.7	13.3	60	16.7
8850291111600	Tong Garden Tin Peanut 150GM	Tong Garden		680	26.7	16.7	53.3
8850291510410	Party Snak	Tong Garden		120	5	13	6
8850293200098	Soya Sauce	Maekrua gold label		74	2	16	0
8850305380053	Bonbon Tamarin 96G	AMIRA		395	0.1	98	0.4
8850309150034	Cream O Biscuit Vanilla 117G			500	6	33	23
8850309150058	Cream-o Sandwich Cookie Vanilla Flavor Size 80 G.			150	2	60	7
8850309201422	Magic sandwich cracker			4	3	17	8
8850309201699	Sandwich Cookies with Cream and Blueberry Flavored Jam			514	5.8	60.5	27.5
8850309203235	ฟันโอ 45 g	ฟันโอ	30	500	6.7	70	20
8850310000137	Tempura			344	9.4	73	1.2
8850316010062	Préparation Pour Boisson à Base De Gingembre	Gigen		1	1	25	1
8850316010109	Fig Preserve			282	0.5	70	0.5
8850316010246	Gingen	Gingen	5	371	1.2	93.6	0
8850329005178	Paigen Cultured Yoghurt Drink Lower Sugar	Meiji	160	38.8	1.5	7.6	0.3
8850329016792	Greek Yogurt	Bulgaria by Meiji	110	81.8	3.6	12.7	1.8
8850329031191	โยเกิร์ตชนิดก้อนผสมน้ำผึ้ง	เมจิ	110	90.9	3.6	14.5	1.8
8850329031474	โยเกิร์ตชนิดก้อน ไขมันต่ำ	เมจิ	110	60.9	3.5	4.8	3.1
8850329031757	Set Yogurt with Strawberry	Meiji Bulgaria	110	81.8	3.6	12.7	1.8
8850329051199	0% Fat Lactose Free Milk	เมจิ	200	30	3	4.5	0
8850329066797	meiji. Bulgaria	Bulgaria Yoghurt	110	80.9	3.2	13.1	1.7
8850329101290	High Protein Pasteurized Milk Strawberry Flavored	CP	350	54.3	9.1	2.9	0.6
8850329183715	Meiji 4.3 deluxe milk	Meiji	100	72	3	4.9	4.5
8850329236374	เมจิออริจินัล	เมจิ	145	69	1.4	15.2	0
8850329236381	เมจิรสผักและผลไม้รวม	เมจิ	145	69	1.4	15.2	0
8850329240210	Berry Yogurt	เมจิ	140	71.4	0.7	12.9	0.4
8850329240357	นมเปรี้ยวรสลิ้นจี่	เมจิ	140	71.4	2.9	12.9	0.7
8850329240449	นมเปรี้ยว เมจิ บัลเกเรีย สตรอเบอรรี่	Meiji	140	71.4	2.9	12.9	1.1
8850329309610	Meiji cp yoghurt	Meiji		87	3	15.3	1.5
8850329315031	Cp-meiji - Low Fat Yoghurt With Mango	Meiji		84	3	14.5	1.5
8850329315611	โยเกิร์ตสูตรโอเรียนทอล	เมจิ	140	78.6	2.9	14.3	1.1
8850329315918	Meiji Soft Yoghurt Mix Berry	เมจิ	135	83	3	14.1	1.6
8850329349432	โยเกิร์ต รสแอปเปิ้ล	Meiji	135	74.1	3	14.8	0
8850329349555	โยเกิร์ตผสมวุ้นมะพร้าว ตราเมจิ	เมจิ	135	51.9	3.7	9.6	0
8850329349562	เมจิ สตรอเบอร์รี่ ไขมัน 0%	เมจิ	135	51.9	3	9.6	0
8850329349678	Peach Flavor Yoghurt	CP	135	96.3	3	16.3	2.2
8850329349739	เมจิ 135 g	เมจิ	135	44.4	3	8.9	0
8850329351015	Low fat yogurt with aloe vera	Meiji	135	85.9	3	14.8	1.6
8850329412013	นมเปรี้ยว ไพเกน	Meiji	85	70.6	1.2	16.5	0
8850329445011	เมจิ พายเก้น	เมจิ	200	60	1.5	13	0
8850329807130	Natural Flavoured Culture Drinking Yoghurt	Meiji Life	80	75	1.2	16.2	0
8850329846559	เมจิ ซีโร่	Meiji	155	22.6	1.3	4.5	0
8850332250114	Strawberry flavoured sandwich cookies	Imperial	31	492.2	6.8	68.4	21.3
8850338032752	Bonbons red bull			1	0	1.2	2.8
8850338034404	Chewing-gum			12	0	3	0
8850343010059	Sweet chilli sauce			214	0	51	1.1
8850344000011	Sweet chilli dipping sauce	Suree	25	175	0	43	0
8850344000059	Suree Sauce Spring Roll 295ML	Suree		280	0	68	0.9
8850344000066	Sweet & Spür Douche	Suree		535	0	31	0
8850344000097	Green salad dressing	Suree		120	0	30	0
8850344000103	Pad Thai Sauce	Suree		241	0.8	59	0.5
8850344000271	Chili sauce	Suree		103	0.8	22	0.7
8850344000288	Sriracha Chili Sauce	Suree	100	103	0.8	22	0.7
8850344000417	Aceite De Sésamo Suree 150ML			900	0	0	100
8850344000479	Sweet Chili Sauce	Suree		207	0	51	0
8850344000721	SUCREE INTERFOOD	SUCREE INTERFOOD		183	0.5	42	1.3
8850344000820	Sauce piment  sriracha	Suree		95	0.7	20.4	0.9
8850344000868	200ML Sauce Piment Poulet Suree	SUREE		183	0.5	42.3	1.3
8850344000936	Suree Sriracha Chilli Sauce Exyra Hot	Suree	15	103	0.8	22	0.7
8850344000950	Chilli sauce	Suree		435	1	22	1
8850344001155	Süße Chili Sauce Von Suree	Suree		190	0.5	45	0.6
8850344001179	Sauce - Suree Chili Spring Roll 960 Ml	Suree		280	0	68	0.9
8850344001254	Sweet plum	Suree		251	0.5	61	5
8850344001834	SAUCE CHILI SWAEET MANGUE 150ML		18	211.1	0.6	47.8	0.6
8850344002510	Sauce piment doux à la citronnelle	Suree		205	0.4	49.4	0.6
8850344002541	Sauce pour nems	Suree		282	0.2	68.3	0.9
8850344003258	Suree 400ml	Suree		165	0.5	2.9	17
8850344003531	Suree 165ml	Suree		165	0.5	2.9	17
8850344004514	Coconut milk			170	1.8	2.4	17
8850344005627	Crying Thaiger Sauce	Sriracha	5	112	0.8	24	1.2
8850344005641	Crying Thaiger	Crying Thaiger		176	0.7	43	0
8850344005658	Sriracha chili sauce wasabi	GRYING TIGER		99	0.5	24	0
8850344010041	Sweet chilli sauce	Sure		188	0.5	45.2	0.6
8850344010157	Spring roll sauce	SUREE		262	0.5	64.9	0
8850344010164	SUREE 300g	SUREE		280	0	66	0.9
8850344011604	Suree Sesame Oil			900	0	0	100
8850344200015	Instant Thai Red Curry	Suree	200	53.5	0.3	2.5	4.7
8850344200190	Coconut Cream	Suree		210	2.2	5.2	20
8850344200206	Lait de coco	Suree		129	1.3	1.8	13
8850344321420	Tamarind Paste	Suree		111	1	24	0.2
8850344321468	Suree Rice Sticks 3MM			353	5.8	82	0.5
8850345951275	Brown Rice oil			339	0	0	91.7
8850346114303	foremost ช็อกโกแลต	foremost	200	81.5	3	14	1.5
8850346202208	โยเกิร์ตรสธรรมชาติไขมันต่ำ	โฟร์โมสต์	135	81.5	3.7	13.3	1.9
8850346202826	โฟร์โมสต์พรี-โปรพลัส	Foremost	140	100	3.6	18.6	1.4
8850358372838	Muesli	แม็กกาแรต	50	380	8	76	4
8850363000030	Vermicelles de riz			363.6	7.3	85.5	0
8850363000160	Bonbons au tamarin			91	0.1	93.5	1
8850363000290	Champignons noirs fongus séchés			284	0.6	73	0.7
8850363000511	Rice vermicelli (beehoon) vermicelle de riz			200	3	46	0
8850363300925	Pickled ginger			65	0	2	0
8850363500257	Jeune epis de maïs entier			0	0	0	0
8850367300013	Mae Ploy, Red Curry Paste	Theppadungporn Coconut Co.  Lt	15	133.3	6	24	0
8850367300020	Green Curry Paste	Mae Ploy	10	100	0	20	0
8850367300037	Mae ploy, panang curry paste	Mae Ploy		150	0	1	0
8850367900206	Roasted coconut chips	Chaokoh		680	6.5	29	59
8850367990733	Mae Ploy Longans In Syrup	Mae Ploy		84	0.2	20.8	0
8850367990931	Junge Grüne Jackfruit In Sole - Green Jackfruit - 560 GR.	Mae Ploy		29	1	5.8	0.2
8850367991198	Mae Ploy Sweet Chilli Sauce (blue)	Mae Ploy		217	0.9	51.4	0.9
8850367991969	Huile De Coco Vierge	Chaokoh		820	0	0	91
8850367992997	Lait de coco ttc			183	1.8	2.2	18.6
8850367993000	Lait de coco	chaokoh	80	183	1.8	2.2	18.6
8850367994045	Vegetarian red curry paste	Mae Ploy		101	4.4	15	0.7
8850367994120	Vegetarian Yellow Curry Paste	Mae Ploy		153	5.3	22.7	1.9
8850369010354	Infusions the Senna Fitne Herbal	Herbal		4	0	0	0
8850369012327	Fitne Senna Tea Flavoured With Chrysanthemum, 40GR			1	0	0.2	0
8850370481143	Green tea Chatramue brand			1	0.1	0	0
8850370481150	MILK GREEN TEA			1	0.1	0.2	0
8850370721119	Serbuk chatramue red			0	0	0	0
8850372000366	Farine de tapioca	GOLDEN PHOENIX		156.7	1.3	36.3	0.3
8850372000403	Bean Vermicelli	Pine brand	40	350	0	87.5	0
8850387000733	Coconut Ice Cream	Cremo		119.7	2.4	15.6	5.4
8850387002898	Glace au pandanus avec nata de coco	Cremo		0	0	0	0
8850388540993	unif fresh mixed vegetables		250	50	0	12	0
8850388543161	Unif Mixed Vegetable Juice With Green Leafy Vegetables	Unif		100	0	24	0
8850389101698	Mogu Mogu Mogu Lychee / Nata De Coco	Mogu mogu		53	0	13	0
8850389103302	Mogu Mogu Raisin	Mogu mogu		52	0	13	0
8850389103326	Mogu Mogu Mango 320	Mogu mogu		36	0	8.9	0
8850389103463	Mogu Mogu Litchi & Nata de Coco			53	0.5	12.8	0
8850389105832	Sappe Aloe Vera Drink With Apple 1L			1	1	23	1
8850389105849	Aloe vera			24	0	6	0
8850389107089	Boisson à base de concentré de Litchi et Nata de Coco	Mogu Mogu	320	53	0.5	12.8	0
8850389107096	Jus de fraise MOGU MOGU	Mogu Mohu		50	0.3	12.1	0
8850389107508	Mogu Mogu			54	0	13	0
8850389109236	Mogu Mogu Lemon Flavored Drink	Mogu mogu		170	0	43	0
8850389109762	Mogu Mogu	Mogu mogu		54	0	13	0
8850389110515	Mogu mogu	Mogu mogu		51	0	13	0
8850389110560	Jus de fraise avec nata do coco	Sappè		52	0	13	0
8850389110577	Mangue & Nata de Coco	Mogu Mogu	320	52	0	13	0
8850389110584	Mogu Mogu Ananas	Mogu Mogu		51	0	13	0
8850389111437	Mogu Mogu Meloen 320 ML Sappe	Mogu mogu		52	0	13	0
8850389111987	Mogu mogu	Mogu mogu		50	0	12	0
8850389112601	Melon et nata de coco	Mogu Mogu		50	0	12	0
8850389113264	Mangue Coco	Mogu mogu		36	0	8.9	0
8850389113493	Boisson	Mogu mogu		46	0	11	0
8850389113721	Passion fruit flavoured drink with nata de coco	Mogu mogu		46	0	11	0
8850389115770	Aloe vera			17	0	4.2	0
8850389115787	Aloe vera - goût pomme			16	0	4	0
8850389116197	Ice burst	Mogu mogu		53	0	13	0
8850389116357	Peach Flavored Drink with Nata de Coco	Mogu mogu		46	0	11	0
8850389116500	Ice burst	Mogu mogu		55	0	14	0
8850389116937	Mogu Mogu	Mogu mogu		36	0	8.9	0
8850389116968	Mogu Mogu	Mogu mogu		52	0.1	13	0
8850389117064	Mango flavord water	Mogu mogu		36	0	8.9	0
8850389118214	Peach flavor	Mogu mogu		46	0	11	0
8850389118498	Aloe verra pêche			10	0	2.3	0
8850389120088	MOGU MOGU ZERO SUGAR SUMMER BERRIES FLAVORED DRINK	Mogu Mogu	320	10	0	2	0
8850389302071	คอลลาเจน 1,000 มก. + ไฮ วิตามินซี	Sappe	150	40	0.7	9.3	0
8850393800020	นมเปรี้ยวรสส้ม	บีทาเก้น	140	78.6	1.4	15	1.1
8850393800402	บีทาเก้นไลฟ์	Betagen	85	41.2	1.2	8.2	0
8850393800532	โยเกิร์ต รสออริจินัล	บีทาเก้น	90	77.8	2.2	12.2	3.3
8850393801096	Betagen Light	Betagen	150	38	1.5	7.8	0.1
8850393802178	Betagen PRO Original Flavour	Betagen	300	50	5.3	5.3	0.8
8850393919968	Betagen low fat formula	บีทาเก้น	150	66.7	1.3	16	0
8850393919982	บีทาเก้น สูตรนมพร่องมันเนย	บีทาเก้น	85	70.6	1.2	16.5	0
8850393991834	บีทาเก้น รสสับปะรด	บีทาเก้น	85	82.4	1.2	15.3	1.2
8850412371036	FF tom-yum seafood noodles			450	10	58.3	18.3
8850412371494	FF braised chicken noodles			450	10	61.7	18.3
8850412373658	FF bowl mushroom	FF	66	441	8	69	15
8850412504021	Tomato Flavoured Cracker	Fashion Food Co.	15	538.5	6.7	60	30
8850423000086	Sirop Concentré	Hale's Blue Boy	30	350	0	90	0
8850424002379	COPP			140	3	29	1
8850425002941	euro 17 g	euro	17	410	7	50	20
8850425003832	Butter cake			452	6	47	27
8850425003979	Choco pie			525	6.2	55	30.9
8850425005027	เอลเซ่เค้กกลิ่นใบเตย	เอลเซ่	15	466.7	6.7	60	20
8850425007830	Euro Cake Pandan			405	6.6	53.3	18.1
8850426000113	Euro Cake			400	7.9	48.8	18.8
8850448083057	นมยูเอชทีตราคันทรีเฟรช	คันทรีเฟรช	200	65	3	5	4
8850448084016	นมเปรี้ยวรสผลไม้รวม	คันทรีเฟรช	180	77.8	1.7	17.2	0.6
8850451002144	Sirop Concentré Lychees	Golden Pan		200	0	50	0
8850487000459	Thai Crispy Chilli Larb Flavour	Mae Pranom	20	557	10	45	37
8850487029115	Shrimp Paste			123	24.9	0	2.6
8850487056111	Pad thai seasoning mae pranom			265	0	66	0.1
8850511121181	Mackerel in Tomato Sauce	Roza	85	83.9	16.5	2.4	5.3
8850521113121	Reis Tagliatelle, 5MM Breit	Banh Pho		356	7	80	0.8
8850521141216	Reismehl	Oriental Food co ltd		352	1	87	0
8850521151215	Klebreismehl	Oriental Food CO LTD		360	6	84	0
8850521692213	Geschälte Mungbohnen	Golden Chef	25	360	24	60	2
8850521950153	Nouilles de riz	How How	100	345	6.5	76.2	1
8850521950306	Farine de tapioca	Farmer Brand	30	366.7	0	93.3	0
8850521950337	Nouille de riz			360	7	41	0.8
8850521950344	Rice Stick			356	7	80.3	0.8
8850521950627	Banh 400 g	Banh	50	345	6.5	76.2	1
8850521950672	Nouilles de riz 10mm	Oriental Food Co. Ltd		356	7	80	0.8
8850521950849	nouilles de riz	banh pho'th'o'ng hang	80	358	7	80	0.8
8850521950863	Vermicelles de riz			358	7	80	0.8
8850524331058	Muslitos del Mar			148	6.3	27	1.6
8850534122202	Ros Thai Thai			245	3.8	34	10
8850539240437	Green Curry Paste	Maesri	16	63.8	0	10.5	0
8850539250047	Green curry soup	Maesri	133	138	1.4	4.8	12.4
8850545155114	Sauce de poisson Tiparos	TIPAROS		77	11	8	0
8850545455542	Sauce de poisson			77	11	8	0
8850545757578	Tiparos Fish Sauce	Tiparos	15	77	11	8	0
8850545779990	Fish Sauce Nuoc mam	Tang Sang Hah Co.LTD		77	11	8	0
8850554565690	สปาเก็ตตี้ไก่ซอสมะเขือ ตราอีซี่ช้อยส์	Ezy choice	235	131.9	5.5	16.2	5.1
8850554640953	Pad thai sauce			282	2	21	1
8850554642162	Thai Pad ka prow	Thai Aree	90	288.9	5.6	56.7	3.9
8850554646252	Thai red curry paste			50	0	5	3.5
8850554646450	Thai lemongrass chicken			166.7	6.7	33.3	0
8850578910018	Nouille Pad Thai 300G			333	5.3	77.3	0.7
8850580000202	Kopiko Cappuccino Candy Bag			449	0.9	85.4	11.5
8850581116124	Coconut			866.7	0	0	93.3
8850581116308	Naturel Rice Bran Oil			840	0	0	93.3
8850585990584	Jus De Fruits Mangue Jus Cool	Jus Cool		128	0	31	0
8850585992342	Pink Guava Drink			72	0	37	0
8850585992496	Basil seed drink with passion fruit			52	0	13	0
8850620000605	Fish sauce	Squid Brand		55	10	3.4	0
8850620888258	Sauce Poisson Ca Com 725ML Thailande			55	10	3.4	0
8850620888272	Fish Sauce	Squid		66.7	6.7	6.7	0
8850620888302	Sauce Poisson Ca Com 300ML	Ca Com		226	11	2	0
8850620888326	Fish Sauce			55	10	3.4	0
8850620888388	Vegan Fish Sauce	Squid Brand		49	8.8	3.4	0
8850624038147	Kato Blackcurrant			28	0	6.2	0.3
8850624189719	Young coconut	KATO		42	0	9.8	0.3
8850624221907	โอโลโนว่า 320 ml	โอโลโนว่า	320	21.9	0	5	0
8850624395202	Kato strawberry	KATO		24	0.1	5.8	0
8850624525739	Mystery emoji			20	0.1	4.7	0
8850632600367	Sour punk	Sour Punk	50	378	1.8	88	2
8850632601104	Extreme Z raspberry			376	1.7	87.7	2
8850632607915	Cols Frit-C	Extreme.z	25	372	2.4	84	2.8
8850643000569	Crevettes hachées aux épices	Por Kwan		138	5.8	11	7.9
8850643000712	Satay Peanut Sauce for Chicken and Pork	Por Kwan	25	533.3	3.8	27	10
8850643000910	PorTom Ka Kai, Thai Style Instant Sour Spicy Coconut Paste	Nr. Instant Produce Co.  Ltd.	15	178	3.5	26	6.6
8850643001054	Pâte aigre et piquante instantannée			255	2.8	16	20
8850643002211	Por Kiwan, Chilli Paste	Nr. Instant Produce Co.  Ltd.	15	67	0	13.3	0
8850643002310	Por Kwan, Instant Beef Flavor Paste	Nr. Instant Produce Co. Ltd	10	150	0	20	10
8850643002433	Pho Préparation Soupe Boeuf 227G	Phoenix		145	5.1	15	7.2
8850643002617	Assaisonnement pour soupe de canard instantané	Por Kwan		189	6.9	22	8.2
8850643003119	Sweet Chili Sauce Chicken	Por Kwan		149	0.5	37	0
8850643004666	Crabes Hachés épicés Por Kwan 160G	Por Kwan		138	5.6	11	8
8850643005212	Sauce prune aigre -doux	Por Kwan		165	0	41	0
8850643007612	Por kwan, ground chilli with frid garlic	Nr. Instant Produce Co.  Ltd.	15	467	6.7	20	40
8850643012968	Préparation Soupe Tom Yum 225G	Por Kwan		255	2.8	16	20
8850643016539	Sauce Salade Thaï Épicée	Por Kwan		101	0.9	24	0
8850643018717	Sauce Satay 227 G			390	5	16	34
8850643023414	Ginger from Fresh Rhizomes	Lee Brand	15	12	0.5	3	0
8850643024732	Por kwan, sour soup base mix	Por kwan	10	50	0	10	0
8850643026910	NAM VANG	Por kwan		172	4.9	18	8.9
8850643027016	Pã¢te Crabe épicée Bun Rieu	Por kwan		157	5.7	14	8.7
8850643027610	Tom kha soup	Por Kwan		59	0.8	5.5	3.7
8850643027818	Por Kwan, Instant Hot And Sour Paste, Tom Yum Paste	Nr. Instant Produce Co.  Ltd.	15	333	6.7	13.3	26.7
8850643028419	Preparation Pour Soupe Poulet	Lee Brand		137	7.4	22	2.1
8850643033413	XO Sauce			397	9.5	11	35
8850643036117	Lee Pho Broth Powder 2 30	Lee Brand		207	9	35	3.4
8850643037015	Won Ton soup base mix	Shanggie		184	9.1	24	5.7
8850643038012	Sushi Ginger			40	0	10	0
8850643055415	Seasoning sauce	Lee Brand		34	6.1	2.3	0
8850643057211	Lee Pho Broth Mix, 8 Oz (24-count)			45	12	0.9	0.5
8850643057419	Lee (S) Vegetable Broth Mix 24 8Z			175	4.4	22	7.6
8850643058324	Por Kwan, Red Curry Soup	Nr Instant Produce Co.  Ltd.	110	100	2.7	6.4	7.3
8850643058416	Lee Rice Vinegar	Lee Brand		84	0	21	0
8850643064011	Sauce Poivre Noir Lee	Librand		50	2.6	10	0
8850643064127	Shrimp Paste Pâte De Crevette Fin Por Kwan 227G			15	0	4	0
8850643064165	Purée D'ail Lee Brand 200G Thailande	Lee Brand		80	2.8	15	1
8850643066732	Satay seasoning mix	Por Kwan	25	400	8	64	10
8850643066749	Préparation pour grillades de poulet	POR KWAN		277	4.4	63	0.9
8850643066961	Hokkien noodles with kung pao sauce			133	3.9	25	1.9
8850643066978	Hookie Noodles	Hai Delight	165	157.6	4.8	24.2	4.8
8850643067036	Hokkien Noodles Indonesian Mie Goreng			133	3.6	24	2.4
8850643068002	Chilli Lemon Grass 130G Thai Delight			72	0	13	2.2
8850643068026	Sauce Plat Sauté 130G			60	0.9	14	0
8850643068040	Sauce Pad Thai 130G			148	2.5	29	2.4
8850643068064	Coriander Ginger & Chilli Sauce			50	0.6	12	0
8850643068071	Sauce Tamarin-coriandre 130G			72	0.9	17	0
8850643070333	Sauce Piment Fort Sriracha PSP	PSP		64	0.9	8.7	15
8850643071255	Mam nem			53	5	6	1
8850643073358	Konjac Fettuccine			9	0	0.6	0
8850649200413	Jackfruit in brine	new Lamthong	140	30	1	7	0
8850653192353	Deep Fried Fish with Herb & Spicy Sauce with Rice	Choice	250	168	8	27.2	2.8
8850653205268	Garlic and Chili Tender Chicken Breast	CP Delight	80	112.5	22.5	2.5	0.6
8850653794281	สปาเก็ตตี้ผัดขี้เมาไก่	EZYGO	250	140	6.8	25.2	6
8850653795127	ไข่ตุ๋นคัพ CP Japan Style	CP	150	53.3	4	2.7	3
8850653796285	Fried Macaroni with Chicken	EZYGO	225	182.2	6.2	23.1	7.1
8850653797022	Spicy Minced Pork & Grilled Pork with Rice	EZYGO	230	169.6	6.5	25.2	4.8
8850653933123	Jakapad Shrimp Dumplings	CP	145	82.8	4.8	12.4	1.4
8850660000481	Coconut Nectar Drink	ตลาดน้ำ	330	48	0.1	11.9	0
8850691000283	Red Bean Curd	Healthy Boy		140	13.8	3.5	7.9
8850718801381	ทวิสตี้ รสเอ็กตรีมชีส	ทวิสตี้	30	500	6.7	66.7	23.3
8850718801435	Lays chips	Lay's	30	500	6.7	60	26.7
8850718803873	Stax Spicy Lobster	Lays	30	157	2	17	9
8850718813186	Chips	Lays	30	533.3	6.7	56.7	30
8850718814121	Lays Original - Party Pack	Lay's	30	170	2	17	10
8850718816194	ขนมธัญพืชอบกรอบ	ขนมเบทส์	30	480	10	63.3	23.3
8850718822249	Salted Egg Potato Chips	Lays	44	522.7	6.8	59.1	29.5
8850773104601	Dehydrated mango	doi kham	40	350	0	87.5	0
8850773510310	98% Strawberry juice	DoiKham	200	55	0	14	0
8850779100133	Tipco Mango Mixed Fruit Juice	Tipco		110	0	26	0
8850779100393	Apple juice			52	0.1	12.6	0
8850779100423	Aura Natural Mineral Water			0	0	0	0
8850781049307	Pâte de curry rouge	Thai Heritage		51	0	11.7	0
8850781700062	Thai Heritage Coconut Lite -	Thai heritage		83	0.8	1.6	8.1
8850781700079	Sauce Teriyaki 2yrs prod	Thai heritage		26	2.5	4	0
8850781700413	Sauce Curry Rouge	Thaï heritage		69	1	7.7	3.3
8850781700512	Pâte de curry Panang	Thai Heritage	17	490.9	4.1	12	46.1
8850781701144	Thai Heritage Spring Roll Sauce  2yrs prod-			143	0.3	35	0
8850781701335	Thai Heritage Srrcha H / CHLL Sce	Thai Heritage		88	1.4	16.4	1.9
8850781701359	Sauce à l ail et au piment	Thai Heritage		107	1.2	24.2	0.6
8850781701502	Thsi Satay Sauce 2yrs prod	Thai Héritage		298	7.4	20.3	20.9
8850781701908	Coriandre émincée	Thaï Héritage	20	149	2.5	8	12.1
8850781702004	Tamarind paste	Thai heritage		160	0.7	39.2	0.2
8850781702523	Padthai paste	Thai Heritage		191	7.2	30.7	8.2
8850781702561	Nouille Padthai	Thai heritage		392	11	55.5	14
8850781702813	Sos Thai Czos / Baz / CHIL.110G	Thai agri foods co ltd		203	2.5	20.8	12.2
8850781703100	Ail émincé	Thai Heritage	26	151	3.4	7.9	16.6
8850781703209	Aji/jengibre	Thai heritage	100	192	0.9	46.4	0.1
8850781703353	Sauce Wok	Thaï Heritage		108	0	21	2.7
8850781703544	Agua De Coco Natural c / Pulpa	Thai Heritage	300	26	0.2	5.4	0.4
8850781704022	Citronnelle Thaï Héritage	Thai heritage		4	0.2	0.1	0.1
8850781704084	Coconut cream	Thai heritage		180	1.8	3	17.8
8850781704220	Green Curry	Thai heritage		57	0.8	6.3	2.8
8850781705005	Pâte De Gingembre	Thai heritage		81	0	5.9	6.1
8850781706002	Sambal Oelek	Thai Héritage	35	55	2.1	12.8	0.6
8850781706101	Vinaigre de riz 2yrs prod	Thai heritage		2	0	0.6	0
8850781707122	Thai Heritage Rice Sticks	Thai Heritage		350	7.7	77	0.9
8850781707146	Thai Heritage Noodles Rice Vermiclli -	Thai Heritage		363	5.4	83	0
8850781707207	Thai Yellow Curry Paste	Thai Heritage		51	0	11	0
8850781870055	Lait de coco			164.8	1.5	1.9	16.8
8850813102031	Lait de coco			168.5	0.7	11.2	18
8850813120141	Coconut milk	Chaokoh		183	1.5	1.5	19
8850813120158	Lait de coco			183	1.5	1.5	19
8850813300208	100% Pure Coconut Water	King Island		60	0	14	0
8850813328103	Sweetened Condensed Coconut Milk	King island		456	1.3	52.8	26.6
8850813503005	Roi Thai Massaman Curry Soup 250 ML.	Foi Thai	250	157.2	1.8	10.3	12
8850813507003	Coconut milk	Roi Thai	80	179	1.4	2.9	18
8850813507010	Kokosmilch	Roi Thai		179	1.5	2	18
8850869010502	AGAR AGAR POWDER	Telephone		28.5	0.5	6.2	0
8850931032661	Red Bean Coconut based ice cream			53.6	3.5	30.9	6
8850931040352	Sweet chili sauce	Madame Wong		189.4	1.1	45.8	0.2
8850931040369	Sweet chili sauce	Madame Wong		9	0	50	0.2
8850931040680	Nouilles Wong 400G			90	3	1	0
8850931041014	Lait de Coco	Madame Wong		165	0	2.9	17
8850931041427	Hot Chili Sauce Sriracha	Madame Wong	35	114.3	0	28.6	0
8850931044503	Madame Wong 400g	Madame Wong		199	2.3	25	9.8
8850931045753	Pickled Ginger Sliced	Madame Wong	28	35.7	0	7.1	0
8850940024121	Tulip	Tulip	12	416.7	25	50	8.3
8850952298343	Yogurt drink with chewy coconut - Strawberry flavor	Deedo	230	70	0.9	14	1
8850952502242	DeeDo strawberry			22.5	0	5.5	0
8850987101144	Instant Bowl noodles shrimp  (tom Yum)	Mama		82	1.5	10.4	3.8
8850987101151	Pork Flav. Bowl Noodle 60G Mama	Mama		77	1.5	10.4	3.3
8850987101175	Mama Instant Noodles - Yentafo Flavour	Mama		408	8.2	58	17
8850987101571	Mama Pad Kee Mao	Mama	60	213	3.7	27.7	9.7
8850987101892	Vegetarian Instant Noodles Tom yum Flavour	Mama		77	1.7	8.7	3.9
8850987123351	Instant Noodles Artificial Pork Flavour	MAMA		466.7	1.3	8.5	2.9
8850987123399	MAMA CUP : Pork flavour	Mama		83	1.7	11.4	3.4
8850987123405	Cup Oriental Style Instant Noodles Seafood Flavour	Mama		80	1.7	11.9	2.8
8850987128004	Instant Noodles Moo Nam Tok Flavour	mama	100	60	1.2	8.4	2.4
8850987128158	Instant Noodles Tom Yum Pork Flavour	มาม่า	60	450	11.7	58.3	18.3
8850987131493	Instant Noodles Pork Flavour with Black Pepper [Only one image]	mama	250	100	2	14	4
8850987131769	Mama Soupe Porc	Mama	490	81.9	1.5	11	3.5
8850987139017	Moro heiya noodles shiitake			333	10.6	72	0.7
8850987141171	Nouilles instantanées avec goût de canard	Mama	100	56	2	11.5	0.3
8850987141201	มาม่า 55 g	มาม่า	55	436.4	9.1	63.6	16.4
8850987141850	Noodles orientales	Mama		68	1.3	9.5	2.8
8850987144370	INSTANT NOODLES CHICKEN GREEN CURRY FLAVOUR MAMA CHICKEN GREEN CURRY FLAVOUR	mama	55	454.5	9.1	63.6	18.2
8850987144912	Oriental style instant noodles green curry flavour	Mama		72	1.3	9.4	3.2
8850987146084	Oriental Style Instant Noodles	mama	47	446.8	8.5	63.8	17
8850987150104	Carbonara Noodle	Oriental Kitchen	85	447.1	8.2	62.4	17.6
8850987150456	Mi goreng			211	4	30.7	8
8850987151231	Oriental Kitchen Truffle Dried Instant Noodles	Mama	85	183	3.5	25	7.5
8850987151279	Mala Beef Instant Noodle	มาม่า	85	458.8	8.2	65.9	18.8
8850987193026	Tom Kha	Instant	85	90	1.6	12	3.9
8850987201042	Mama Soupe Bouillon Clair	Mama		50	0.9	9.9	0.7
8850987201066	Oriental style instant noodle chand tom yum	Mama		353	6.5	67	5.9
8850987201158	Instant Flat Noodles Tom Yum Flavour	mama		342.3	5.7	63.5	6.7
8850987201172	Yentafo Instant Rice Vermicelli	mama		361	6.2	72	4.9
8850987351037	Butter coconuts	Bisson	30	533.3	6.7	70	23.3
8850999022352	Amazon black no sugar	amazon	200	5	0.5	1	0
8850999113005	Singha, lager, 5%	Singha	320	660.1	0	0	0
8850999133003	Singha Soda Water	Singha	325	0	0	0	0
8851004406204	เทสโต กลิ่นปูผัดผงกะหรี่	เทสโต	32	531.2	6.2	56.2	31.2
8851004416203	Tasto chips salt and sour		32	523.8	4.8	52.4	33.3
8851011110163	Twin Elephant Lychees In Syrup	TWIN ELEPHANTS		85	0.3	20.6	0
8851011112266	Ramboutan fourré d'ananas au sirop			79	0.3	19.2	0
8851011114260	Jackfruit in syrup			84	0.4	20.4	0
8851011116264	Fruit de palmier au sirop			87	0.4	20.2	0.2
8851011122265	Mangoustan Au Sirop Elephants 565G Thailand	Elephants		56	0.2	19.7	0
8851011133285	Chair de noix de coco au sirop léger	Twin Elephants and Earth brand	140	89	0.5	15	3
8851011221265	Green jackfruit in brine (jacquier very en saumure)	elephants		20	1.2	1.4	0
8851011221364	Green jackfruit in brine			30	1	7	0
8851011238119	Laitue Salée Pimentée	Twin Elephants & Earth Brand	20	38	0	7.9	0
8851011322214	Lait de coco	Twin elephants		189	1.1	2.4	19.4
8851011322474	Coconut milk	Twin Elephants & Earth Brand		169.9	1.3	3.2	17.1
8851011334262	Tropical fruits cocktail			69	0.2	16.6	0
8851011910213	Coconut milk drink			54	0.3	7	2.8
8851013029050	Ananas en morceaux au sirop léger			70	0	17	0
8851013740290	Tipco squeeze	Tipco		100	1	25	0
8851013746490	Veggie Mixed Vegetable and Mixed Fruit Juice Beetroot	Tipco	200	40	0.5	9.5	0
8851013762490	Tipco Profiber Mixed Vegetable and Fruit Juice	Tipco		45	0.5	10.5	0
8851013764401	Coconut Water	Tipco		23	0	6	0
8851013768409	Tipco Veggies Broccoli	Tipco		60	2	6.1	0.4
8851013768980	Tipco Mixed Fruit Juice Cranberry Formula	Tipco		70	0	17	0
8851013774493	Tipco Carrot and Mixed Fruit Juice	Tipco		55	0	13	0
8851013775490	Tipco Kiwi and Grape Juice	Tipco	200	45	0	7.5	0
8851013785499	Medley orange juice	Tipco	240	50.8	0.4	12.1	0
8851016000018	ข้าวเกรียบกุ้งรสดั้งเดิมคาลบี้	Calbee	28	500	7.1	67.9	21.4
8851016001053	ข้าวเกรียบกุ้งคาลบี้รสต้มยำกุ้ง	Calbee	25	480	4	68	20
8851016002067	Original Prawn Cracker	Calbee	25	480	8	72	20
8851016006010	Harvest snaps	Calbee		154	5.3	18	6.7
8851018000733	Papaye en morceaux			62	0	15	0
8851018080452	Mangue	Mont Asie		67	0.1	15.5	0.2
8851018080483	Pousses De Soja Au Naturel 230g	Mont asie		15	1.1	2.5	0.5
8851018090314	Bambou en Tranche	Mont Asie		14	1	2	0
8851018120356	Jeune épis De Maïs			42	1.7	6	0.3
8851018140712	Lait de Coco	Mont asie		169	1.2	1.5	17.6
8851019000091	Pocky Miyazaki Yuzu Flavor	Glico		485	6.1	69.7	21.2
8851019001234	Pocky Crushed Nuts Almond Noir Chocolate	Glico	25	520	12	56	28
8851019001302	Blueberry Yogurt Pocky	Glico	38	498	7.3	69	21.4
8851019001340	Pocky Crushed Fruits Strawberry Peach Yogurt Flavor	Glico	38	499	7.2	69.1	21.5
8851019010052	Pocky colorful	Glico		475	7.5	72.5	17.5
8851019010083	Pocky yaourt et myrtille	Glico		480	8	69	19
8851019010137	Pocky Chocolate Flavour	Glico	47	220	4	34	8
8851019010144	Pocky Strawberry Biscult Sticks	Glico	45	488.9	6.7	71.1	17.8
8851019010229	Pocky Mango Sticks 25 GR	Glico	25	480	8	72	16
8851019010236	Glico Pocky Almond Flavor Size 43.5 G.	Glico		506	9.2	69	20
8851019010267	Pocky Covered Biscuit Stick (cookies & Cream)	Glico	45	220	3	32	9
8851019010830	Pejoy biscuit stick Matcha latte flavour	Glico		500	7	66	23
8851019030524	Chocolate collon	Collon	54	407.4	2.4	55.7	18.5
8851019210124	Pocky strawberry	Glico	45	523	9.5	66.7	23.8
8851019310190	Pocky Chocolate Flavour Biscuit Stick	Glico		478	8.5	70.2	18.1
8851019310244	Glico Pocky Double Chocolate Biscuit Stick	Pocky		185	8	68.6	20.5
8851019500133	Pejoy chocolate flavour	Glico		173	7.3	70.1	19.2
8851019500201	Pocky	Glico		483	7.2	71	18.9
8851028000228	Lait De Soja Vitamilk	Vitamilk	250	53.6	2.9	4.8	2.5
8851028000709	ไวตามิ้ลค์ข้าวบาร์เลย์	ไวตามิ้ลค์	300	63.3	3	7.7	2.3
8851028000815	Vitamilk			85	2.5	11	3.5
8851028000945	Soy Milk (Corrected)	Vitamilk	300	78.9	2.7	9.1	3.4
8851028001447	ไวตามิ้ลค์ ทูโก อิน แบล็ก	VITAMILK	300	63.3	2.7	7	2.7
8851028001577	ไวตามิ้ลค์ 200 ml	ไวตามิ้ลค์	200	75	3	8	3.5
8851028001812	Multi-Grain Soya Bean Milk Improved Formula	V-Soy	250	67	2.4	8.2	2.8
8851028001850	vitamilk double chocolat			17	3	10.3	1.9
8851028002062	ไวตามิ้ลค์ ข้าวบาร์เลย์และมอลต์	Vitamilk	300	63.3	3	7.7	2.3
8851028002277	vitamilk soyamilk 250ml			83	2.6	10.1	3.6
8851028005216	VITAMILK	Vitamilk	300	67	2.7	10.7	1.2
8851028140047	Vitamilk Soy Milk To Go Formula Original Size 300 ML.	vitamilk	300	76.7	3	8.3	3.3
8851035105008	Crevettes Sechées			930	53	0.8	2.3
8851035106005	Garnelen, getrocknet, Größe L	BDMP		234	53	0.8	2.3
8851035321002	Dried Squid			275	60	3.5	2.2
8851046010025	Olej z ryżu 100%	Suriny		823	0	0	91
8851046921222	Jasmin Duft Reis - Premium Thai Hom Mali Rice1KG			350	3.2	79.8	0.6
8851081260348	Fried Rice Sauce			90	1.4	14.9	2
8851081282111	Gyoza Sauce	Taka		25	2.4	3.8	0
8851081282616	Sriracha Sauce	OX Brand	15	66.7	0	13.3	0
8851081460113	Tamarind Puree	Thai Boy		82	0.9	20.2	0.2
8851081560745	Tom yum soup paste			201	1.2	22	10.5
8851081660087	Wet Tamarind Seedless	Thai Boy		239	2.8	62.5	0.6
8851120304897	ซอสกระเพราพริกแห้ง	หมีปรุง	30	83.3	0	20	0
8851123212038	M 150 150ML			67	0.4	16.2	0
8851123222037	Boisson energisante			70	0.1	17.3	0
8851123240291	M-150	Osotspa	150	30	0	7.3	0
8851212130007	Rice Paper	Khum Yuy	300	236.7	5.1	49.3	1.7
8851234310029	Crispy green peas	Greennut		423	16	59	12
8851234310043	Petits Pois Frits	Nsuun		423	16	59	12
8851262065014	Yoghurt Natural Flavour Low Fat Set Yoghurt	Yolida	150	66.7	6	5.3	1.3
8851351014091	Pork Shumai With Salted Egg (Pork Mixed Chicken)	อีซี่โก	104	240.4	12.5	17.3	13.5
8851351131811	เบอร์เกอร์กุ้ง ซอสแมรี่โรส	Ezytaste	93	204.3	10.8	30.1	4.3
8851351131835	Chicken Steak Burger	EZYGO	138	217.4	14.5	21.7	8
8851351133051	Grilled Chicken Burger And Cheese	EZY TASTE	105	276.2	13.3	28.6	12.4
8851351133198	Spicy Chicken Sticky Rice Burger	EZYGO	136	205.9	8.8	35.3	2.9
8851351133365	Grilled Chicken Sticky Rice Burger	EZYGO	138	210.1	8.7	35.5	3.6
8851351380844	STEAMED JASMINE RICE	EZYGO	165	113.3	3	40	0.9
8851351381155	ข้าวกล้องหุงสุก	Ezygo	150	180	3.3	36	2.3
8851351381735	Crab Fried Rice	อีซี่โก	210	219	5.7	31.4	8.1
8851351382374	Salt Grilled Pork with Rice	7-11	250	176	6.4	26.8	4.8
8851351382862	Fried pork with sticky rice	7-11	125	216	10.4	35.2	4
8851351386761	EZYGO 490 g	EZYGO	430	104.7	4	16.3	2.6
8851351388352	Ezygo X เจ๊แดง	Ezygo X เจ๊แดง	270	177.8	7.4	31.9	2.2
8851351388574	Boiled Rice with Mixed Pork	EZYGO	380	76.3	3.4	10.8	2.1
8851351801592	ดับเบิ้ลแซนด์วิชกระเป๋า ไส้หมูหยองมายองเนส	cpYam	50	300	8	42	10
8851351974845	บลูเบอร์รี่ชีสพาย	ezysweet	75	320	4	29.3	20
8851381020017	Creme de noix de coco	Kati		237	2.5	2.8	24
8851381200631	Coconut milk	Hom-D		185	1.6	2	19
8851381200815	Yaco Coconut Water	Yaco		21	0	5.2	0
8851381540805	ABC Biscuits			500	1.1	63.3	23.3
8851465091025	Hot Chili Sauce			113	0	28	0
8851465240577	Organic wide rice noodles	Foodle Noodle		369	6.6	75	3.8
8851465301018	White rice vermicelli			358	8.4	79	0.8
8851532001315	Riz thai au jasmin			0	0	0	0
8851613001470	Sweet Chilli Sauce	Royal Thai	10	183	0	45	0
8851613002385	Coconut milk			185	1.6	2	19
8851613002620	Leche de coco			185	1.6	2	19
8851613003719	Органическая переработанная мякоть кокосового ореха	Foco		102	1.2	1.8	10
8851613003733	Whole Grain Mie Noodles			343	14	63	1.3
8851613003740	Nudle	Orient Gourmet		351	10	75	1
8851613005812	Pad thai noodle kit			197	4.5	34	4.8
8851613005829	Green curry kit	Aroy-D		179	2.8	7.3	15
8851613006260	Green Curry Paste	Orient Gourmet		116	2.7	10	6.4
8851613006277	Massaman Curry Paste	Orient Gourmet		124	3.9	13	5.4
8851613006307	Yellow Curry Paste	Orient Gourmet		136	3.6	15	4.8
8851613006529	Ramen Noodles	Orient Gourmet		179	6.6	36	0.5
8851613007311	Thai Red Curry Mix	Aroy-D	250	132	1.6	5.2	11.6
8851613101354	Coconut Milk	Aroy-D		185	1.6	2	19
8851613103389	Aroy-d Kokosnussmilch 100&#37;, Ultrahocherhitzt 6 x 250ML	Aroy d		185	1.6	2	19
8851613105949	Latte di cocco	Royal Thai		180	2.3	2.1	18
8851613106762	Kokosmilch	Aroy-D		186	1.6	2	19
8851613801049	Roti Paratha	Tang Frères		294	5.7	41	11.4
8851639003199	Yamamori japanese soy sauce 2yrs prod	Yamamori	15	0	0	0	0
8851639007951	Sesam Dressing	yamamori	100	388.9	2.5	24	32
8851683000250	Lentilles	Raitip	100	340	24	63	1
8851683000380	Raitip Dried White Sesame	Raitip		58	3	5	65
8851683000816	Raitip White Sesame Seeds 100 G.	Raitip		670	21	9	58
8851683002667	Raitip 60 g	Raitip		330	13.3	39.5	7.5
8851717020124	โยเกิร์ตรสผลไม้รวม	Dutchie	135	96	3	18.5	2.2
8851717020148	โยเกิต	Dutchies	135	111.1	3.7	20	2.2
8851717030161	ดัชมิลล์ 4 อิน 1 รสผลไม้รวม	ดัชมิลล์	150	66.7	1.3	13.3	1
8851717030178	โยเกิร์ตพร้อมดื่ม รสบลูเบอร์รี่	Dutch Mill	100	70	2	13	1
8851717030512	ดัชมิลล์ 4 อิน 1 รสผลไม้รวม	ดัชมิลล์	160	68.8	1.9	13.1	0.9
8851717040030	Dutch mill 4-in-1 mixed fruit juice	dutch mill	180	66.7	1.7	13.3	0.8
8851717040214	Dutch mill 90 ml	Dutch mill	90	77.8	1.1	15.6	1.1
8851717080029	ดัชมิลล์ไลท์ รสส้ม	ดัชมิลล์	180	44.4	1.7	8.3	0
8851717080036	ดัชมิลล์ 180 ml	ดัชมิลล์	180	44.4	2.2	8.9	0
8851717600012	ดัชมิลล์ ดีไลท์ สูตรเคซีไอ	ดัชมิลล์	160	75	1.2	18.1	0
8851717901584	โยเกิร์ตผสมสตอเบอร์รี่	ดัชมิลล์	110	100	3.6	14.5	2.7
8851717902031	ดัชชี่ไบโอ วุ้นมะพร้าว	ดัชชี่	110	118.2	2.7	23.6	1.8
8851717902055	ดัชมิลล์ 4 อิน 1 รสสตรอเบอร์รี่	ดัชมิลล์	160	68.8	1.9	13.1	0.9
8851717902611	ดัชมิลล์ ดีไลท์	ดัชมิลล์	150	46.7	1.3	10.7	0
8851717902710	โยเกิร์ตพร้อมดื่ม รสเบอร์รี่รวม	Dutch Mill	100	70	2	13	1
8851717902741	นมเปรี้ยวดัชมิลล์ 4-1 รสเบอร์รี่รวม	ดัชมิลล์	150	73.3	1.3	14.7	0.7
8851717904073	Dutch Mill Delight Non Fat Drinking Fermented Milk 0.1% Sugar Formula	Dutch Mill	200	20	1.5	3.5	0
8851717904554	ดัชมิลล์ไลฟ์พลัส กลิ่นผลไม้รวม	ดัชมิลล์	160	37.5	1.9	7.5	0
8851717904639	ดัชมิลล์ ไลฟ์ 0% กลิ่นสตรอเบอรรี่	ดัชมิลล์	150	40	1.3	7.3	0
8851717905421	โยเกิร์ตรสลิ้นจี่	ดัชมิลล์	135	74.1	3	14.8	0
8851717906756	โยเกิร์ตผสมชิ้นวุ้นมะพร้าว	Dutchie Bio	135	88.9	3.7	14.1	2.2
8851717906831	ดัชชี่	ดัชชี่	135	88.9	2.2	13.3	2.2
8851717906916	โยเกิร์ตผสมมะม่วง ตราดัชชี่	ดัชชี่	135	103.7	3	18.5	2.2
8851717907845	Loading…	Dutchmill	200	140	3.2	27	2
8851717908538	โยเกิร์ตพร้อมดื่ม กลิ่นพรุน - 160 ml	Dutch Mill	160	43.8	3.1	6.2	0.6
8851727003056	Cornae Corn Snack	Cornae	28	535.7	3.6	53.6	35.7
8851780894950	Pierre Martinet	Pierre Martinet		79	1.1	5.6	5.2
8851826601139	Ayum Mackerel In Tomato Sauce	Ayam	78	141	14.1	2.6	7.7
8851876000005	Mama Instant Rice Vermicelli - Moo Nam Tok - 1 X 55G	Mama		357	6.5	74	3.6
8851876000180	Vermicelles de riz			354	6.1	79	0.5
8851876000432	Nouilles Singapore	Mama		66.3	3.9	57.8	0.5
8851876001026	Oriental Style Instant Chand Noodles Beef Flavour	Mama		372	6.6	74	4.9
8851876001033	Mama Pho Ga	Mama		358	6.6	70	5.4
8851876001316	Pho Ga Rice Noodles with Artificial Chicken Flavour	Mama		48	1.2	9.3	0.7
8851876001453	Rice Noodles Phnom Penh	Mama		381	6.3	71	7.8
8851876001637	Phó bò	Mama		362	7.9	69	5.6
8851876001644	Phó GÀ	Mama		367	8.7	70	5.4
8851876001804	Vermicelli brown rice	MAMA	55	351	5.9	72	4.1
8851876001811	Thai Chef	Thai Chef	55	360	5.8	71	5.6
8851876002009	Mama oriental style noodles	mama	50	360	4	74	5
8851876003105	bean thread clear soup	Mama		347	2.3	73	4.4
8851876005079	ข้าวต้ม รสหมูสับ กระเทียมพริกไทย	มาม่า	35	375	8.6	74.3	5.7
8851876010011	Handi Rice Instant Friend Rice Thai Green Curry with Fish Meat	Mama		392	7.7	74	6.9
8851876010035	Riz Frit Curry Crevette Mama	Mama		372	8.9	63	6.5
8851876010127	Handi Rice Thai Red Curry with Shrimp			395	7.6	71	8.6
8851876010202	Instant Reis mit Gemüse	Mama	80	387	7.9	71	6.9
8851876110179	Purée de riz instantanée	Mama		341	7.8	77	1.1
8851876200214	Mama Rice Vermicelli	Mama		358	6.6	82	0.2
8851876201105	Rice Noodles	Heuschen & Schrouff		348	6.6	77	1
8851876201297	Pad thai	Mama		355	5.9	79	1.4
8851876201303	Mama Instant Pad Thai Noodles	Mama		204	5	70	5.5
8851876201341	Mama Fideos Sahofans X400GR []	Mama	50	340	6	80	0
8851912010029	NGUAN CHIANG	NGUAN CHIANG	15	46.4	7	4.6	0
8851932295789	Magnum Almond	MAGNUM	70	353.8	5.7	35.7	21.4
8851932295796	ไอศครีม Classic Belgian Chocolate	MAGNUM	63	220	3	22	14
8851932401500	Macadamia Salted Caramel	wall's	65	369.2	4.6	33.8	23.1
8851932421997	Ovaltine 72 g	Ovaltine	72	305.6	2.8	30.6	19.4
8851954100160	Sricacha Panich Chilli Sauce			112	1.3	26	0.4
8851954103260	Sauce Aux Piments Forte 680	Golden Mountain		144	1.4	32	1.2
8851954103918	Hot Chili Sauce	Golden Mountain		111	1.1	25.7	0.5
8851954103987	Hot chili sauce	Golden Mountain		111.2	1.1	25.7	0.5
8851954138040	Sweet soy sauce			252.6	2.6	57.9	0
8851954195265	GOLDEN MOUNTAIN	GOLDEN MOUNTAIN		98	12.4	12.2	0
8851959132166	Fanta - 325 ML	Fanta	325	48	0	11	0
8851959132173	แฟนต้ากลิ่นสตรอเบอร์รี	Fanta	325	58.5	0	14.8	0
8851965000039	NORIMAKI	MIZUHO	100	377.8	9	86	0
8851978800091	Thai sweet chilli sauce			177	0.8	43.5	0
8851978800275	Vegetarian oyster sauce			122	0.3	27.4	0
8851978801067	Thai Sweet Chilli Sauce	Thai choice	20	177	0.8	43.5	0
8851978803214	Lite coconut milk	Monty&totco		74	0.5	3.9	6.5
8851978803467	Thai Choice Coconut Milk (400 ML)	Thai Choice		180	1.8	3	17.8
8851978803672	Thai Choice Pickled Ginger			84	0.3	19.9	0.1
8851978805010	Instant Noodles Beef flavour			416	11.7	58.3	15
8851978805027	Instant Noodle			416	11.7	58.3	15
8851978805621	Thai Choice Fideo Thai Rice X200G []			364	6.2	81.8	0.9
8851978808158	SATAY SAUCE	Thai -Choice	15	200	2	26.7	6.7
8852003301026	Ananas tranches au sirop léger	Thaipine		58	0.3	14	0.1
8852003305024	3 / 4 Ananas Morceaux Sirop Leger	Thaipine		58	0.3	14	0.1
8852008300154	Koala's march chocolate	Lotte		484	0	60	24.5
8852008302615	Koala's Marck Strawberry	Lotte		512	3.7	64	27
8852008303407	Koala's march, Yogurt	LOTTE	37	513.5	2.7	64.9	27
8852008304848	Koala chocolat noir	Lotte	37	513.5	5.4	62.2	27
8852008304923	Panda white milk	Lotte	19.5	523.1	3.6	66.7	27.7
8852008510492	Topo	LOTTE		525	8.2	58	26
8852014005654	Boulette de poisson farcie au Champignon	PFP		208	10	6.6	15
8852014005661	Boulette de poisson farcie à la seiche	PFP		267	9.7	3.2	24
8852018101086	Instant noodle Kimchi flavour	YumYum		71.4	1.5	10.6	2.4
8852018101116	Soupe chinoise			67	1.2	9.6	2.6
8852018101123	Asia cuisine	Yum Yum	60	73	1.3	9.5	3.2
8852018102021	Yumyum Crevette Creme	Yum Yum	100	82	1.4	12	3.2
8852018141013	Carton Yumyum Boeuf	Yum Yum		76	1.2	9.3	3.6
8852018141020	Instant Nudelsuppe Hühnergeschmack	Yum Yum		76	1.3	10	3.3
8852018141051	Carton De Yumyum Crevettes	Yumyum		75	1.2	10.3	3.1
8852018141068	Carton 30 Soupes Nouilles Yum Yum Légumes 60G	Yum Yum		76	1.3	10	3.3
8852018160045	Nouilles Asiatiques Saveur Curry Vert	Yum Yum	60	304	1.3	9.5	3.2
8852018160120	Japanese chicken shoyu flavour	Yum Yum		69	1.4	10	2.5
8852018160137	Chicken sriracha flavour	Yum Yum		70	1.3	0.8	2.7
8852018162025	Yum Yum Tom Yum Shrimp Creamy Flavour Authentic Thai Style Instant Noodle 5 X	Yum Yum		455	8	64	18
8852018191070	Soupe Yum yum Curry	Asian Culture		73	1.3	10.4	2.8
8852018240037	Yumyum Fruit De Mer Epicé	Yumyum		75	1.4	10.4	2.9
8852018611028	Noodles - Curry Rouge saveur Canard	Yum-Yum	380	75	1.4	9.3	3.5
8852018611097	Yum yum	Asian Cuisine		75	1.2	10.3	3.1
8852018611134	Beef flavour	Yum Yum		76	1.2	9.3	3.6
8852018701118	Chicken Flavour Noodles	Yum Yum		76	1.3	10	3.3
8852018800118	Noodles			461	8.9	59	20.3
8852018991014	Nudler kylling	Ajinomoto	380	75	1.3	9.1	3.6
8852019001347	Reisnudeln	Erawan Brand		365	7.7	79.7	1
8852019002436	Pad Thai Rice Noodles	Erawan	200	363.3	1.9	19.8	0.3
8852019002627	Farine De Riz			355	7.4	78.5	1.3
8852019002641	Farine De Tapioca			349	0.4	86.2	0.3
8852021001267	Thon à la mayonnaise	Wing Chong	85	176.5	8.2	9.4	1.2
8852021001427	Thon au naturel			110	26	0	0.5
8852021006118	Light Meat Tuna			170	26	0	7
8852021414081	Miettes de thon à l'huile	Happy Tuna		200	18	0	14
8852021707541	Fitt Tuna	ซีเล็ค	54	111.1	24.1	0	0.9
8852022031553	Sauce huitre	Thaï cuisine		80	0.6	19.5	0
8852022033083	KEWPIE 125 ml	KEWPIE	30	400	3.3	16.7	36.7
8852022033823	Truffle mayo	Kewpie	100	421	1.4	13.6	39.9
8852022092202	Siracha mayo sauce			404	1.2	10	37
8852023006123	Salted Red Skin Peanuts	Koh-Kae	40	625	30	17.5	50
8852023006635	Snack Kohkae Plus Thai Spicy Mix Size 145 G			566.7	20	36.7	36.7
8852023006918	Peanuts BBQ FLAVOUR COATED			530	20.3	14.3	29.5
8852023007007	Coated Peanuts – Coconut Cream Flavour	Koh-Kae		554	19	44	33
8852023008363	Peanuts coconut cream glamour coated			555	17.7	45.4	33.6
8852023008387	?90G			525	20.5	46.2	28.7
8852023008400	Cacahuetes wasabi	Koh kae		516	21.3	47.3	26.8
8852023009049	Wasabi flavour coated			463	18	53	7
8852023009384	Koh Kae 20 g	Koh Kae	20	500	20	50	22.5
8852023664200	Koh-kae	Koh-Kae	17	588.2	17.6	47.1	35.3
8852023664231	Cacahuète Goût Café 125G	Koh kae	30	552	18	40	35
8852023664651	Salted & Roasted Almonds	Koh-Kae Plus	30	607.1	23.3	20	43.3
8852023665948	Koh-kae Coated Peanuts With BBQ Flavour	Koh-Kae		530	20	43	30
8852023666549	Peanuts tom yum flavour coated	Koh-Kae		160	21	39	29
8852023667164	Peanuts mala			150	5	14	8
8852023668161	Peanuts Coconut cream flavour coated			555	17.7	41.8	33.6
8852023668178	peanuts chicken			509	20.9	42.3	25.8
8852023668208	peanut nor/wasabi			150	2	14	8
8852023668215	Peanuts sriracha chilli	Koh-kae	30	533.3	20	46.7	30
8852023668635	Green pas with salt	โก๋แก่	30	500	16.7	53.3	23.3
8852023668840	Peanuts Coconut Cream Flavour Coated	Koh Kae	30	566.7	16.7	46.7	33.3
8852023669120	Squid Flavour Coated Green Pea	Koh-Kae	30	525	13.3	63.3	16.7
8852023669304	Koh-Kae Thai sweet chili			500	19.2	41.7	25.6
8852023671703	Peanuts Coconut cream flavor coated			555	18	42	34
8852023672380	Peanuts shrimp			527	22	39	29
8852024016107	Riz parfumé			360	6	80	0
8852043604064	Tender Chicken Breast Herbs	Betagro	90	118.9	23.6	1.6	0.7
8852043607331	Thai chicken satay in peanut sauce	Betagro	120	162	17	12	4.8
8852043630049	Chicken Nuggets	Member's Value	52	248.1	11.5	15.4	15.4
8852043630339	Tender Chicken Breast Garlic Butter	Betagro	90	111.1	21.2	4.2	1.1
8852045202343	Crab Sauce	FoodEx		191.2	25.9	9.4	7.6
8852045203920	Sriracha	Foodex	15	99	0	20.6	0
8852045204842	Sriracha Hot Chili Sauce	Foodex	200	89	1.2	20.1	0.2
8852047249155	Yoyo 80 g	Yoyo	5	300	0	80	0
8852052000055	Prawn Cracker	Hanami		470	7	69	18
8852052110501	Rice crisp	ฮานามิ	30	466.7	6.7	73.3	16.7
8852052111508	CRAW CRACKERS HOT CHILLI FLAVOUR	ฮานามิ	26	489	6	67	22
8852052112307	Prawn Crackers - Garlic & Pepper Shrimp Flavour	Hanami - Friendship Co.		500	6	67	23
8852052113403	Hanami Prawn Crackers Chips aux crevettes		30	157	2	21	7
8852052114509	Hanami Prawn Crackers Nori Seaweed Flavour (60G)	Hanami	30	533.3	6.7	70	23.3
8852071061037	Perle de tapioca			364	0.1	90.9	0
8852084507027	ATÚN Lomitos en	SAN REMO	60	120	26.8	0	1.4
8852089105020	Sweet tamarind	Asiafresh		314	2.6	75.6	0
8852098102126	Crackers Au Riz	Siam Lucky		480	4.8	74.7	18.2
8852098102171	Biscuit Saveur Coco 150G	SIAM LUCKY		490	5.1	74.1	19.5
8852098700100	Rice Cracker Seaweed	Bin Bin	30	486	5.4	75	18
8852098700551	Nouilles instantanées	Little Cook		319	5	45.5	13
8852098700568	Nouilles instantanés			316	5	44.8	13
8852098701848	Rice Crackers Coconut Milk Flavor	Bin Bin	30	503	5	73	21
8852098703170	Bin Bin Rice Crackers	Binbin	27	440.7	7.4	77.8	11.1
8852102020026	Riz parfumé thai			350	7	79	0.5
8852108220017	Orange juice		250	56	0	13.2	0
8852108220048	Boisson à  la noix de coco	Heinz		47	0	11.3	0.2
8852111017390	Thon	AL-RAII	100	152	30	0	3.5
8852114531602	Coconut cream powder	Chao Thai Brand		190	1	14	14
8852114532265	Lait de noix de coco en poudre	Chao Thai	40	650	4.8	37	54
8852116220016	Riz long grain de Thailande	Caprice		350.4	7	78	0.9
8852116790014	Lait de coco premium	Autour du riz		178	1.1	2.8	18
8852116805558	Rolling bite topped with rice cracker			353	18	61	2
8852116807682	Chips d'algues avec tempura tout épicé			521	12	45	32
8852116807880	Nori Crisps (Original Flavour)	SELECO		633	12	17	55
8852240010026	Rice Craker with pork floss	chaosua	38	500	18.4	52.6	23.7
8852291610008	Candy durian			15	0	3	0
8852349001444	Abricots secs			266.7	3.3	63.3	0
8852511011448	MAYONNAISE	KEWPIE		725	0	0	0
8852511011622	Japanese Mayonnaise	Kewpie		690	0.5	0.5	75.8
8852512002056	โยเกิร์ตไขมันต่ำ	ริชเชส	135	88.9	3	15.6	1.1
8852512002063	Strawberry Yughurt [only one image]	Richesse	135	96.3	0	18.5	0.7
8852512002094	โยเกิร์ตผสมวุ้นมะพร้าว สูตรลดปริมาณน้ำตาล 33%	Richesse	135	74.1	2.2	12.6	1.9
8852512104002	นมเปรี้ยวรสธรรมชาติ	ริชเชส	200	70	2	13.5	1
8852512104026	นมเปรี้ยวรสผลไม้รวม	ริชเชส	200	70	2	13.5	1
8852512104064	นมเปรี้ยวรสสตอเบอรรี่	ริชเชส	200	75	2	14	1
8852512104095	นมเปรี้ยวรสบลูเบอร์รี่	ริชเชส	200	75	2	14	1
8852512104101	นมเปรี้ยวรสลูกพรุน	ริชเชส	200	70	2	13.5	1
8852512304037	นมเปรี้ยวรสผลไม้รวม	ริชเชส	200	30	1.5	6.5	0
8852512304044	Non Fat Drinking Yogurt Prune	ริชเชส	200	30	1.5	6.5	0
8852512701027	นมถั่วเหลืองหมักจุลินทรีย์ผสมสตรอเบอร์รี	Rivon	130	76.9	4.6	13.1	0.8
8852523206061	Instant Nudelsuppe Shrimp	Thai Chef	65	413	8.1	53.3	18.6
8852523206153	Instant Nudelsuppe Typ Shrimp „Tom Yum“	Thai Chef	360	71	1.3	8.9	3.3
8852523206580	Instant Noodles	Thai Chef	70	414.3	7.1	55.7	18.6
8852523206757	Thai Chef Artificial Chicken Flavour			450	8.3	63.3	18.3
8852537071211	Thai-Denmark 120 g	Thai-Denmark	120	83.3	3.3	10.8	3.3
8852537073215	โยเกิร์ตผสมลูกชิด	ไทย-เดนมาร์ค	120	91.7	2.5	13.3	2.9
8852537074212	โยเกิร์ตผสมสตอเบอร์รี่	ไทย-เดนมาร์ค	120	100	2.5	15	2.9
8852537075219	โยเกิร์ตผสมผลไม้รวม	ไทย-เดนมาร์ค	120	100	3.3	15	2.1
8852537076216	โยเกิร์ตผสมมะเกี๋ยง	ไทยเดนมาร์ค	120	120	5	18	3
8852537078210	โยเกิร์ตผสมมัลเบอร์รี่	ไทย-เดนมาร์ค	120	108.3	3.3	16.7	2.9
8852537101116	โยเกิร์ตพร้อมดื่มยูเอชที กลิ่นสตอเบอร์รี่ - 200 ml	Thai-Denmark	200	70	2	11	1.8
8852537102113	โยเกิร์ตพร้อมดื่มยูเอชที กลิ่นสัปปะรด	THAI-DENMARK	200	70	0	0	2
8852633333503	Tempora Mehlmischung	Mr. Hung		112	2	26	0
8852634051000	Lait de coco	Cap Tropical		50	0	1	5
8852646010750	Dried Chilli			396	14	65	8.6
8852646011702	Tamarind Candy	Food Specialize		375	0	92	0
8852646014000	Rice stick			350	6.7	72	1.1
8852646014543	Chilli Paste With Soya Bean Oil	Thai dancer		414	5.8	46	24
8852646022005	Thai Dancer Sweet Chili Sauce	Thai dancer		230	0	58	0.1
8852646022500	Tamarin Sauce	Thai Dancer		93	1	21	0
8852646027000	Spring rolls chili sauce	Thai dancer		200	0	50	0
8852646029004	Sweet Chilli Sauce Mild Spicy	Thai Dancer		229	0	57	0
8852646031007	Fried garlic	Danette	5	532	11	49	33
8852646035258	Chilli paste	Thai dancer		321	2.1	11	30
8852646054006	Nouilles Jaunes 400GR Thai Dancer	Thai dancer		301	12	61	0
8852646064005	Schwarze Bohnen	Thai Dancer		341	22	63	1.5
8852646073007	Spring Roll Chilli Sauce	Thai Dancer		200	0	50	0
8852646096808	Bambou Yanang Et Champignon	Thai dancer		21	1.5	2.5	0
8852646099007	Sauce Piment Hot	Thai dancer		234	0	57	0
8852646101502	Sweet sauce pineapple et chili	Thai dancer		154	0	38	0
8852646103001	Sauce Sukiyaki Cantonaise TD	Thai dancer		227	3.3	35	8.1
8852646104503	Teriyaki mayo sauce	Thai dancer		238	0	52	32
8852646104541	Bamboo shoot with chilli and holy basil leaves	Thai dancer		162	2	9	13
8852646106804	Pousses De Bambou Aigre Aux Champignons 680G			21	1.5	25	0
8852646111501	Sauce Au Miel Et Au Citron	Thai dancer		217	0	54	0
8852646113406	Green curry cooking and dipping sauce	Thai dancer		146	2	7	12
8852646116803	Thaí Style Oyster Mushroom soup	Thai dancer		25	0	5.7	0
8852646127007	Garlic chili sauce	Thai dancer		116	0	27	0.3
8852646133008	(clearance) Thai Dancer Black Pepper Sauce	Thai dancer		110	1.5	25	0
8852646163005	Sauce Piment Pour Fruit De Mer Thai Dancer	Thai dancer		150	0	37	0
8852646182273	Chili paste garlic in oil	Thai Dancer		206	1.8	9.3	17
8852646182501	Panang curry paste	Thai dancer		236	3.5	17	15
8852646200502	Green Curry	Thai dancer		195	3.5	10	14
8852646212277	Satay Sauce	Thai Dancer		362	6	20	28
8852646224546	Ingwer In Scheiben = 454 G = Für Sushi = Thai Dancer	Thai dancer		30	0	7	0
8852646231001	Pickled Ginger	Thai dancer		30	0	7	0
8852646232503	Sriracha Chilli Sauce	Thai dancer		93	1	21	0.8
8852646250507	Tom Yum paste	Thai dancer		161	2.5	13	10
8852646274008	Mie Beras (S)	Thai dancer		354	6.7	78	1.1
8852646292279	Thai Dancer Red Curry Paste	Thai dancer		143	4	12	7
8852646294006	Reissticks	nudeln		354	6.7	78	1.1
8852646302275	Green Curry Paste	Thai dancer		195	3.5	10	14
8852646312007	Rice Flake	Food Specialize Co.		350	6	78	1
8852646312274	Yellow Curry Paste	Thai dancer		171	4.5	17	8
8852646353000	Thai style steak sauce	Thai dancer		102	1.9	23	0
8852646413001	Sauce sweet chili Black	Thai dancer		201	1.3	48	0.5
8852646414541	Perles de tapioca			344	0	84	0
8852646452000	Sriracha Mayo	Thai Dancer		166	2	18	9.2
8852665345673	Chili Sauce	Sharko brand		114	0.8	26.2	0.4
8852665456782	Sauce Piment Forte 750 G Shark	Sriracha kosol Ampa	15	126	0.9	27	1.7
8852681010456	นมแท่ง 35 g	นมแท่ง	35	514.3	2.9	65.7	25.7
8852692020017	Ananas en tranches au sirop léger	Leader Price		67	0.5	15.5	0
8852707102042	Geisha light meat, tuna in vegetable oil, salt added			235	21	0	17
8852707200144	Maqueraux sauce tomate			157	13	3.5	10.1
8852707200229	Saline maquerau			157	13	3.5	10.1
8852756303018	Kellogg's Breakfast Cereal 200 G.	Kellogg's		115	1.5	26.4	0.4
8852756303032	Coco chex	Kellogg's		118	1.5	25.5	1.1
8852756304022	Coco balls	Kellogg's		395	5	88	1.5
8852756304039	LCMS Treatz Cookies & Cream with Marshmallows	Kellogg's	26	404.5	4.2	76.5	8.8
8852756328738	LCMs Kaleidos	Kellogg's	20	406.3	3.5	76.5	9.5
8852756401691	Nutri-grain Original Cereal Bars	Kellogg's		466	4.5	71	17
8852959007263	Riz Thai noir au jasmin	KASET		420	8	88	3
8852959007683	Biscuit Riz au jasmin & lait de coco Arome durian	Coco Riz		500	3.3	73.3	20
8852959007706	Rice & coconut rolls with coconut milk flavour	Coco jas roll		453	3.3	77	15
8852959007737	Coconut crispy rice roll pandan flavor	Coco Jas		453	3.3	77	15
8852959008123	Coco rice roll thai jasmine rice  & coconut crispy roll			453	3.3	77	15
8852959008147	Coco rice roll			453	3.3	77	15
8852966003364	Ezygo	Ezygo	116	250	8.6	37.1	6.9
8853002302038	dutch mill 4-in-1 mixed berry	Dairy Plus	180	69.4	1.7	12.8	1.1
8853002302977	ดัชมิลล์ 4-1 เมลอน	ดัชมิลล์	180	83.3	1.7	16.7	1.1
8853002303370	Soy secretz			64	3	7.8	2.4
8853002318008	ดัชมิลล์	ดัชมิลล์	165	54.5	1.8	9.1	1.2
8853002318480	ดัชมิลค์ 4in1 Yuzu Strawberry	ดัชมิลค์	165	54.5	1.8	9.1	1.2
8853002318602	High Protein Soy Milk With Black Soy Bean	Dna	230	69.6	6.5	4.3	2.6
8853002318633	SOY MILK WITH GOLDEN PEA	ดีน่า	230	60.9	6.5	3	2.6
8853085000135	Riz jasmin de Thaïlande			356	6.2	80.4	1.1
8853085000241	Pickled pink ginger			35	0	7.5	0
8853085000531	Palm sugar			373	0	93	0.1
8853085000593	Coconut milk			75	0.5	3.9	6.5
8853085000814	Rambutan in syrup			349	0.5	20	0
8853085000982	Sweet chilli sauce			178	0	44.5	0
8853085001774	Sweet chilli sauce			260	0	65	0
8853085002047	X.O  thaï rend curry paste			138	4.6	26.4	1.5
8853085002054	Thai yellow curry paste			137	4.1	23.6	2.8
8853085002061	Green Curry Paste X.O			96	3.1	19.4	0.7
8853085002092	Red curry paste			138	4.6	26.4	1.5
8853085002146	Palm Sugar Paste	X.O Brand		373	0	93	0.1
8853085002528	Chilli paste with Holy basil leaves	X.O.		395	2.2	42	6
8853085002740	Coconut cream			212	2.1	5.2	20.4
8853095000217	NF Ruam Mitt Thai Dessert			290	1	53	5
8853095000279	Nang Fah Fried Shallot			635	6	40	49
8853095000323	Dessert Thai Instantané 130G	Khun Pum		242	1	46	6
8853095000699	Shrimp paste			560	7	13	53
8853095000835	Pâte instantanée arôme bœuf			255	5.8	27	14
8853095003652	Dessert Maïs Instantané 200G	Madam Pum Brand		428	2	78	12
8853095005472	Pandan Leaves Extract	Nang Fah		4	0.3	0.2	0.2
8853095005687	Grass Jelly Drink	V-Fresh	290	52	0	12.9	0
8853095005892	Boisson De Rose Basilic			62	0	11	2
8853095006004	Basil and Seed Drink With Mango		100	42	0.1	10.4	0
8853095006134	Tamarindensauce			71	0.7	17	0
8853095006899	Chia seed thai tea			73	0.4	12.9	2.1
8853095006905	Fresh Chia Seed Honey			47	0.2	10.7	0.3
8853095008916	Sauce au piment pour volailles			151.8	0.4	36.6	0.4
8853095009227	shrimppadte	Nang Fah		510	5.2	10	50
8853095009807	Peanut satay sauce	Madam Pum		252	4.9	24	15
8853096009134	Thaï Farmer			356	6.7	88.9	0
8853096009400	Golden boat Riz thai parfumé	Golden boat		340	6	80	0
8853096009905	Pâtes de riz			356	7	80.3	0.8
8853096009929	Pates de Riz	Mont asie		356	7	80.3	0.8
8853096009950	Pâtes de riz	Mont Asie		356	7	80.3	0.8
8853230000058	Grain de Tapioca	Thai Top Choice		341	0	86	0
8853230002144	Tamarin Acide Sans Noyau 375G			300	2.6	66.7	0.5
8853230002717	Ails au vinaigre			93	5	14	0
8853230002724	Gingembre au vinaigre	Thai Top Choice		14	0.2	2.1	0.2
8853230002809	Mangue Au Vinaigre 200 grs			92	0	23.7	0
8853230002878	Ail Frit 100G			310	6	30	21
8853230002885	Pickled lime			10	0	0	0
8853230003493	Piment au vinaigre			7	0	10	0
8853230004001	Sauce De Poisson 720 ML Royal Crabe	Royal		67	13	6.7	0
8853230005619	Craker de riz Saveurs coco			550	10	60	30
8853230008542	Pâte de tamarin	Peï D'Asie		59	0	15	0
8853230812514	Dried Mango			340	4	86	0
8853241001600	SRIRACHA HOT CHILLI SAUCE	THREE MOUNTAINS BRAND		107	1.2	23.3	1.5
8853241003338	Riz Thaï Parfumé Jasmin Royal Thai 5KG	Aucune		340	6	80	0
8853333000023	Malee Juice Apple	Malee		50	0	12.5	0
8853333015195	Jus de litchi	Malee		47	0	12	0
8853333015362	Malee Juice Coconut Water	Malee		22	0	5	0
8853333015409	Malee Mango With Mixed Fruit Juice	Malee		55	1	13.5	0
8853333016284	Malee Jus de litchi	Malee		47	0	12	0
8853333016291	100% Guava Juice	Malee		49	0	12	0
8853333016314	Mango Juice	Malee		55	0.5	13	0
8853333018653	Coconut water	Malee		21	0	5.1	0
8853445020056	Lotus's	Lotus's	50	280	8	52	4
8853602001126	Tapioca starch			348	0	87	0
8853662001135	Würzig Scharfe Sateé Sauce	Exotic Food		286	6.8	20	20.7
8853662001142	Chilli Paste	Exotic Food		33	1.8	3.5	0.5
8853662001210	Red curry paste	Exotica Food		76	1.6	5.4	4.6
8853662001340	Rote Curry Paste	Exotic Food		77	1.8	10	1.3
8853662001357	Grüne Curry Paste	Exotic Food		42	1.7	4.6	0.3
8853662002019	Tom Yum Suppe	Exotic Food		60	0.8	3.9	4.4
8853662002033	Rotes Curry	Exotic Food		117	1.2	6.7	9.2
8853662002040	Green Curry	Exotic Food	400	94	1.1	5.9	7
8853662002149	Pousses de soja	Exotic Food		26	1	6	0
8853662002170	Kokosnussmilch	Exotic Food	100	146	1	2.8	15
8853662003061	Exotic Foods Sweet Chilli Ketchup Sauce Squeeze 200ml	Exotic Food		219	1.4	52.7	0
8853662005409	Nouilles instantanées	Exotic food		453	10	65	17
8853662005423	Tom yum noodle soup	Exotic Food		460	7	65	19
8853662006826	Tube Wasabi 43GR Exotic Food	Exotic food		277	3.2	33	12.9
8853662006833	Nouilles Soba	Exotic Food	150	348.7	13.2	72.4	0.7
8853662008516	Mungobohnen Sprossen	Thai Pride		8	0.9	0.5	0.5
8853662008561	Bamboo Stripes	Thai Pride		6.4	0	1.6	0
8853662008844	Reisnudeln	Thai pride	100	339	7	75.5	0.8
8853662020020	Tapioca Starch	Thai Pride		350	0.1	87.1	0.1
8853662020228	Black Sesame	Thai Pride		578	18	8	50
8853662020563	Sauce à la mangue 295ml			299	0.9	73.8	0
8853662023007	Pâte de curry rouge	Thai Pride		211	3.3	19	14
8853662023038	Tom yum paste imp	Thai Pride		296	1.6	14	24
8853662023106	Sweet Chilli Sauce	Thai Pride		229	0.5	55	0.5
8853662023182	Satay Sauce	Thai Pride		195	3.4	23	9.3
8853662023212	Aceite de sésamo			816	0.5	0.5	91
8853662023267	Lait de coco	Thai Pride		119	1	2.2	12
8853662023298	Green Curry	Thai Pride	100	107	1	3.9	9.5
8853662023359	Fisch Sauce	Thai Pride		91	13	10	0.1
8853662023564	Chili garlic sauce	Thai Pride		92	1.6	20.4	0
8853662023571	Seasoning Sauce for Spring Rolls	Thai Pride		270	1.3	65	0.5
8853662023731	Sriracha			122	1.8	1.8	1.3
8853662023861	Matsaman Curry Paste	thai pride		191	7.2	6.8	13.4
8853662040011	Hot Sweet Chili Sauce	Exotic Food		266	1.8	63.4	0
8853662040028	Sauce sucrée pimentée aux litchis	Exotic Food		210	1.2	50	0
8853662040035	Sweet Chilisauce with Ananas			223	1.6	53	0.5
8853662040042	Sauce pimentée à l'ail	Exotic Food		121.6	2.4	28	0
8853662040080	ALTHENTIC THẠI Hot Chilli Sauce	Exotic Food		65	1	15	0
8853662040103	Mango Sauce	Exotic Food		294	0.9	72	0
8853662040110	AUT ENTIC THAI Pineapple Mango Sauce	Exotic food		320	0.6	79	0
8853662040127	Sauce Pad Thai Pour Pate Exotic Food	Exotic food		189	1.2	46	0
8853662040134	Süße Pflaumensauce	Exotic Food		308	0.6	76	0.5
8853662040158	Sauce soja	Exotic Food		328	5	56	0
8853662040219	AUTHENTIC THAI Green Salad Dressing	Exotic Food		238	0.5	58	0
8853662040226	Sauce Barbecue Exotic	Exotic food		237	1.6	56	0
8853662040257	Huile Pour Wok	Exotic food		828	0	0	92
8853662040295	Salatsoße Erdnuss	exotic		232	3.8	40	5.3
8853662040400	Exotic, Soya Sauce	Exotic Food		34	2.6	6	0
8853662040509	Sauce Gingembre Pour Wox			185	0.8	35	4.6
8853662040516	Exotic, Curry Garlic Wok Sauce	Exotic Food PLC		267	1	54.8	4.8
8853662040561	Sauce Pimentée à l'Ananas pour Wok	Exotic Food		179	1.4	43.2	0.1
8853662040585	Exotic Foods Red Chilli Basil Sauce			362	2.6	58.9	12.6
8853662040592	Exotic,Green Chili Basil Wok Sauce	Exotic Food		252	2.1	30.4	13.2
8853662040707	Piment rouge	Exotic Food		84	3.3	11	1.7
8853662040776	Gimgembre haché à l'huile de soja	Exotic Food		216	0.8	1.8	22
8853662040936	Sauce Hoisin	Exotic Food		238	2.3	53	1.9
8853662040967	Sauce Teriyaki	VATAN ENGROS AS		172	1.8	41.3	0
8853662041223	Zitronengras in Salzlake	Exotic Food		21	0.7	0.5	0.5
8853662041230	Purée de piment	Exotic food		153	1.9	7	12
8853662041261	Koriander gehackt	Exotic Food		128	2.3	6	10
8853662041315	Pad thaï stir-fry sauce	Exotic Food		153	3.5	24	4.4
8853662041407	Siracha Wasabi	Exotic Food		279	0.9	26	19
8853662041414	Green curry paste	Exotic Food		318	5.6	10	26
8853662041575	Red curry paste	Exotic Food	100	232	3.6	9.5	19
8853662041582	Green Curry Paste	Exotic Food		159	2.8	5	13
8853662044002	Sweet Chili Sauce			229	0	55	0.2
8853662044057	Chilli Sauce for Seafood	Flying Goose Brand		135	2.4	30	0
8853662044088	Red Salad Dressing	Exotic Food		220	1	53	0
8853662044200	Sweet Sour Sauce	Exotic Food		186	0.8	44	0.5
8853662044217	Sweet Chili Sauce for Chiken	Flying Goose Brand		229	0.5	55	0.5
8853662044231	D903613 F / Goose Sriracha H Chilli Sce			139	2.3	28	1.2
8853662044248	Salsa de Chili	flying goose brand		139	2.3	28	1.2
8853662044309	Red Curry Paste	Flying Goose Brand		77	1.8	10	1.3
8853662044316	Green Curry Paste	Flying Goose Brand		42	1.7	4.6	0.5
8853662044323	Yellow curry paste			82	2.5	12	1.1
8853662044347	Satay Soße 180G Flying Goose Brand			312	7.1	20	22
8853662044408	Tom Yum Soup	Flying Goose Brand		60	1	5	4.5
8853662044422	Coconut milk imp	Exotic Food		179	1	3.3	18
8853662044767	Vietnamesische Suppe Pho Soup Paste Flying Goose Thailand	Flying Goose Brand		242	1.6	34	10
8853662050362	Red curry paste	Thai Pride		77	1.8	10	1.3
8853662050379	Green Curry Paste	Thai Pride		42	1.7	4.6	0.3
8853662050386	Yelow Curry Paste	Thai Pride		63	2.2	4.7	1.4
8853662056142	Spiracha hot chili sauce Tomyum	Flying Goose Brand		137	1.7	27	1.7
8853662056166	Sriracha hot chilli onion sauce	Flying Goose Brand		107	1.5	24.7	0.8
8853662056203	SRIRACHA HOT CHILLI SAUCE			100	3	24	1.6
8853662056241	Sauce Piment Sriracha Coriandre			173	2	36	1.4
8853662056265	Sauce Piment Combava Sriracha	Flying Goose Brand	100	124	3	26	0.9
8853662056296	Hoisin sauce			238	2.3	53	1.9
8853662056319	Würzige Schwarze Pfeffer Sauce	flying goose brand		181	2.8	37	1.6
8853662056357	Sweet chilli sauce for chicken			228	3	55	0.5
8853662056456	Extra Garlic	Flying Goose Brand	30	83.3	3.3	16.7	0.3
8853662056692	Sauce pimentee a l'ail	Flying Goose Brand		142	0.9	32.8	0.3
8853662056708	Siracha Hot Chili Sauce			140	0	32	0
8853662056722	Sriracha Scharfe Chillisauce			179	2.5	38	0.9
8853662056753	Sriracha super hot chilli sauce			176	1.7	35	2.3
8853662056760	Sriracha sehr scharfe Chilisauce	Flying Goose Brand		176	1.7	35	2.3
8853662056777	Sriracha super hot chilli sauce no msg	Flying Goose Brand		176	1.7	35	2.3
8853662056791	Sauce Sriracha Hot Chilli	Flying goose	10	142	1.8	31	0.7
8853662056883	Sauce piment doux pour poulet	Exotic Food		229	0.5	55	0.5
8853662056944	Sriracha scharfe chilisauce	Flying Goose		142	1.2	33	0.5
8853662056951	Sriracha hot & sweet chilli sauce	Flying Goose Brand		146	1.2	33	0.5
8853662057002	Sriracha hot chilli sauce yellow chilli			185	2.2	40	1.2
8853662057019	Sriracha hot chilli sauce	Flying Goose		149	1.5	33	0.7
8853662057064	Sriracha Wasabi Sauce imp	Flying Goose Brand		139.1	2.2	28	1.5
8853662057118	Sweet chilli sauce	Golal		278	1	68	0.1
8853662057156	Sweet chilli sauce			239	0.8	58	0
8853662057187	Sriracha Hot chili sauce			667	24	34	0.6
8853662057194	All Purpose  Soy Sauce			37	2.6	6.6	0
8853662057200	Green Curry Sauce	FLYING GOOSE BRAND		94	1.5	11	4.9
8853662057217	Rec curry sauce			103	1.1	13	5.1
8853662057231	Green Curry Paste			159	2.8	5	13
8853662057255	Tom Yum Paste			256	1.6	12	22
8853662057262	Pad thaï Stir-fry sauce			153	3.5	24	4.4
8853662057279	Sweet sour stir-fry sauce			168	0.6	41	0.1
8853662057439	Mango Sauce			295	0.9	72	0
8853662057637	Yellow curry paste			212	3.1	8.7	17
8853662057651	RED CURRY PASTE	Exotic Food		152	3.1	11	9.1
8853662057675	Green curry paste	Flying Goose Brand		280	3.1	8.1	25
8853662057699	Yellow Curry Paste	Flying Goose Brand		294	4.5	14	23
8853662057873	Super Hot Chilli Sauce	Sriacha		168	1.8	34	1.7
8853662057910	Sriracha Mayo			281	0.9	26	19
8853662057934	Sriracha au wasabi			139	2.2	28	1.5
8853662057965	Sriracha tom yum			114	1.3	24	0.8
8853662060057	Sriracha hot chili smoke flavour	Flying Goose Brand		123	2	26	0.7
8853662060088	Sriracha black pepper sauce	Flying Goose	5	119.5	2	26	0.6
8853662060101	Sirasha mustard			157	2.5	30	2
8853662060149	Sriracha Hot Coriander Chili Sauce	Flying Goose Brand		162	2.3	31	2.6
8853662060163	Spicy sriracha mayo sauce	Flying Goose		243	9	19	15
8853662060194	Sweet chili mayo			241	0.4	42	7.8
8853662060200	Sweet chili mayo sauce	Flying Goose Brand		241	0.4	42	7.8
8853662060279	Sriracha extra hot chili sauce	Flying Goose Brand		133	3	26	1
8853662060293	Sriracha Extra Hot	Flying Goose Brand	3	133	3	26	1
8853662060316	Siracha cocunat chilli sauce	Flying Goose		199	2.1	33	6.2
8853662060347	Flying Goose 455ml	Flying Goose		139	2.1	29	0.9
8853662060477	Sriracha sauce kimchi	Flying Goose Brand		126	1.8	27	0.8
8853662060699	Hoisin Sauce	Flying Goose	15	268	3.5	44	8.5
8853662062501	Hemp Seed Oil sriracha Sauce			118.1	0.7	27	0.4
8853731000748	Ananas en tranche au sirop léger			277	0.4	15.7	0.1
8853731002315	Piña en su jugo	hacendado		56	0.5	13.5	0
8853969000046	arroz con aroma jazmin	yang's brand	50	720	12	0	1.4
8853969000831	Riz Jasmin	Royal Thai	100	353	6.9	78	1.2
8853969000879	Klebreis - Thai Glutinous Rice	Royal Thai		355	6.4	80	1
8853969000923	Riz parfumé thaï			350	7	79	0.5
8853969001555	Bruchreis	Royal Thai		353	6	78	1.2
8853969003757	Riz jasmin	CTF BRAND	100	353	6.9	78	1.2
8853969006116	Thai Jasmine Scented Rice			353	6.9	78	1.2
8853969006147	Thai Jasmine Rice	AROY-D	133	202.1	6.9	78	12
8853969008011	Riz brun Jasmine, Biologique.	Healthy Grain	45	355.6	6.7	75.6	3.3
8853969008172	Red Cargo Rice	Sawat-D	50	357	9	71	3.4
8853969009735	Arroz glutinoso			355	6.4	60	1
8853969009742	Arroz Glutinoso	Double Elephants		355	6.4	80	1
8853969009926	Thai hom mali rice	AAA		353	6.9	78	1.2
8853969010021	Healthy Grain - Trio Rice			351	8.6	70	3
8853969011240	Healthy Grain - Duo rice			353	7.8	73	2.8
8853969011561	Riz gluant	Sawat-D		354	6.9	79	1
8854099005253	Super Spice Tamarind	Tamarind House		272	1.5	62.2	0.2
8854241007784	Macarons surgelés au gout exotique			416	10.8	58.7	15.3
8854334002436	Lime Juice	FaThai	10	0	0	0	0
8854404000829	Royal Thai Cuisine Pâte de Curry Massaman Thaï	BLUE ELEPHANT	15	301	5.8	17.7	23
8854404001062	BLUE ELEPHANT LEMON GRASS DRESSING 220ML	Blue Elephant		314	1.5	11.7	29
8854404001093	Blue Elephant Chili Sauce	Blue Elephant		138	2.4	29.2	0.5
8854404001185	Vinaigre de riz			1	0	0	0
8854404001192	Blue Elephant Black Pepper Sauce 190ML	Blue Elephant		144	1.7	23	3.4
8854404001635	SAUCE TAMARIN	Blue Elephant		246	1.6	52.1	3.3
8854404001680	Royal Thai Cuisine Thai Premium Rice Jasmine Rice	BLUE ELEPHANT	50	343.8	7.6	77.9	0.2
8854404001710	Royal Thai Cuisine Basilique Doux Thaï	BLUE ELEPHANT	3	199.2	28.8	21	0
8854404001727	Dried Kaffir Lime 4 G			0	14.1	24.1	0
8854404001734	Blue Elephant Dried Lemon Grass Blue Elephant 8G	Blue elephant		297	5	62	0
8854404001772	Kokosmilch Thai	Blue Elephant	80	177	0.8	2.5	18.2
8854404002564	Royal Sauce Thaï Aigre-Douce	Blue Elephant	30	131.1	0.8	25	3.1
8854404004742	Royal Thai Cuisine Thai Premium Cooking Set Green Curry	Blue Elephant		375	4.8	17.7	28.8
8854404004766	Blue Elephant Thai Yellow Curry Meal Kit	Blue elephant		415	4.2	21.7	32.5
8854404004773	Curry massaman  thaï	Blue Elephant	55	392.1	5.8	20	32.1
8854404004957	Pâte de Curry Vert Thaï	Blue Elephant	15	153	3.9	11.2	8.1
8854404005039	Blue Elephant Pate De Curry Paneang 70G	Blue elephant	100	40	0.7	2	3
8854404005046	Blue Elephant Pate De Basilic Thai Pour Saute 70G	Blue Elephant		310	3.8	20	23
8854404005220	Blue Elephant Sauce De Curry Rouge 300G	Blue elephant		191	2.7	8.2	15.9
8854404005244	Brochettes de &quot;Satay&quot; Thaï	Blue Elephant	50	251	3.8	19.2	17.1
8854404005589	Pâte de tamarin	Blue Elephant	33	107	0	28.6	0
8854404005664	Royal Thai Cuisine Thai Premium Cooking Set Phad Thai	Blue Elephant	150	288	4.3	64.5	1.3
8854404006227	royal thaï cuisine			117	3.5	10	5.3
8854404006272	Blue éléphant			325	5.8	17.7	23
8854404006630	Sauce poivre noir thaï	Blue Elephant		144	1.7	23	3.4
8854404006661	Rice noodles for Phad Thai	Blue Elephant		184	0	0.5	0.4
8854404007002	Tom Yam	Blue Elephant	125	56.8	1	6.6	2.6
8854404007392	Thaï Massaman Curry Sauce	Blue Elephant	150	200	2.1	12.2	15.5
8854404007408	Thai Panaeng Curry Sauce	Blue Elephant	150	194	2.6	9.4	15.8
8854419002306	Coconut milk	Tab Brand		131	1.6	1.9	13
8854419002320	Lait de coco	Coconut		181	2.2	2.8	18
8854419002405	T A S Brand Tamarind Drink	Taste of inspirations		65	0.5	15.6	0
8854419002412	Tamarind Drink			69.8	0	17.1	0
8854419002450	Boisson Tamarin	Teptip		65	0.5	15.6	0
8854460002812	Préparation Boisson Citronnelle 180G			611	0	40	0
8854575005258	Ranong tea			0	0	0	0
8854575006576	Slinmy			0	0.1	0.2	0
8854575006606	Slinmy Herbal Tea Drink Green Tea			1	0.1	0.2	0
8854575010184	SLINMY 7 x 30 g	SLINMY	100	444	1.7	84	11
8854657001116	Ground Chilli & Garlic In Oil, Scharf	Double Sea Horse		485	0	10.7	47.4
8854657002526	Concentrate cooking tamaring			62	0.6	14.9	0
8854657002748	Tamarind			80	1	19	0
8854692008071	Vinagre de arroz			0	0	0	0
8854692011408	Siracusa Mayo Chili Sauce	Maui Tropics Food And Beverage	5	300	0	20	20
8854698005289	Green Tea  Genmai	Oishiya	250	26	0	6.6	0
8854698009669	Oishi Green Tea Honey Lemon	โออิชิ	190	47.4	0	12.1	0
8854698012713	Oishi Green Tea Kyoho Grape Flavour With Nata De Coco	โออิชิ	190	36.8	0	8.9	0
8854698012775	โออิชิ None	โออิชิ	190	10.5	0	2.6	0
8854698014366	Genmaicha no sugar	Oishi		0	0	0	0
8854698016933	ยาคูลส์ซ่า กลิ่นองุ่นเคียวโฮ	Oishi	320	18.8	0	4.7	0
8854761000265	น้ำส้มวาเลนเซีย	Chabaa	180	22.2	0	5.6	0
8854761001439	Grass Jelly Drink	Chabaa	230	21.7	0	5.7	0
8854761010219	ชบา 180 ml	ชบา	180	22.2	0	5.6	0
8854761070114	Chabaa Juice Peach & Mango			45	1	23	0
8854761170111	Mango			55	0	13	0
8854761240111	Chabaa Juice Valencia Orange	Chabaa		90	1	22	0
8854761951345	Almond milk			70	2	1	6
8854770006500	roll			160	1	20	8
8854800003721	Sauce de poisson	CÁ CÒM	15	0	0	0	0
8854858004008	Nouilles Chinoise Jaune	Mont asie		314	12.1	62	1.4
8854923212307	Snack Jack	Snack Jack	35	514.3	14.3	54.3	25.7
8854923215308	Snack Jack			514	18	52	26
8854958001297	Wasabi en polvo	Fanya		109	4.8	23.5	0.4
8855044011695	Boisson au mangue			53	0	13.2	0
8855044012012	Basil Seed Drink with Pineapple Flavor	Early Spring	290	36.2	0	8.6	0
8855044014368	Basil Seed Drink			48	0	12.5	0
8855044017031	Coco Royal Letchi avec graines de basilic			0.1	0	37	0
8855044049896	Boisson fraise			52	0	13	0
8855044052285	Basil Seed Drink with Pomegranate Flavour	Nutrifresh	290	20.7	0	4.8	0
8855044052292	Basil Seed Drink with Strawberry Flavour	Nutrifresh	290	20.7	0	4.8	0
8855044053527	Chia seed drink			48	0	12	0
8855159000058	Rice vermicelli			382	7.3	85.4	0
8855199132184	Fanta Ananas orange	Fanta		796	1	7	7
8855199132658	Tonic Water	schweppes	330	36.4	0	9.4	0
8855237000048	Pate de curry vert	Nittaya Thai Curry	150	100	4.4	20	0.4
8855237000567	Pate De Curry Rouge Nittaya	Nitaia		109	6	10	2.2
8855237000574	Pate De Curry Vert Nittaya			66	4.4	7.8	0.4
8855237000598	Pate De Curry Kari Jaune	Nittaya		85	6.4	11	1.7
8855237000826	Thai Green Paste	Nittaya	100	77	2.9	16	0.5
8855263008360	Cai chua - pousses de moutarde au vinaigre	Good Choice		17.9	0	0	0
8855273000019	White Rice Flour			379	7	83	0
8855273000415	Rice sticks			349	6	80	0.6
8855273002563	Sugar Coated Tamarind			67	0	17	0
8855273007797	Tom Yum paste			300	6.7	20	20
8855273008015	Tamarind	Me Chua Khong Hot		319	2	76	0.8
8855273009111	Glutinous Rice	Three Coconut Tree		355	7	80	0.5
8855273009982	White Rice	Golden Thai Dragon	46	347.8	6.5	80.4	0
8855273010339	Tamarind Concentrate	Chang	100	72	0	18	0
8855273010551	white rice flour	chang		355	7.6	73.9	2.5
8855273017291	Long Life Noodles	Chang	125	314.4	12	64	1
8855273018250	Frozen Sticky Rice With Taro	Chang	100	249	3.2	45	6.2
8855273032560	Tamarind			256	3	63	0
8855413000145	Organic Extra Virgin Coconut Oil			862	0	0	100
8855521000013	เต้าหู้ไข่ไก่	CP Delight	120	58.3	5.8	1.7	2.9
8855591000371	Costes green peas wasabi flavour			450	16	65	14
8855591000555	Sliming herb			300	7	0	8
8855702005776	chicken samosa	Authentic Asia		268	9.1	23.4	14.7
8855702006049	Charoen Pokphand King Prawn Wonton Soup			46	4	6.2	0.6
8855702006827	Indian Cube Chicken Tikka Masala with Jasmine Rice	Kitchen joy	350	145	6.3	21	3.8
8855702007749	Sweet Chili Chicken Teriyaki with Jasmine Rice	Kitchen Joy	350	138	5.2	24	2.2
8855702008258	Flamin’ Chicken Tenders	CP	100	215	21.8	12.5	8.4
8855784000201	Sauce Sukiyaki 550ML	UKO		118	0.8	25.2	1.5
8855790000844	Carabao energy drink			19	1	0	0
8855790000851	Energy drink green apple			19	1	4.5	0
8855790001759	Energy Drink Mixed Berry	Carabao	330	12	0	2.8	0
8855790002251	Mango Burst Energy Drink	Carabano		15	1	3	0
88558578	Crème biscuitée	Blédina		95	3.2	12.3	3.5
8855897000471	Jackfruit Chips 30G			447	4.4	79	11
8855897000488	Durian Chips 50G	HeyHah		552	3.7	57.7	34
8855917000825	O'TORI NUGGEY			475	5.5	72	18.4
8855917002669	Vega pop			468	6	66	19
8855917002881	NUGGET			468	6.6	66	19.7
8856001000011	Agar Agar			80	0	1.8	0
8856049004767	Ananas en tranche			61	0.5	15	0.5
8856082005561	ไฟเบอร์ สารสกัดจากกุหลาบ และตรีผลา	แฮนตี้เฮิร์บ ไฟเบอร์ โฟลว์	12	145.8	0	37.5	0
8856241000024	Soupe déshydratée au porc	Thailand	7	234	3.7	49.8	2.3
8856241000055	Instant Noodle Soup Powder- Spicy 208G	Costo		20	0	3	0.5
8856429000341	Thai rice vermicelli	Golden Lion Brand		367.1	5.8	84.2	0.8
8856429003403	Rice Noodles	Golden Lion		356	6.3	79	1.2
8856771000587	Dried Mango	Market Gateway		350	1	66	1
8856848000151	Earth Gluten Free Organic Black Rice Pasta			357	7.3	79	1.3
8856848000175	Gluten free organic Rice pasta Brown rice	Perfect Earth		348	7.4	72	2.5
8856848000182	Gluten Free Organic rice pasta			359	7.9	80	0.7
8856848000526	Organic chia whole seeds white and black	Perfect Earth		400	4	15	8
8856848001318	Organic instant noodles Tom Yum	Perfect Earth		351	7.1	73	2.6
8856884005851	Tamarin doux			314	2.9	75.6	0
8856900000020	Aromax Thai Red Curry (2,58 Eur / 100 G)	Thai Red Curry		303	3	15	26
8856900000037	Würz-Set für Tom Yum Thai Soup	Aromax		253	2.5	29	14
8856900000044	Tom Ka Suppe	AROMAX	14	300	2.4	20	23
8856900000129	Red Curry Paste	Aroma Interplus		140	5	25	2
8856900000136	Yellowjackets Curry Paste	Aromax		214	4	15	15
8856900000792	Pad Thaï	Aromax		260	6	60	0.4
8856901002009	Puffies			431	6.9	76	11
8856901002016	Snacks de riz cuits au four			435	6.9	76	11
8857053002268	Star brand extra super quality		158	129.7	2.5	28.5	0
8857056004139	Picnic			230	7	4	8
8857056004597	Soupe de nouilles au curry vert			14	7	37	6
8857056004634	TomYum Noodles Crevettes	Picnic		429	13.5	63	14
8857056004641	Picnic Nouilles / Soupe Vegetarien (avec Herbes Fraiches) 70G	Picnic		250	7	35	9
8857056004955	PICNIC CUP NOUILLES / SOUPE CURRY (avec Herbes Fraiches) 60G	Picnic		320	5	60	10
8857056005099	Seafood flavoured instant Noodles	Picnic		230	7	34	8
8857056005150	Sauce salade thaïlandais épicée			120	0	30	0
8857056005174	Vinegrette « Sum-Tum Pu »	Well-grow Co.		160	0	40	0
8857056005389	Curry Crab	Picnic		490	10	54	14
8857099003854	Kokozo Mixed Fruit Juice 300 ML			176	0	10	0
8857099004547	Aloe Vera Drink Lychee Flavour	Vera	240	38	0	9	0
8857099004561	Vera Drink Green Apple 500ML	Vera		38	0	9	0
8857099005797	Aloe vera drink pineapple flavour	VERA		38	0	9	0
8857099005810	Boisson à l'aloe vera saveur noix de coco	VERA	240	38	0	9	0
8857101220927	Dee Thai Rice Vermicelli			377	6.9	84.3	1.3
8857101220941	Rice Sticks	Dee Thaï	50	353	5.8	81.9	0.2
8857101220965	Dee Thai Rice Stick 10MM			353	5.8	81.9	0.2
8857101221054	Dee Thai Sauce Piment - Ail	Dee Thai		115	0.7	27	0.5
8857101221139	Sauce pour nems DEE THAI	Dee Thai		280	0	68	0.9
8857101221474	Dee Thai Sauce Soja Superieure	Dee Thai		47	6.7	4.4	0.5
8857101221788	sauce huitre			118	3.5	26	0
8857101221795	Dee Thai Sauce Aigre-douce	Dee Thai		126	0	31	0
8857101221801	Dee Thai Huile De Sésame	Les idees du boucher		900	0	0	100
8857101221955	Dee Thai Pate De Curry Rouge 114 GRS	Dee Thai		90	4.2	10	1.7
8857101222938	Leche de coco	Dee Thai	80	162	0.5	2.9	17
8857101223072	Dee Thai Sauce Soja Sucree 200 ML			287	0.5	70	0.5
8857105060093	Thai Fortune Roll	Thong Tham Nai	15	364	13	33	20
8857105060253	Biscuit roules saveur noix de coco			0	0	0	0
8857105710820	Tamarind Concentrate	Nature taste		60	0	9	0
8857106430499	Thai Flavour Pasta With Black Jasmine Rice Flour 250 G	Thai Flavour		355	7.1	72	1.9
8857106430512	Vermicelles de riz jasmin complet			355	7.5	78.3	1.4
8857106430529	Vermicelles de riz à la feuille de mûrier			351	7.5	77.8	1.1
8857107230074	เถ้าแก่น้อยเผ็ดญี่ปุ่น			733.3	13.3	13.3	70
8857107231040	Tao kae ni	Tao Kae Noi	20	400	20	15	25
8857107231057	Crispy Seaweed Hot&Spicy Flavor	Taokaenoi Brand		716.7	13.3	20	60
8857107231781	Kae Noi Crispy Seaweed Hot & Spicy Flavour	Taokaenoi	32	656.2	15.6	18.8	56.2
8857107232016	Taokaenoi Crispy Seaweed Big Sheet Classic Flavor			15	1	10	0
8857112520016	Solar dried natural banana	Jiraporn Banana	20	300	0	75	0
8857112520238	Natural banana chocolate			360	0	72	8
8857118730075	Megachef ANCHOVY	Megachef	15	76.5	13.3	6	0
8857118730082	Megachef 700ml	Megachef		68	13.7	3.4	4.4
8857118730198	Premium Fish Sauce	Megachef		68	14	3.4	0
8857118730303	Premium Sweet Dark Soy Sauce	Megachef		216	7.1	47	0
8857118730327	Premium oyster sauce	Megachef		107	2.5	24	0.2
8857118730556	Gluten-free soy sauce	Megachef		54	2	12	0
8857118730693	Fischsauce			77	13	5.9	0
8857118730730	Nuoc Mam nhi			77	13	5.9	0
8857121197032	Tamarin Doux			283	2.6	64.1	0.1
8857121197155	Tamarin sucré	Natcha		0	4	84	0
8857121346010	Instant rice noodles			196	3.6	44.3	0.4
8857121775339	Extra Virgin Coconut Oil			800	0	0	94
8857122559037	Soupe Instantanée Tom Yam	Desiam		374	2.9	89.4	0.6
8857122559051	Soupe Instantanée Tom Kha	Desiam		463	3.2	73.4	17.4
8857122559358	Thai Coconut Cream	deSiam	80	180	2	1.2	17
8857122559396	Red Curry Paste 100g	Siam		199	2.5	19	12.6
8857122559433	Sauce Au Curry Vert			191	1.4	10.5	15.9
8857122559457	Sauce Au Curry Rouge	Desiam		153	1.9	7.7	12.8
8857122559471	Yellow curry Thai cooking sauce	Desiam		123	1.4	7	9.9
8857122559495	Fish Sauce, thailändisch	Desiam		81	9.6	10	0.1
8857122559518	Thaï sauce red Chili	Siam		61	0.8	13.7	0.4
8857122559594	Pâte de Curry Rouge	Desiam	25	193	1.8	13	14
8857122559617	Pâte de Curry Jaune	Desiam	70	294	4.8	16	22
8857122559655	Tom Yam imp	Desiam		392	5.3	30.5	27.6
8857122559693	Lemongrass Stir-fry Paste imp	Desiam		45	0.7	7.3	1.5
8857122559716	Pâte De Tamarin	Desiam		99	1	23.4	0.1
8857122559778	Rice Vinegar	Desiam	15	3	0.5	0.2	0
8857122559815	deSIAM 200ml	deSIAM		152	4.4	32.9	0.1
8857122646898	Coconut Palm Sugar	EZY FRESH	125	96	0.8	23.2	0
8857122685033	Ananas en morceaux au sirop			73	0.4	0	0.1
8857122685682	Lait de Coco	Saveurs du monde		100	1	3	13
8857122685903	Lait de coco	Dzia la Nadzi		71	0.5	3.2	6.4
8857122695117	Chocolate dipped solar dried banana	Banana Society	25	360	3	72	8
8857122829055	Pearl Royal Coconut Juice			25	0	6.2	0
8857122829062	Pearl Royal, Coconut Water	Pearl Royal	310	24.9	0.2	6.2	0
8857123059673	Golden Threeds Roll Crepe Pandan	ของโปรด	70	304.3	8.6	31.4	15.7
8857123863041	Coco queen			29	0	6.9	0.1
8857123863195	Coco Queen			27	0.9	6.5	0.1
8857124188136	Grainey Granola Multi Grain Bar	Grainey		400	5	90	0
8857124188181	Granola bar Chocolate chip Almond flavour			480	16	48	24
8857124188907	Granola Bar	Graney	30	400	26.7	50	11.7
8857124283114	Sweet potato chips	Pundang		163	0	30	50
8857124365155	Thai sweet tamarind	Sawas Dee Brand		325	2.8	80	0.5
8857124365162	Thaï sweet tamarind			350	3	85	0.5
8857124778313	Dried mango	Aimm’s Snack		90	0	7	90
8857125593380	Soy Protein Crisps BBQ	LILSHEEP	20	600	35	20	40
8857126105810	devil spicy flavour rice crackers younger farm	Younger Farm	60	516	5.9	62	27.1
8857200007122	Coconut cgips	Greeny Fruits	40	575	5	55	37.5
8858011508693	Teriyaki chicken & Noodle			159	4.7	28	4.7
8858011585410	Thai Style Chicken Jerky	Smart Eat	60	183.3	25	11.7	5
8858011586196	Riz style espagnol			290	6	50	7
8858011802159	Jasmine Rice Heat & Eat	Kitchen 88	150	153.3	2.7	33.3	1
8858011825509	Steamed Black Rice Heat & Eat Single Serve	Kitchen 88	150	200	4	0	2.7
8858011825523	Cooked 5 Grains Rice Riceberry	Kitchen 88	150	193.3	4	0	2.3
8858095002216	Spoon&Spoon Thai Hom Mali Rice			160	3	0	0
8858135000042	Realthai Coconut Cream	Real thai		215	1.6	4.8	21
8858135000097	Green Curry Cooking Sauce	Real Thai		115	0.9	5.4	10
8858135000103	Real THAI 250 ml	Real THAI	100	189	1.5	9	16
8858135000110	Real Thai Sriracha Hot Chili Sauce	Asia		167	1.4	38	0.6
8858135000417	Sweet chilli Sauce	Real Thai		207	0	51	0
8858135001360	pâte pour soupe Tom Kha	Real Thai		207	2.7	21	12
8858135001377	Tom Kha Suppenpaste	Asien		207	2.7	20.6	11.7
8858135002053	Peanut rice paper sauce	Real Thai		286	3.9	51	7
8858135002794	Kokosnussmilch	Real Thai		185	1.6	2	19
8858135004767	Red curry kit 3 steps			168	3	6.6	14
8858135005634	Siracha Super Extra Hot Chilli Sauce	Real Thai	36	83.3	1.4	17.5	0.6
8858135005658	Srirache Hot	Real Thai		121	2.1	26	0.8
8858135005665	Real Thai 565	Real Thai		40	1.1	3.4	2.1
8858135010010	Rote Curry paste	Real Thai		118	4.4	9	6.4
8858135012069	Tom Yum Suppen Psste	Rwsl Thai		273	4.1	14	21
8858135021054	Original Thai Cuisin	Real Thai	400	185	1.6	2	19
8858135040017	Thaitan Molho De Pimenta Doce	Real Thai		207	0	51	0
8858135040031	Spring Rolls Sauce	Real Thai		263	0	65	0
8858135042066	Pad Thai	Real Thai		232	1.7	52	1.8
8858135051013	Real Thai Reispapier	Real Thai		324	3.1	78	0
8858135054021	Real Thai Rice Paper 22cm Round Gluten f	Real Thai		324.4	3.1	78	0
8858135071011	Sauce Curry Rouge et ses légumes	Real Thai		92	3	9	5
8858135071028	Grünes Curry mit Gemüse	Real Thai	150	96	1.5	6.4	6.8
8858223003399	Spicy Korean Chicken Biscuit Sticks	Mix	25	560	8	52	32
8858223008172	Chip	VFOODS		533.3	6.7	53.3	33.3
8858279001936	Voiz	voiz	24	500	8.3	62.5	25
8858306000253	Riz Thaï Long Jasmin Golden Phoenix 4.5 KG	Golden sun		347	7.3	76.5	1.3
8858306000468	White glutinous rice	Golden Phoenix	100	333	6.6	76	0.3
8858306001618	Riz Thaï Brisé Parfumé Golden Phoenix 4,5 KG			347	7.3	76.5	1.3
8858306003469	Riz Thai Jasmin Golden Phoenix 20 KG	Golden sun		744	3.1	40.2	0.5
8858306003520	Weißer Klebereis	QRice	100	348	6.6	80	0.5
8858306004626	Thai hom mali rice			347	7.6	76.5	1.3
8858306004640	Riz cargo Rice			324	8.9	65	3.1
8858306004701	Thai hommali cargo rice			356	7.4	76	2.7
8858306005982	Reis thai			347	7.3	77	1.3
8858306006293	Riz jasmin thaï bio			353	7	79	0.9
8858306006309	Riz blanc Thai indice glycémique bas RD 43			348	9	77	0
8858306006613	Riz complet Hom Mali			351	7.3	74	2.2
8858358002014	Greenday Mixed Fruit Crispy	Greenday	27.5	472.7	3.6	76.4	18.2
8858358004612	Greenday Taro Crispy	Greenday		464	4.7	74	16.6
8858358005022	Chips de Gombo	Greenday	25	480	12	60	24
8858358008016	Crisp peach	greenday		375	0	91.7	0
8858358008023	Crispy Grape	Green Day		70	1	0	0
8858358009938	Coconut Chips Original Flavour	Glendee	20	600	5	55	40
8858358009983	Crispy Strawberry			100	1	23	0
8858358010194	Chip de coco chocolat			110	1	8	7
8858393000013	Papean Banana Bake With Honey 240G.			25	1	3.7	0.1
8858431900138	Riz Parfumé			160	3	0	0
8858557000019	Agar Agar Poudre			360	0	88	0
8858598010053	Sauce Piment Sucrée	Siam's		60	0	14	1
8858598010077	Sauce Piment Sucrée	Siam’s		180	0	44	0
8858598040234	Lait de coco	White Elephant		140	1	3	14
8858598040630	Soupe chinoise			250	7	1	80
8858629001425	Thai Fruits 500 g	Thai Fruits	30	333.3	0	83.3	0
8858629001449	Dried mixed fruits	Thai Fruits Village	30	333.3	0	83.3	0
8858629001524	Bangkok cookies crab curry			480	6	68	20
8858629001531	Tom yum			100	1	14	4.5
8858639000029	Chicken Karaage	Ajinomoto		192	13	6.1	13
8858639000319	chicken karaage	Ajinomoto		198	13	5.2	14
8858639001101	Gyoza 5 vegetales	Ajinomoto		152	6.3	29	0.9
8858650105963	Mangues en tranches au sirop léger	EMC Distribution		57.2	0	14	0
8858652600442	Bonbon tamarin pimenté			0.4	0	29	0
8858652601296	Pâte de tamarin			267	0	4.4	0
8858652601388	100% coco	100% coco		354	3.3	15	33
8858661100049	Moki 470 g	Moki	280	14.3	0	3.6	0
8858661102081	Konjac Knots	MOKI	20	4.2	0	25	25
8858671520011	Chapelure Gogi	GOGI		372	15	67	3.4
8858672700030	ชาเขียว ฟูจิชะเทสตี้ ตรา ฟูจิชะ	Fuji	500	120	0	28	0
8858679319686	นํ้าปลาหวาน	ตะไคร้	50	240	6	60	0
8858679644030	Mochi Ice Dessert (Assorted)	Buono	26	221.5	0.4	40	6.5
8858679646003	MochiIce chocolate			190	1	31	7
8858679646027	Mochi Ice Dessert Vanilla	Buono (Thailand) Co.		223	0.6	40	6.8
8858679646034	Buono Mochi Ice Dessert Mango	Buono	26	248	0	41	2.6
8858679646058	Schwarzer Sesam Mochi	Buono	26	250	1.7	39	9.4
8858679646072	Non-Dairy Mochi Coconut Frozen Dessert	Buono	26	235	0	39	8.6
8858679646249	Mochi Ice Sorbet, Passion Fruit	Buono (Thailand) Co.		198	0	43	2.9
8858679670008	Mango on stricky rice			179	2.6	38.2	1.7
8858679670015	durian and sticky rice in coconut milk	lamai thai		235	3.1	35.3	9.1
8858680851663	Rice berry			360	8	39	0
8858684510290	Plant-Based Ground Meat	Meat Zero	110	140	11	9	7
8858684517497	Congee with kurobuta pork	CP	400	80	4	7	4
8858684519057	Chicken Tikka Masala with Turmeric Rice	Chef Cares	100	170	8	25	4
8858684521791	ออมุกปลาผสมกุ้ง	CP	60	183.3	10	13.3	10
8858684522088	Pork Blood Pudding Soup	EZYGO	320	56.2	5.6	1.9	2.8
8858684522583	Sliced Tender Chicken Breast with Seafood Sauce	ซีพี ดีไลท์		117.6	0	0	0
8858702402026	Roasted seaweed 16 g Tao Kae Noi			361	30.4	50.5	4.2
8858702402033	Extra sheet	Tao Kae Noi		351	44	33	5
8858702402194	Snack Algue Pimenté	Tao Kae Noi	25	520	8	52	32
8858702402521	Crispy seaweed	taekaenoi	16	75	3	4	5
8858702403597	Crispy Seaweed (Wasabi Flavor)			676	13.3	8	63.6
8858702403603	Crispy seaweed	Taokaenoi		83	12.1	9.4	9.4
8858702403634	Taokaenoi grilled squid			375	25	66.7	0
8858702410823	Big roll	Jao Kae Noi	3	476.2	0	95.2	0
8858702410847	Spicy Flavour Grilled Seaweed Roll	Tao Kae Noi	3	177.5	13.6	5.5	2.4
8858702410878	Big Roll Grilled Seaweed Roll Spicy Grilled Squid	Tao Kae Noi	3	333.3	33.3	66.7	0
8858702413664	Tempura seaweed			566	10.6	45.8	37.8
8858702414883	BIG ROLL GRILLED SEAWEED ROLL			10	0.6	1.1	0
8858702414951	BBQ Sauce Flavour Grilled Seaweed Roll	Tao Kae Noi	3	179.6	13.7	5.5	2.4
8858702415262	Crispy seaweed	tao kae noi	16	622.1	18.3	3.8	59.3
8858702421676	Japanese Crispy Seaweed (spicy Flavour) 32G	Taokainoi		681	12.6	6.7	64.8
8858702421997	Crispy Seaweed	Taokaenoi	100	690	13.3	20	62.7
8858702422024	Crispy seaweed	Tao Kae Noi	59	676	13.3	8	63.6
8858702422055	Crispy Seaweed	Tao Kae Noi	100	790	13	13.8	69.1
8858702423571	Seasoned Laver Classic Flavour			12	0	0.6	0.8
8858702426022	Crispy Seaweed Snack Sour Cream and Onion Flavor	Tao Kae Noi	16	687.5	14.4	6.9	59.4
8858702437585	Crispy Seqweed	Tao Kae Noi	16	633.4	16.2	4.4	59.4
8858705600924	น้ำนมโคพาสเจอไรซ์ - 5 L	Magnolia	200	65	3	4.5	3.5
8858709100246	Greek Yogurt Organic	DAIRY HOME	140	64.3	9.3	5	0.7
8858709102356	โยเกิร์ต ออแกนิค สูตรไม่เติมน้ำตาล	Dairy home	150	73.3	4	4	4.7
8858710000054	Ananas Morceaux Sofia			90	0	22	0
8858731200129	Pudding strawberry			80	0	20	0
8858731200853	Mangosteen Pudding mit Nata de Coco	Nanaco		80	0.5	18	0.5
8858741211054	Riz Parfumé			350	6.9	76.3	1.1
8858741211740	Brauner Jasminreis / Healthy Brown Rice - Sunlee 1KG			356	8	75	2.7
8858744800057	Tom Yum Paste imp	Kanokwan	100	278	3.3	36	12
8858744800071	Kanokwan Yellow Curry Paste 1.76 Oz			357	5	15.7	30.5
8858744800088	Massaman curry padte	Kanokwab		127	5.2	20.5	2.7
8858744800095	Kanokwan, pad thai paste	Kanokwan	24	250	0	54.2	4.2
8858750200117	Mangue déshydraté	King Power		366	3	70	8.3
8858752600748	Seaweed Original	Triple M	54	344	13	47	2.9
8858752601295	Crispy seaweed			714.3	17.1	11.4	65.7
8858768008989	Sauce de piment sucrée			492	0	29.9	0
8858768009009	Jus de coco avec pulpe			120	0	28	0.5
8858768015932	Sauce de poisson NUOC-MÂM		15	26.7	6.7	6.7	0
8858768027393	Annanas au sirop			60	0	16	0
8858768091189	Nouilles de riz			368	7	82.7	1
8858768830078	Rolled Oats	Fruit Mania	36	416.7	11.1	69.4	11.1
8858768831433	Pitted Prune	Fruitmania	37	324.3	2.7	78.4	0
8858768831945	Dried Cranberries	Fruit Mania	30	366.7	0	90	0
8858816900074	โยเกิร์ตผสมวุ้นมะพร้าว ตราดานอน แอคทีเวียเป็น	Danone	110	90.9	3.6	15.5	2.3
8858816900715	ดานอน แอคทีเวีย ไลท์แอนด์ฟิตต์	Danone	150	30	1.3	5.3	0
8858816901453	นมเปรี้ยว กลิ่นสตอเบอรี่	ปาร์ตี้ แดรี่	140	50	1.4	10.7	0
8858816902344	เบลล่า โยเกิร์ตผสมวุ้นมะพร้าว	Bella	90	77.8	3.3	11.1	1.7
8858816902634	เบลล่า โยเกิร์ตรสสตรอเบอร์รี	Bella	90	88.9	3.3	13.3	2.2
8858826301908	Mung Bean Sprouts	Cock Brand		11	1.2	1.5	0
8858826308990	Perles de tapioca		12	346	0	86	0
8858837620005	Crackers de riz au wasabi	Oishiya		387	6.6	83	2
8858862800328	หนองโพ 130 g	หนองโพ	130	107.7	3.8	16.2	2.7
8858867801818	เค้กช็อกโกแลตคลาสสิค	EZY Sweet	75	266.7	4	34.7	12
8858871831030	Lychee Geschmack			60	0	12	0
8858883200480	Aceite de coco extra virgen	The Elements		903	0.7	0	100
8858889305370	Sambal Oelek	Tim Tam		59	2.5	10.9	0.6
8858894100045	Wheat Loaf	Cubic	51	254.9	11.8	49	3.9
8858894105279	Banan Wheat Bread	CUBIC	55	272.7	10.9	50.9	3.6
8858901603644	Riz parfumé jasmin	Kim Phât		360	3	82.4	0.7
8858908303714	Basil Seed Drink Mangosteen	American Green	290	55.2	0	13.8	0
8858908314956	Coconut Milk	Thai Touch		118	0.6	2.1	12
8858943000012	Cashew nut			160	4	8	9
8858947400108	Eloa saveur original	GREEN BEVERAGES		21	0.6	4.6	0
8858947400306	Boisson à l'Aloe Vera - Saveur citron vert	Aloe Drink for Life	100	21	0.6	4.6	0
8858947400702	Aloe light	Green Beverages		21	0.6	4.6	0
8858947401204	Boisson Aloe Vera Grenade	Biogroupe		28	0.2	6.6	0
8858947450042	Boisson à l'Aloe vera bio	Aloe Drink for Life		23	0	5.6	0
8858947450066	Aloe	Green Beverages		24	0	5.2	0
8858947450103	Aloe	Green Beverages		24	0	5.2	0
8858947450110	Boisson à l'aloé vera	Aloe Drink for life !	100	24	0	5.2	0
8858947450127	Aloe vera drink			24	0	5.2	0
8858947450141	Aloe vera drink lychee flavour	Aloe Drink for Life		21	0.6	4.6	0
8858947450172	Aloe	Green Beverages		28	0.2	6.6	0
8858947450189	Aloe Saveur Mangue			28	0.2	4.6	0
8858947450196	Aloe pêche	Green Beverages		28	0.2	6.6	0
8858947450202	Aloe	Green Beverages		24	0	5.9	0
8858947450219	Aloe	Drink For Life		28	0	6.6	0
8858947450226	Aloe Vera drink - original flavor			16	0.2	3.9	0
8858947450554	Aloe vera pomme franboise	ORGANIC CRUNCH		23	0	5.6	0
8858947450615	Aloe vera			23	0	5.6	0
8858947450639	Aloe vera			97	0	5.6	0
8858947450646	Aloe vera			25	0	5.6	0
8858947450653	Aloe Vera - Pomme/Franboise			23	0	5.6	0
8858947450660	Aloe vera, citron et fleur de sureau			23	0	5.6	0
8858947470002	Eloa waters			14	0	3.5	0
8858947470019	Les eaux d'Aloe Pamplemousse bergamote	eloa waters		14	0	3	0
8858947470040	Organic infusion			13	0	3.1	0
8858958095010	Reis	Jasberry Bio		188	5.3	39	0.7
8858958095027	Superfood-Reis Kokosnuss	Jasberry		166	4.2	31	2.3
8858958096017	Superfood Bioreis	Jasberry	50	339	9.1	65.5	3.4
8858958096024	Jasberry	Jasberry	50	339	8.9	66.8	3.1
8858960300010	Vinaigre de riz			17	1	2	0
8858960300034	Enso Soy Sauce			71	10	7.8	0
8858960300058	Enso Teriyaki Marinade			181	4.9	42.7	0
8858960300096	Yakitori Sauce	Enso		163	8.7	47.8	0
8858960300133	Wasabi Peanuts imp	Enso		145	6.3	7	9.5
8858960300157	Enso Miso Soup Paste			130	8.6	19.5	4.4
8858960300171	Gimgembre pour sushis imp			28	0.7	5.6	0.3
8858960300232	Enso Wasabi Paste imp			376	14.5	57.4	9.5
8858960300287	Riz pour sushis			343	6.7	78	0.5
8858960300508	Enso Tempura Kit imp			276	6.9	61.8	0.9
8858960301222	Sesame oil			892	0.1	1.1	98.6
8858960301505	Thai Satay			257	2.6	13.6	21.4
8858960301581	Desiam Massaman Curry Sauce			141	3.5	15	7.4
8858960302014	Red Thai Curry kit	DeSiam		171	1.7	9.5	13.8
8858960302243	Spring Roll Wrappers - Thai Rice Papers - Cialde Di Riso	Desiam	5	333	1.4	81	0
8858960302267	Desiam Panang Curry Paste	Desiam		238	2.4	17	16.9
8858960302281	Desiam Kaffir Lime Paste	DESIAM		320	5	25.7	21.9
8858960302342	SPICY SRIRACHA Red Chilli Sauce	Siam		62	0.8	13.7	0.4
8858960302892	Wok sauce chilli & thai basil	DeSiam		77	2.2	14	1.1
8858960302915	Sauce wok Chili Coconut Sugar imp	Desiam		217	2.8	33	7.8
8858960302953	Yellow Thaï Curry Kit	Siam	130	199	2.5	10.3	16
8858960303189	Coconut sugar	Desiam		375	0	95.8	0
8858960303318	Green cury Thai curry Paste	Desiam		141	3.5	15	7.4
8858960303370	KIT NEMS	SIAM		101.9	1	64	0.2
8858960699800	Thai rice berry			160	5	36	1.5
8858981501229	Zab mine	Zab Mike	100	72	5.8	12	0.5
8858984820433	Chicken pho noidle soup			81	5.4	12.1	1.2
8858984820624	Shrimp wonton noodle with choy sum	Authentic Asia	309	113	5.9	19.6	1
8858984820709	Shrimp wonton soup with choy sum	Authentic Asia		75	5.5	9.8	1.4
8858984820792	Sopa con Wonton de langostinos y coles chinas	Charoen Pokphand		35	26	4.6	0.6
8858984820808	Sopa wonton de langostino y fideos	Hacendado		46	2.6	8.1	0.2
8858984831088	Crispy Chicken Sticks	Kitchen Joy		241	14	21	11
8858984834584	Aromatic Crispy Duck	Charoen Pokphand		244	17.9	18.5	10.6
8858984834973	King Prawn Wonton Tom Yum Soup	Authentic Asia	625	77.8	3.2	11.7	1.9
8858984835086	Tom Yum Noodle Soup	Charoen Pokphand	632	73	2.8	11	1.7
8858984836731	Chicken Fillets	Kitchen Joy		218	16	13	11
8858984836977	Shrimp Wonton Tom Kha Nudelsuppe	AUTHENTIC ASIA	625	78	2.8	12	2
8858984838056	Thai Cube Spicy Sesame Chicken Aromatic Chilli Chicken With Noodles	Kitchen Joy	320	126.2	6.6	17.2	3.1
8858984838070	Thai Cube Thai Green Chicken	Kitchen Joy	320	143.4	6.2	14.1	6.6
8858984838223	Tom Yum Chicken Noodle	Thai Cube	320	149.1	6.2	17.8	5.6
8858998581283	เป๊ปซี่	Pepsi	200	45	0	11	0
8858998585014	Lemon Iced Tea	Lipton	245	24.5	0	6.1	0
8859018413164	Banana crips			547	2.8	53	35
8859022403700	Coconut milj drink with strawberry flavor	Pampin	290	54	0	8.2	2.3
8859032701025	Basil Seed Drink with Blueberry Flavour	Nutrifresh	290	20.7	0	4.8	0
8859032701063	Basil Seed Drink with Mango Flavour	Nutrifresh	290	20.7	0	4.8	0
8859032705146	Basil seed drink - lychee			24.1	0.2	5.9	0
8859062580126	Coconut Pineapple Biscuits			429	3.3	80	10
8859062580188	Dolly's Biscuits Brand Durian Cream Cookies			503	6.7	67	23
8859062580232	pandan cream	dolly's		250	0	0	0
8859069907438	Million	Chocolate Flavour Brownie Cris	30	553.3	6.7	53.3	36.7
8859103301772	Sweet Chili Sauce for chicken			122	0	30	0
8859103401762	Nai pramong			350	45	35	2.5
8859108200483	Basil Seed Drink			46	0	12	0
8859108200933	Eau de Coco 310ML	โคโค่คูล	310	22.6	0.6	4.8	0
8859114900162	Mix Chocolate Granola			180	5	26	6
8859153700167	Protein Crisps	LiL SheeP	50	520	44	20	30
8859156000097	Sauce Soja	Hideko		77	7.3	11.5	0.5
8859156000110	Sauce soja à teneur réduite en sel	Hideko		61	1.8	13	0
8859156000134	Sauce Soja Sucrée	Tanoshi		196	1.7	47	0.1
8859156000158	Sauce teriyaki			184	2.9	43	0.5
8859156000219	Sauce soja			0	1.8	13.3	0
8859156000257	Salsa de teriyaki	Hideko		150.8	2.7	35	0
8859156000356	Yaki sushi nori 10 feuilles fesant 28g	Hideko		302	47.7	3.6	3.4
8859156000707	Shoga yaki			147	3.6	32.1	0.5
8859156000721	Tonkatsu			120	0.6	27	0.7
8859156000882	Assaisonnement pour sushi			20	0.1	4.8	0.1
8859174100014	Mae Napa Banana Chips 35G.	Banana Chips		526	1.6	68	26
8859174100038	Sticky Rice With Coconut Cream & Banana	mae napa	80	227.5	4	48.8	1.5
8859174100151	Stick rice and Taro			262	2.6	50	5.8
8859174100274	Sticky Rice with Coconut Cream & Taro	Mae Napa	80	182	2.2	37	4.2
8859174100298	แม่นภา ข้าวต้มมัดไส้ทุเรียน	Mae Napa	80	225	2.5	42.5	5
8859174100304	Sticky rice with coconut cream & mango	Mae Napa	80	212.5	2.5	40	4.4
8859174100380	Mae Napa Sweet Potato Chips	Mae napa		538	2.7	52	34
8859178100102	Brown Rice Snack Tom Yum Flavor	DeeJai	70	489	7.8	65.8	21.6
8859202600059	Hiso Original Fried Chrysalis		15	80	7	2	5
8859202600158	Fried Small Cricket			466	53	6	23
8859209801671	Atun Lomitos En Agua	Nuestra Cocina	52	101	24	0	0.6
8859219730404	Mangue séchée		40	325	0	80	0
8859237001104	Mixed root chips			491	4.2	67.8	22.5
8859266403252	Vitamin water			0	0	0	0
8859290400142	มารูนากะ	มารูนากะ	70	342.9	7.1	50	12.9
8859295001139	drinking yoghurt	mMILK	200	45	3	6	1.2
8859315510016	Crispy Coconut Rolls	Kaew	20	495	3.1	71	22
8859342000078	Coconut Chips			120	0	6	8
8859352100010	True ginger			292	0.5	72	0.1
8859352503323	Cocktail flavor			160	0	41	0
8859380301250	Feuille algue			328	15	67	0
8859381500089	SweetB Honey Mango			333.3	0	80	0
8859381500133	Coco Milk Mango	Siam’s Royal	18	388.9	0	77.8	8.3
8859389704618	ยูมิยูมิ 40 g	ยูมิยูมิ	40	350	5	42.5	17.5
8859408701314	Kikou-you			105	1	26	0
8859408701321	Kikou-you			0	1	26	0
8859408701345	Kikou-you			100	1	22	2
8859408701437	Kikou-you			105	1	23	0.9
8859409200182	Crunchy Garlic Chili Oil	Jonetz	15	619	0	19.8	53.2
8859473101316	Lactose Free Milk Butter Scotch	Sunshine Dairy	340	73.5	9.7	5.6	1.5
8859474900369	ตราบัวแดง 50 g	ตราบัวแดง	26	500	11.5	61.5	23.1
8859488123013	โยเกน	Yogen	210	52.4	1.4	11.9	0
8859557000382	นมเปรี้ยว รสผลไม้รวม	ออลซีซั่น	207.5	77.1	2.4	17.3	0.7
8859559600191	Roasted Sunflower Seeds Spiced Flavor	ChaCha		633.3	26.7	20	50
8859568700059	Lait de coco	Suree		170	1.8	2.4	17
8859568700073	Leche de coco	suree		179	1.4	2.9	18
8859568700110	Latte di cocco			179	1.4	2.9	18
8859568700271	Coconut Milk	PraoHom	100	170	1.8	2.4	17
8859568700493	Coconut milk			71	0.5	3.2	6.4
8859574800255	sweet tamarind			290	3	25	0
8859580900260	M&D 42 g	M&D	42	428.6	11.9	50	21.4
8859585800275	Sauce rouleaux de printemps			280	0	68	0.9
8859585800299	Sauce poisson Nuoc Mam	Dee Thai	100	36	6	2.9	0
8859585800312	Sauce huitre	DEE THAÏ		118	3.5	26	0
8859585800336	Sauce de soja sucree			287	0.5	70	0.5
8859585800770	Rice sticks	Dee Thaï		353	5.8	82	0.5
8859585800831	Sambal oelek			38	1.5	7.4	0
8859601300246	Greek Yogurt with Probiotics Natural	The Cheese Baron	100	160	9	5	11
8859601603743	Deluxe Roasted and Unsalted Mixed Nuts	Nut Walker	30	666.7	16.7	23.3	56.7
8859636811298	High Protien Almond Milk	137 Degrees	180	44.4	6.1	2.8	1.1
8859644900717	AFTER YOU 440 ml	AFTER YOU	220	0	0	0	0
8859644900762	Chocolate Mud Cake	AFTER YOU	65	384.6	4.6	47.7	20
8859645300301	ไอวี่ โยเกิร์ตพร้อมดื่มยุเอชที	Ivy	180	66.7	1.7	13.3	0.6
8859667600014	Jiak			19	0	4.7	0
8859695614571	That tea Plant Protein Milk	Plantaé	350	51.4	8.9	2.3	0.9
8859745200167	หมึกกรุบตราซันสุ	Muek Groob	50	84	0	16	3
8859754500050	Premium vegan oyster sauce	Megachef	25	121	3.1	27	0
8859754500067	Vegan Oyster Sauce	Megachef	15	121	3.1	27	0
8859810099115	Nuts 9 Cereais	What the Beans	30	433.3	16.7	50	23.3
8859843600135	Whole Oat Groats	แพลนติเชียส	50	370	12	68	8
8886467100239	Pringles Original	พริงเกิลส์	25	520	4	64	28
8888056707102	The Original Mushroom Flavour Oriental Instant Noodles	KOKA	390	79.5	1.8	10.5	3.3
8888311092271	Myanmar tea mix	Royal	20	445	5	82.5	12
8888773200054	Glutinous rice ball	Chinatown	60	291.3	3.1	50	8.7
8906142774095	Pistachio	Bolas	12.5	609.2	21.2	22.6	48.2
8990931352885	Cheese Baron Yogurt	Cheese Baron		160	9	5	11
8991001243157	Van Houten Almonds	VAN HOUTEN	20	597	13.2	44.6	40.6
8992760221035	Oreo Chocolate Sandwich Biscuits	Oreo	29	489	4.7	71.3	20.6
8996001302927	มอลคิสท์ รสบาร์บีคิวฟลอส	Malkist	18	444.4	11.1	77.8	11.1
9415022033003	Tuna Chunky Style Tuna in Spring Water	Sealord	69	94.8	26.2	0.4	1.4
9555050302815	Bibigo cheese tteokbokki ramyun			380	7.7	64.6	10.1
9555319109018	วินทู ขนมปังมันฝรั่งอบกรอบรสบาร์บีคิว	Win 2	20	490	6.9	62.5	23.8
9556001321268	เนสท์เล่ 1 ซอง (35 g)	เนสท์เล่	35	538	5.7	60	30.5
9556041661881	Baked Beans UK Recipe	อะยัม	106	71.7	4.6	12.6	0.3
9556191071875	prego Macaroni 500g	Prego		353	14	68.4	1.9
0051934704243	Mozzarella	California Select Farms	28	285.7	25	7.1	17.9
0071570001599	Been boozled	Jelly Belly	100	370.5	2.5	66.2	2.5
0099071001474	Prostar 100% Whey Protein	Ultimate Nutrition	30	400	83.3	6.7	3.3
0726191014373	Nonfat Milk With Vitamins a & D	Dutch Mill	200	70	6	11	0
0801001006062	BAAM My whey mango flavor	BAAM		3.1	0.6	0.1	0
0803132017036	Chocolate Hazelnut Protein Powder	Fit Angel	49	306.1	61.2	6.1	4.1
0850043333661	PLATINUM MULTI COLLAGEN PEPTIDES	CODEAGE	11	0	0	0	0
0850046974717	Protein Cake	Enhanced		318	20	36	12
0850406600058	Matcha Green Tea Plant Protein	The Merry Nutrition	52.5	323.8	66.7	9.5	1.9
0885009780463	Superfood Golden Milk	Paleo Valley	15	90	1	7	6
0892809000295	Namhom Coconut Water	All Coco	250	18	0	4.4	0
16884940	Chicken Vegetable Pasta	Leanlicious	290	156.6	12.8	21.7	2.1
2000000146011	STARBUCKS HONEY GREEK YOGURT WITH GRANOLA	Starbucks	220	145.5	9.1	21.4	2.7
2000000151777	Tortillas de blé bio et artisanales, à base de saindoux	Les Tortillas de Sonora	60	360	6.2	47.4	16.1
2000000156280	ตงอึ้ง 120 g	ตงอึ้ง	120	283.3	3.3	59.2	3.3
20001327	TURTLE Best 270 g	TURTLE Best	270	233.3	10.4	26.7	9.6
25322798	Low Fat Tuna Mayonnaise & Sweetcorn	Sealect	92	87	8.7	7.6	2.7
2811810200317	มักกะโรนีชีสเบค่อน	Reos	100	170	6	15	9
3700196720528	Gingembre confit	Fruidyllic	100	367	3.9	82	1.7
4025700001108	Milka chocolate tablet milk with whole nuts	Milka	100	555	8.1	50	35.5
4550182145618	Strawberry	มูจิ	50	600	4	54	40
4573356892446	Chocolate Covered Almonds	Seven & i	40	590	13	39.8	43.5
4806511013562	Super Bawang	Corn Snack Natural Garlic	70	442.9	10	64.3	17.1
4894514034912	BBQ Potato Sticks	M. Meadows	20	550	5.5	55.5	34
4897076066193	Taiwan Style Rice Crackers Cheese Flavor	Vetrue	34	558.8	2.9	55.9	35.3
4897087990432	Oatchoco	Royalgharry	30	500	3.3	66.7	23.3
4901170021429	Kiri 62.0 g	Kiri	62	177.4	3.2	22.6	8.1
4901930062112	Mixed Nuts in Chocolate	7-Eleven	100	539.8	19.3	36.6	41.2
4902702011703	Hot & Spicy Taste Ramen Plant Based	Marutai	93.5	363.6	15	64.2	5.3
4974689022515	SEAWEED TEMPURA SNACK WASABI	JONETZ	30	583.3	8.3	45.7	41
4974817032799	Mentai stick	Maruesu	30	103.3	14.5	8.5	1.1
5900020048295	เนสท์เล่ 23.5 g	เนสท์เล่	23.5	383	7.2	67.2	7.2
6901668941763	Oreo Thins Zero Sugar Dark Chocolate	OREO	31	483.9	6.5	67.7	22.6
6921233900520	Scallion oiled biscuit	Comida China	12	541	6.6	64.4	29.4
6921956699077	HEINZ 200 g	HEINZ	30	366.7	0	13.3	33.3
6921956699084	ไฮนซ์ 175 g	ไฮนซ์	30	333.3	0	16.7	26.7
6924743937123	Abalone Flavor Chips	Lay’s Chips	100	540	5	54	34
6974854975743	Black Sugar Jujube Soy Milk	โต้วโซล	200	65	3.5	7.5	2.2
6978198829205	คอนยักเสฉวน ฮอทพอต	MagicCook	9	111.1	0	11.1	5.6
7622202365911	Oreo babymonster	Oreo	27.6	478.3	4.7	71	18.8
7850186110443	Fine whole wheat bread only one image	Farmhouse	50	280	8	50	4
7850399145966	Whey Protein รสกล้วย	meiji	350	160	28	9	1.5
8001200051214	QUICK COOK SPAGHETTI N° 3	AGNESI	100	359	13	72	1.5
8251959138548	เอ แอนด์ ดับเบิ้ลยู 325 มล.	เอ แอนด์ ดับเบิ้ลยู	325	18.5	0	4.9	0
84167408	บิสกิตเคลือบช็อกโกแลตรสขิง - 175 g	Marks & Spencer	19	521.1	5.8	60.5	27.4
8721274641363	Shots Lime Ice Cream	Wall’s	36	83.3	0	19.4	0
8721274641394	Cornetto	Cornetto	71	239.4	2.8	42.3	7
8758122646997	อีซี่ เฟรช 60 g	อีซี่ เฟรช	60	16.7	1.7	3.3	0
8800268812856	Nutty Chocolate Protein Shake	Delight Project	45	400	42.2	40	8.4
8801068131666	Samlip	Samlip	75	386.7	8	56	16
8801085883395	고아정 180 g	고아정	180	172.2	1.1	33.9	0.6
8809022206412	Nuts	Hbaf	30	564.2	21	34.9	38
8809540092825	Natural Chocolate Whey Protein	Myprotein	30	366.7	70	7	6.7
8850004092141	Basil Seed			160	0	36	0
8850004097849	Basil seed drink			130	0	33	0
8850006944349	Lean Beef Strips	Woolworths	100	133.6	22	1	5
8850011077124	ซอสหอยนางรมลดโซเดียม 60%	แม็กกี้	14	71.4	0	14.3	0
8850025001320	Refresh eau de noix de coco avec aloe vera			0	0	5.3	0
8850025001412	luchrr	UFC	200	20	0	5	0
8850025004208	Ufc Refresh			24	0	5.6	0
8850025025036	Coconut water	UFC	250	22	0	5.5	0
8850025515360	Refresh Pineapple	UFC		51.5	0.3	12.6	0
8850026212138	Dehydrated premium mango	I’m Real Fruit	40	110	4	26	0
8850026216051	Dried Dragon fruit	Kooky	20	360	5.5	66.5	6
8850026216068	Freeze Dried Crunchy Mango	Kooky	12	383.3	4.2	90.8	0
8850026216082	Freeze Dried Mangosteen	Kooky	12	375	3	83.5	1.4
8850026217331	Chewy Mango	Kooky	25	340	2	84	0
8850026218154	Mango And Passion Fruit Bite	Bangkok Tasty		340	0	85	0
8850026218390	Sardines In Olive Oil	Sumaco	75	200	21.3	0	13.3
8850026218406	Sardines In Extra Virgin Olive Oil And Chili	Sumaco	75	200	21.3	0	13.3
8850030000219	Lobo 60g	Lobo		163	3	33	1.4
8850030001544	Thaï Stir-Fry Curry Paste	Lobo		176	2.9	34	2.2
8850030003142	Sweet Chilli Sauce	Lobo		200	0.5	50	0
8850030003425	Tom Ka Paste			216	13	12	20
8850030006686	Pâte Tom Ka avec crème de coco			410	5.5	24	32.5
8850030007904	Assaisonnement Pa-lo Thai Lobo			333	2.4	80.5	0.7
8850030020026	Mélange pour marinade de porc			304	1.8	72	0.8
8850030020033	Marinade de saté	Lobo		320	3.5	73	1.5
8850030020156	Mix cinq épices chinois			452	6.3	80	2.1
8850030030339	chicken rice set	lobo		188	3.4	29	5.8
8850030030391	Thai stir-fry chilli paste			314	3.2	34	18
8850030031329	chicken rice sauce	Lobo	30	173	4.8	32	2.6
8850030031657	Assaisonement poulet	Lobo		352	6.7	74	1.9
8850030031886	Panang Curry - Cooking kit			167	4.3	8.8	12
8850030034801	Thai Holy Basil Stir-fry Rice Kit	Lobo	100	286	6.3	57	3.3
8850030035051	Lobo Thai Boat Noodle Soup only one image	LOBO	120	180.8	3.8	33	5.2
8850030110468	Tempura batter mix			340	5.5	78	0.5
8850030110628	Seafood chilli sauce mix			341	5.4	77.9	1.3
8850030111069	Red chiken sauce mix	Lobo		357	5.1	82	0.6
8850030111618	Würzpaste für orientalischen Schmorbraten			283	1.8	37	14
8850030112349	Roast Redis Pork Gravy Mix			416	14	75	6.3
8850030113117	Sauce Tamarind			307	2.1	66	3.7
8850030113124	Thai Style Fruit Dip	Lobo		290	6.5	66	0
8850030115005	Chicken soup powder	Lobo		204	5.6	43	0.9
8850030116262	Country Style Red Curry Paste			280	4	19	21
8850030118075	Agar Dessert mix almond flavor			420	1.3	92.2	5.7
8850030119096	HUNGLAY CURRY PASTE			156	6.1	23	2.8
8850030119928	Krusto Breading			442	11	77	9.5
8850030171513	Teriyaki sauce mix			264	6.2	59	0
8850030171742	Chow mein sauce mix			319	11	63	2.4
8850030190620	Red Curry Paste			100	3.5	16	1
8850030190637	Yellow Curry Paste			291	4.9	18	22
8850035001006	senfkohl	Pigeon Brand		26	0.8	4.7	0
8850035041002	&quot;Pigeon&quot; Mustard Leave Pickled	Pigeon Brand	40	66	1.1	14	0.8
8850035081329	Chou moutarde brune fermenté			56	0.7	2.6	0
8850035105001	Whole Kernel Corn in Brime			10	1	18	1
8850035200324	Pigeon lychee in syrup 565g	Pigeon	141	92.2	0	22.7	0
8850043121284	Tom Yum Coated Peanuts			513	25.9	20.9	32.7
8850043123479	Khao Shong Peanut Coffee			500	17.9	53.6	25
8850043334080	Edamames tostados de wasabi			399	41	27	12
8850043334196	Wasabi Coated Green Peas			278.6	12.1	42.9	5.4
8850043335278	Party mix snack			523	19	37	32
8850043336312	Wasabi coated broad beans			410	20	56	10
8850043336329	Wasabi Edamame	Khao Shomg Nuts	100	399	41	27	12
8850043336565	Wasabi coated green peas			390	16.9	60.7	7.5
8850043336589	Wasabi coated peanuts			566	22.8	34	37.6
8850043336725	Mexican Style Peanuts	Khai Shong		546	20	32	35
8850044028957	Arôme Cocktail de fruit			52	0	13	0
8850051025345	Roasted Salted Peanuts	Snack Town	30	633.3	26.7	20	50
8850058000253	wok sauce			63	1	13.9	0.3
8850058001526	Sauce poisson	Pantai		38	3.3	6.1	0
8850058001533	Pantai 200 ml	Pantai		38	3.3	6.1	0
8850058001540	Sauce poisson			38	3.3	6.1	0
8850058002851	Artificiel jasmin Flavour			0	0	0	0
8850058003421	Tamarin D Paste - pâte de tamarin			107	0	28.6	0
8850058004053	Sauce huitre	Pantai		132	3.1	29.7	0
8850058004251	Red salad Dressing			178	0.4	43.7	0.2
8850058004282	Chiliöl 200 ml Pantai Thailand	Pantai		788	0	0	87.5
8850058004329	Plum sauce	Pantai		247	0.4	61	0.2
8850058004343	Cantonese suki			139	1.6	26	0.4
8850058004350	SOY BEAN PASTE			129	5.6	17	3.9
8850058004633	Cantonese Suki sauce	Pantai		109	5.8	18	1
8850058004640	Seafood Dipping Sauce	Pantai		121	0.4	27.4	0.3
8850058004718	Mango sauce for dipping	Pantai		154	0.4	37.5	0.2
8850058004954	Red Curry Paste	Pantai	16	100	4.4	18.8	0
8850058004985	Pantai Green Curry Paste			66.7	2.7	14	1.3
8850058005272	Hot & Spicy Sweet Chili Sauce			183	0	45	0
8850058005616	Cantonese suki sauce	Pantai		454	3	17	0
8850058005647	Sweet & sour sauce	Pantai		191	0.5	45.6	0.3
8850058005692	Pantai Sauce Piment Siracha 435Ml			0	0	0	0
8850058005920	Sweet chili sauce for chicken			183	0	45	0
8850058006132	Cantonese Suki Sauce	Pantai norasingh		108.8	5.8	17.6	2.9
8850058006224	Pantai Chili Garlic Sauce	Pantai		119	0.7	28.2	0.3
8850058006460	Sweet Plum Sauce			241	9	60	0
8850058006545	Sweet Plum Sauce			241	0	60	0
8850058006705	Sweet & Sour Sauce	Pantai		191	0.5	45.6	0.3
8850058008082	Green curry paste			65	2.9	6.5	1.4
8850058008099	Yellow curry paste			98	4.2	7.7	3.2
8850058008136	Sweet chili sauce ananas	Pantai Norasingh		183	0.3	31.6	0.3
8850058008143	Satay sauce	Pantai		161	4	25	5
8850058008150	Sweet chili sauce	Pantai		183	0	45	0
8850058008174	Sweet chili sauce			130	0.3	31.6	0.3
8850058008181	Sambal oelek			62.5	2.5	13.8	0
8850058008235	Sweet Chili Sauce	Pantai		130	0.3	31.6	0.3
8850058008273	Sweet chili sauce	Pantai		130.6	0.3	31.7	0.3
8850058008686	Teriyaki Sauce	Pantai		116.7	5.6	26.1	5.6
8850058008815	Teriyaki	Panta		212	0	53	0
8850058008914	Chicken Rice Sauce	Pantai	36	195	0	44	0
8850058009041	Teriyaki sauce	Pantai		118	2	26.2	0.5
8850058009218	Stir-fry			344	7.4	37	18
8850058009492	Peanut rice paper sauce			188	22	37	3.4
8850058009577	Sauce wok pour viandes	Pantai		344	7.4	37.3	17.8
8850058010399	Sauce piment jaune Sriracha			92	0	19.2	0
8850058200202	Pickled Gouramy Fish	Pantai		95	7.5	9.4	0.3
8850060304769	Tortillas			472	6.5	64.9	19.6
8850060396597	Nouilles sautées a la chinoise			113	3.6	12.5	4.9
8850060473427	Bost noodle			195	5	36	40
8850086150388	3 in 1	Ovaltine	30	433.3	3.3	80	10
8850086250095	Ovaltine Crunchy Pop	Ovaltine	8	402	7	79	6
8850088101449	Spicy Cockless	Pumpui	40	275	17.5	17.5	15
8850088203785	Fried fish with chilli			287	29.8	8.8	14.7
8850088815308	Southern Thai Spicy And Sour Curry With Fish	Pumpui	120	169.3	9.2	5	0.8
8850095504516	Pâte de piment vert	Thong Ampai		44.4	1.8	7.8	0.3
8850096730358	Pistachios salt et pepper			563	21.9	31.3	37.6
8850096920025	Nut Walker Roated Cashew Nuts With Salt 135 G.			633	20	26.6	46.6
8850096920070	Graines de citrouille			600	32.1	10.9	47.5
8850096930659	Nut Walker Cashew Nuts Size 135 G.			170	6	11	12
8850096943291	BBQ Peanuts	Orifo	100	536	25	30	34
8850096950275	Honey Roasted Cashew Nuts	Nut Walker	30	600	16.7	33.3	43.3
8850096970181	Mixed Nuts & Dried Fruits	Nut Walker	30	566.7	16.7	36.7	40
8850097100365	Sour Pickled Mustard Green	Twin Tusk		16	1.1	3	0
8850097150193	Seasoning pickled ginger	Twin Tusk Leng Heng	200	12	0.3	2.6	0
8850100003867	BIHUN BERAS	A1	100	377	7.5	84	0.9
8850100005496	Wai wai crevette	Waiwai		479	8	59.6	22.6
8850100005649	Nouille instantanée au boeuf			499	8	60	24
8850100006561	Soupe chinoise	Wai Wai		78	1.5	12	2.5
8850100006608	Nouilles curry	WAI WAI		503	7.5	63.2	24
8850100006882	Tom Yum Shrimb flavour	Wai Wai		479	8	59.6	22.6
8850100006899	Casserole Beef flavour			400	7.8	60	25
8850100006929	Nouilles instantanées	Wai Wai		536	7.8	51	33
8850100006936	Nouilles instantanées saveur canard	Wai Wai		475	8.6	59	22
8850100006943	chicken curry flavour	Wai Wai		503	3.4	63.2	24
8850100007186	Nouilles de riz			376	7.9	83	1.2
8850100007568	Instant Noodles	Wai Wai	55	400	9.1	60	14.5
8850100007940	Instant noodle palo duck flavour	Wai Wai		475	8.6	59.2	22.1
8850100012470	Chicken flavour			504	8.6	60.8	24.5
8850100044488	Casserol beef flavour			87	1.9	12	3.4
8850100110114	Carton Waiwai Oriental Style 30 X			450	11.6	68.3	15
8850100309488	Nouilles instantanées boeuf			499	7.8	60.6	24.5
8850100444486	Nouilles instantanées	Wai Wai		499	7.8	60.6	24.5
8850112003299	Stick fish barbeque			310	16.7	59.2	0.7
8850114011124	Thai basil			164	2.9	20.9	7.7
8850120991267	Bangkok Tamarind			0	1	23	1
8850122101046	Reisnudel vermicelli			350	0	87.5	0
8850122102043	מזרח מערב	מזרח מערב	100	350	0	87	0
8850122501020	Rice stick			360	6	82	1
8850122801366	วุ้นเส้นผัดผงกะหรี่มันปู	มังกรคู่	38	421.1	2.6	73.7	13.2
8850123112119	Rasin Bread	Farmhous	50	280	8	52	4
8850123396038	โดรายากิ ไส้คัสตาร์ดครีม	ฟาร์มเฮ้าส์	60	316.7	5	53.3	8.3
8850124041968	Kaffee Weisser - Coffee mate	Nestle		548	1.2	57.2	34.9
8850124073419	condensed milk	Cap Junjung		337	2.3	58.7	10.3
8850127040241	Milo	Nestle	12	416.7	8.3	75	8.3
8850130000195	Pinces de crabe			138	6.4	26	0.8
8850144203896	Chicken Powder	Knorr	5	206	11.1	27.6	4.8
8850144224105	Knor Flavour Stocke Cube Low Sodium	Knor Natural	10	300	0	30	20
8850153563059	Mackerel in Tomato Sauce	สามแม่ครัว		116.9	14.3	3.9	5.2
8850155000125	Jus de mangue			0.1	0	32	0
8850155000286	Lychee drink			110	0	28	0
8850155000293	Guava			120	0	31	0
8850155001467	Coconut Juice			5.8	0	35.5	5.8
8850155011237	Tom Yum Flavoured Prawn Crackers			530	6.7	55	31
8850157103640	Jele double jelly			64	0	15.2	0
8850157104449	jele double jelly			48	0	12.8	0
8850157109079	Jele cube			73.4	0.8	16.6	0.5
8850157109420	Jele	Apple	320	28.1	0	7.2	0
8850157401319	Big Sheet Squid Seafood Snack			0	1	0	0
8850157403610	Bento	Bento		0	16.7	66.7	0
8850157405843	Bento mixed seafood snack hot&spicy	Bento	20	333	26	52	1.9
8850157405850	Mixed seafood snack			346	26	55	2
8850157405867	Mixed seafood snack namprik Thai original			359	26	55	3.7
8850157405898	Mixed Seafood Snack	Bento	20	350	25	60	0
8850157524995	Drumstick poulet frit			513	5.8	55.1	29
8850157526760	หมึกกรอบ	Bento	45	466.7	4.4	66.7	20
8850157526869	Tama X Bento			518.5	7.4	59.2	26
8850157531849	Chicken Skin	Dorkbua Brand	30	600	26.7	26.7	43.3
8850161154126	Lait de coco			169	0	2.9	16
8850161155079	Oriental chef coconut milk	Oriental Chef		132	0.7	3.1	13
8850161160929	Cocomax 280ML			20	0.5	4.9	0
8850161160936	Milky Coco Coconut Milk Drink	Milky Coco		51	0.4	4.6	3.5
8850161161087	Milky coco	Non Dairy		96	0.7	14	4
8850161161933	Coconut Water	Coco max	350	25.7	0	6.3	0
8850161166464	Lait de coco			184	1.6	1.9	19
8850173450131	Tom Yum Soup Paste	Namjai	15	407	3.5	8.8	38
8850173450315	Thai grocer	Thai Grocer		401.3	3.3	8.7	38
8850173460130	Tom Ka Paste	Namjai	15	193	3.2	17	11
8850180051017	Fish sauce			10	2	1	0
8850187001459	Riso Thai Jasmine	ROYAL UMBRELLA		350	6.7	79	0.7
8850187001879	Litchis Au Sirop Lourd	Royal Umbrella		90	0.3	0	0
8850187002500	ri-ö			532	6.8	52	33
8850187002548	Thai coconut			471	3.9	71	19
8850187003149	Royal umbrella riz jasmin			350	6.7	79	0.7
8850187003682	Thai Rice Stick Noodles	Royal Umbrella	50	360	6	82	0
8850187003705	Nouilles de riz de la thailande	Royal Umbrella	50	360	6	82	0.8
8850187008151	Riz thaï			350	6.7	79	0.7
8850187010116	Crispy Coconut Rolls			500	4	72	22
8850187010475	Crispy coconut rolls			500	4	70	24
8850187013063	Riz long parfumé	Sunmali	100	350	7.3	78	0.8
8850187013339	Riz	Royal Umbrella	100	356	7.5	78	1
8850187401501	Premiun Jasmine Rice			348	7	79	0
8850189012262	Honey Roasted Pumpkin Kernels		25	560	24	24	36
8850189019377	Almond Choco			542	12.7	51.4	31.7
8850203656243	Coconut flavour biscuit stick			616	4	81	15
8850206011117	Sauce de soja	healthy boy brand		43	7	4.2	0
8850206011278	Thin Soy Sauce Preparation	Healthy boy brand		43	7	4.2	0
8850206011360	'Prodhead'&gt;thin Soy Sauce (large)	Healthy Boy Brand		43	7	4	0
8850206013036	Thin soy sauce heathly boy brand	Healthy boy brand	100	15	13	35	14
8850206061129	Black Soy Sauce A	Healthy Boy Brand		298	0.3	73	0.6
8850206066087	Black Soy Sauce	Orange Label		224	4.5	51.6	0
8850206111251	Sweet and sour plum sauce	Healthy boy brand		309	0	77	0
8850206112067	Healthy Boy Knoblauch-Chilisauce	Healthy boy brand		186	1	45	0.4
8850206112128	Sriracha Chilli Sauce 350G Healthy Boy			184	1.3	43	0.6
8850206113101	Seafood Dipping Sauce	Healthy boy brand		122	2	27	0.5
8850206114108	Soybean Paste Dipping Sauce			140	5	30	1
8850206114122	Sweet Chilli Sauce	Healthy boy brand		186	0.6	45.6	0.2
8850206115150	Chili paste in oil	Healthy boy brand		349	5.4	57	11
8850206116133	Hot Chili Oil	Dek Som Boon		824	0	0	92
8850206121106	Thai spicy dipping sauce	Healthy boy brand		172	3.3	38	0.5
8850206124138	Sauce Thai Sukiyaki	Healthy boy brand		205	7.1	30	63
8850206160112	Soybean Paste	Healthy Boy Brand	100	138	10	17	3.1
8850206161102	Soyvean Pasta With chili			142	5	25	2.1
8850206161126	Soybean paste with chilli			142	5	25	2.1
8850206211180	SEASONING SAUCE			39	4.2	5.6	0
8850206212118	Seasoning sauce	Healthy Boy	100	28	3.1	3.8	0
8850206222124	Sauce aigre douce	Healthy boy brand		178	0.6	39.9	0.6
8850206226139	'Prodhead'&gt;garlic Pepper Stir Fry Sauce			120	0.6	28	0.7
8850206250370	marinade in a bag	Healthy boy brand		163	0.6	39	0.6
8850206250622	Soy Sauce	Healthy boy brand		64	9	7	0
8850206250639	Soy Sauce	Healthy boy brand		50	8.5	4.1	0.5
8850206250820	Salsa tonkatsu	Healthy Boy Brand		91	1.8	20.8	0
8850206250899	Satay Sauce	Healthy Boy Brand		210	2.4	24.6	11.5
8850206251018	Soy sauce with chilli			48	7.8	4	0
8850206251254	Thin Soy Sauce Red Label	Healthy Boy Brand		36	1.2	7.7	0
8850206251278	Less Salt Soy Sauce			51	8.5	4.1	0
8850206251308	Chilli & Garlic Soy Sauce	Healthy boy brand		51	4.2	8.4	0
8850206251421	Teriyaki Sauce	Healthy Boy Brand	100	126	3.5	28	0
8850206251827	Fish Sauce	Dem som Boon	15	37	4.4	4.8	0
8850206251858	Green Chili and Lime Sauce	Healthy boy brand		106	1.7	24	0.4
8850206252015	Hot Chili Sauce	Sriracha		91	0	22	0
8850206252190	Rice sushi sauce	Healthy boy brand		244	0	60.2	0.5
8850206252213	Oyster Sauce	Healthy Boy Brand		102	0	25	0
8850206252367	Sauce sésame moutarde	Healthy boy brand		165	2.8	24.1	8.6
8850206252459	Yellow Siracha	Healthy boy brand		106	1.2	26.4	0
8850206252466	Tuong ot Sriracha xanh			30	0	7	0
8850206252473	Black Sriracha Hot Chilli Sauce	Dek Som Boon	10	172	3.3	37.7	0.5
8850206252800	Sriacha Hot Chilisauce (Rot)	Healthy Boy Brand		91	0	22	0
8850206253302	Fish sauce			97	10.7	12	0.3
8850206254538	Sweet chili sauce			186	0	46	0
8850206280223	Sweet chilli sauce			89	0	22	0
8850206531011	Teriyaki Cooking Sauce	DEK SOM BOON		126	3.3	28.2	0
8850206620036	Marinade in à bag			250	1	60	0.6
8850206801268	Black pepper cooking sauce	Healthy boy brand		97	0.9	20	1.3
8850206801480	Sauce Curry Rouge			25	0	3	0
8850206901159	Tom Yum Sauce	Healthy boy brand		190	2.8	22.8	9.7
8850213013005	Thaï fish sauce			66.7	13.3	0	0
8850213103003	Fish Sauce	Oyster		67	13.3	6.7	0
8850213602001	Fish Sauce			51.2	8	8	0
8850213607006	Nuoc- mâm	Nam Pla		340	8	8	0
8850213607525	Sauce nuoc mam			65	8.1	8.1	0
8850225504386	Finest Fish Sauce			76	17	2	0
8850227022239	Organic Coconut Water	Thai Coco	100	21	0	5.2	0
8850227022529	Coco juice			38.9	0.2	0	0.2
8850227030258	Coconut Coffee	Thai Covo	250	14	0.4	3.2	0
8850227034416	Natural Coconut Water	COCO BURI	250	24	0	5.6	0
8850227034515	Coconut Milk			177	1.8	3	18
8850227040622	Coconut Almond Milk	Thai coco	100	41	0.3	3.9	2.7
8850227043319	Coconut Milk Drink	Thai Coco	290	55.2	0.7	7.9	2.4
8850227043326	Coconut Milk Drank With Artificial Mango Flavour	Thai Coco	290	55.2	0.3	7.6	2.4
8850228000281	Red bull extra energy drink			25.9	0.3	6.6	0
8850228002841	Sponsor electrolyte beverage			140	1	35	0
8850228008096	SPONSOR ELECTROLYTE BEVERAGE CALAMANSI FLAVOR	สปอนเซอร์	210	23.8	0	5.7	0
8850228008409	Energy Drink Sparkling Apple & Muscat Grape	Red Bull	250	14.3	0	0	0
8850228008423	Energy sparkling			6	0	1.2	1.2
8850228008546	Blackcurrant Rasberry Flavour			6	0.3	1.2	0
8850228008836	Energy sparkling			18	0.2	4.1	0
8850229103691	Tuna In Shoyu	Nautilus	112	178.6	23.2	7.1	7.1
8850229105558	Mackerel In Tomato Sauce	Nautilus	78	76.9	11.5	3.8	1.3
8850231050013	Sweet egg flop	S&P Brand		400	0	36	20
8850231630697	Beef Lasagna	พาโต้	300	143.3	7.7	11.7	7.3
8850231808256	Pork Penang Curry With Rice	EZYGO Brand	240	145.8	5.4	23.8	3.3
8850250011217	Aginomoto	Ajinomoto		0	0	0	0
8850250012610	ผงปรุงอาหารรสหมู	รสดี	10	250	0	50	0
8850256100410	Sucre			400	0	99.9	0
8850267800026	Soymilk			70	7	26	8
8850267901129	Coffee Protein Milk	Benefit	350	60	8.9	4	1
8850267901723	high protein	Benefit	350	220	33.6	12.5	4
8850269520021	BBQ Crispy Pork Crunch	Entree	23	391.3	52.2	39.1	2.2
8850269522551	Pork Chips (Pork And Chicken) Corn Cheese Flavor	Entrée (R)	23	391.3	47.8	39.1	6.5
8850269522841	แคบหมู only one image	Entree	7	500	57.1	0	28.6
8850282391011	King Rice Bran Oil - 1000ml	King		130	0	0	14
8850291105074	Salted Green Peas	Tong Garden		130	7	17	4.5
8850291110795	Baked Almonds	Nutrione	30	666.7	20	20	56.7
8850291114403	Garlic Peanuts	Tong Garden	30	600	23.3	26.7	43.3
8850291114410	Deluxe Salted Cocktail Nuts	Tong Garden	35	714.3	17.1	17.1	62.9
8850291202308	Salted pumpkins	Tong Garden		14.8	1.1	1.6	0.2
8850291209178	Wasabi	Tong Garden	30	433.3	16.7	60	13.3
8850293200050	Soya sauce formula 1			74	2	16	0
8850294001014	Olieng Instant Drink (Black Coffee)	Cofe		102	0	24.8	0
8850297511022	Tempura flour			345	9.1	72.2	0.8
8850297520031	Tempura flour			339	8.9	73	1
8850297520048	Tempura flour			334	8.3	72	0.9
8850297901687	Golden brown breadcrumbs			387	12.6	74.7	4.2
8850297911686	Breadcrumbs			387	12.6	74.7	4.2
8850297920077	Karaage breader mix			331	5.7	74	0.6
8850297920503	Farine de tempura			339	7.9	73.7	1.4
8850297990025	Uncle Barns' Panko Bread Crumb			381	12.8	77.2	2.4
8850309200135	Sandwich Cookies Chocolate Cream			0	0	0	0
8850309200173	Fun O Sandwich Cookies Filled Chocolate Cream 90 G.	Jack’N Jill		150	2	21	6
8850309219458	Sandwich Cookies with Milk Cream	Jack'nJill	30	500	6.7	63.3	23.3
8850310000069	Patongco Mix	Tippy	50	340	10	72	2
8850316070226	Ginger Drink	Gingen	100	20	0	5	0
88503165	Nectar de fuit de la passion			64	0.5	15	0.5
8850329111060	Plain Lactose Free Milk	เมจิ	200	60	3	4.5	3.5
8850329140107	Greek Style Yoghurt Natural Flavour	meiji	180	105.6	5	5	3.9
8850329140114	GREEK STYLE YOGHURT TRIPLE BERRY FLAVOUR	meiji	180	190.9	3.9	13.3	5.6
8850329313419	Low Fat Yogurt Natural Flavored	CP Meji	90	66.7	4.4	7.8	1.7
8850329441334	Drinking Yogurt	Meiji	150	23.3	1.3	4.7	0
8850329809844	Greek Style Yoghurt Triple Berry	Meiji	130	117	3.8	12.7	5.7
8850332223248	Gaufrettes noisette chocolat	อิมพีเรียล	33	515.2	6.1	66.7	24.2
8850332247657	Pineapple Sandwich Crackers	Violet	40	425	5	72.5	15
8850332342086	อิมพีเรียล	อิมพีเรียล	34	529.4	5.9	61.8	26.5
8850338000546	halls menthol lyptus 2.8g	Halls	5.6	392.9	0	96.4	0
8850341121115	Japanese style pancake mix	Bif	30	366.7	6.7	80	1.7
8850341201053	glutinous rice flour	Jade Leaf		360	7	81	0.5
8850341300145	Fécule de tapioca			350	7	88	0
8850341400043	Petites Billes De Tapioca 400G Jade Leaf	Jade Leaf	100	349	0	87	0
8850341800065	Kuzukiri potato starch noodle	BIF	50	360	0	88	0
8850344000080	Red Salad Dressing			120	0	30	0
8850344000455	Suree 150	Suree		36	6	2.9	0
8850344000660	Hoisin Sauce	Suree		218	1.9	52	0
8850344000691	Sauce Hoisin Suree	Suree	100	268	2.2	58	2.6
8850344001025	Suree Pineapple Sweet Chilli Sauce	Suree		178	0.5	43	0.5
8850344001056	Sweet Chilli dipping sauce	Suree Brand		19	0.3	3.9	0
8850344001278	Light Soy Sauce			43	6.3	4.5	0
8850344001346	Thai green curry paste	Suree Brand		85	3	13	1.1
8850344001506	Red curry paste	Suree		133	4.2	19.9	1.7
8850344001513	Pâte de curry vert	Suree		107	3	17	1.1
8850344001605	Sauce pad thaï	Suree		241	1	59	0
8850344001643	Cocunut Milk	Suree		90	0.7	2	8.8
8850344001773	Coconut milk	Suree		120	1	2.1	12
8850344002220	Chilisaus	Suree	100	19	0.5	3.9	0
8850344003012	Pad Thai Sauce	Suree		260	0.5	63	0.7
8850344003302	Coconut Milk	Suree		165	0.5	2.9	17
8850344003371	Coco Milk, 5 à 7% mg	Suree		77	0.8	1.4	7.6
8850344004163	Sauce piment Sriracha Suree	Suree		95	0.7	20.4	0.9
8850344005443	Sriracha Chili Sauce Teriyaki	Crying Tiger	5	200	0	40	0
8850344005450	Siracha Chilli Mustard	Crying Thaiger		190	1.4	43	1.2
8850344005634	Siracha chilli sauce tumeric			132	0.7	32	0
8850344006129	Sriracha Korean Style			179	2.6	41	0
8850344020224	Fish Sauce	Suree	100	36	6	2.9	0
8850344040390	Spring Roll Sauce			280	0	68	0.9
8850344200008	Instant Thai Green Curry	Suree	100	134	0.7	4.5	13
8850344321932	Rice Vermicelli	Suree		97	1.6	22	0
8850344633707	Crème de coco			212.5	2.5	5	20
8850345996177	Rice Bran Oil	Rizi	15	800	0	0	93.3
8850363001112	Nouilles chinoises			317	12	62.6	1
8850363001303	Ananas séché			340	1	85	0
8850363300109	ホーリーバジルペースト	カルディ	15	200	6.7	13.3	13.3
8850363300246	Spring rolls sauce			250	0	68	0
8850363301571	Lime Juice			20	2	12	0
8850363301595	Fried Garlic	3 Chef's		532	10.6	49.2	32.5
8850363500530	Jackfruit			120	1	29	0
8850363500615	Longanis au sirop			85.7	0	20.7	0
8850363997484	Agua de coco	chaokoh		20	0	4.8	0
8850367300099	Mae Ploy Curry Paste Tom Yum			300	0	30	20
8850367900244	Coconut Milk Lite	Chaokoh		62	0.7	2.6	6
8850367990207	Sweet chili sauce	Mae Ploy		280	4.4	0.3	3
8850367990726	Mango slices in syrup	Mae Ploy		85	0	21.2	0
8850367990801	Lychees In Syrup	Mae Ploy		89	1.2	22.2	0
8850367990856	Young Coconut Meat in Syrup	Mae Ploy		113	0	20	3.5
8850367990870	Kokosnussmilch			60	0.5	1	6.5
8850367990887	Coconut Cream			230	2.3	4	22
8850367990948	Jeunes épis de maïs en saumure	Mae Ploy		29	1.7	22	0
8850367991211	Sweet Chilli Sauce	Mae Ploy	100	217	0.9	51.4	0.9
8850367992133	Thai Style Salad Dressing	Mae Ploy		191	0	48	0
8850367992263	Kokocreme 250 ML Chaok. classic Gold			213	2.4	2.4	22
8850367992898	Vietnamese Lemongrass Salad Dressing	Mae Ploy		166.7	0	40	0
8850367992980	Chaokoh	Chaokoh		62	0.7	2.6	5.4
8850367994069	Veg Massaman Curry Paste	Mae Ploy	100	101	1.3	3.5	0.1
8850367995509	100% Pure Coconut Water	Pearl	250	20	0	5.2	0
8850367997282	Agua de coco	chaokoh		20	0	4.8	0
8850369010323	Fitnè Herbal Infusion			0	0	0	0
8850369012259	Fitne Herbal Infusion Chrysanthemum Flavored 2.50G. Pack			0	0.1	0.2	0
8850369014277	Fitne Herbal Infusion Green Tea Flavored 2.35G. Pack			0	0.1	0.1	0
8850369014314	Herbal Infusion Slim			0	0.1	0.2	0
8850369014352	Fitné herbal infusion			0	0	0	0
8850369031014	Hotta			391	0	97	0
8850369049019	Matcha latte			68.4	0.3	10.5	2.6
8850369088018	THE MINCEUR			375	0	92	0
8850369260162	Coffee			61	0.6	9.7	2.2
8850370271119	Thés			3	0	9	0
8850370771466	Thai Milk Green Tea	ChaTraMue	20	450	5	75	17.5
8850370841114	Serbuk chatramue gold ..			250	0	0	0
8850372000397	Bean Vermicelli	Pine Brand		352.7	0	90	0
8850387000580	Coconut ice cream			210	2	23	20
8850387000672	Cremo Jackfruit			308	9	29	20
8850387002331	Durian Ice Bar	Cremo		0	0	0	0
8850387002720	Glace Haricot Noir 5PC - Surgeles	Cremo		0	0	0	0
8850387009705	Cremo red bean ice cream	Cremo		220	4	28	10
8850387009736	Glace au Durian	Cremo		203	1.8	24.1	11
8850387009743	Glace au Taro	Cremo		200	1.8	24.9	10.4
8850388531076	Cafe latte	Mon passion	235	150	5	22	5
8850389103111	Aloe vera סגול ענבים			0	0	0	0
8850389103272	Mogu Mogu Orange Flavored Drink with Nata de Coco	Mogu mogu		52	0	13	0
8850389103739	Beauti Drink			12	0.6	3.2	0
8850389104637	Aloè verra	Sappe	300	24	0	6	0
8850389106440	Mogu Mogu	Mogu mogu		46	1	11	1
8850389108642	Mogu Mogu			56	0	14	0
8850389110508	Mogu mogu	Mogu mogu		52	0	13	0
8850389112151	strawberry	Mogu mogu		120	0	29	0
8850389112182	Pineapple drink with nata de coco	Mogu mogu		37	0	9	0
8850389113653	Pina Colada flavored drink with nata de coco	Mogu mogu		42	0	10	0
8850389113714	Mogu mogu Pina Colada	Mogu mogu		42	0	10	0
8850389114438	Mogu mogu Ndc Melon 320ml	Mogu Mogu	320	25	0	6.2	0
8850389115312	Sappé aloe vera			0	0	0	0
8850389115398	Mogu mogu fruit de la passion			46	0	11	0
8850389116524	Ice burst saveur fraise	Mogu mogu		54	0	14	0
8850389116906	Mogu mogu noix de coco	Mogu mogu		44	0.1	11.9	0.9
8850389118221	Mogu mogu yogurt			53	0	13	0
8850389118573	Aloe vera			21	0	5.3	0
8850389120125	Mogu Mogu Ice Tea	Mogu Mogu	450	130	0	33	0
8850389122471	Mogu mogu			34	0	8.3	0
8850389197769	Mogu Mogu	Mogu mogu		49	0.6	20	0.1
8850389302101	Beauti jelly	Sappe	150	33.3	0	10	0
8850389304662	Dietary Supplement Powder With Vegetable Powder And Chromium	Preaw Mix Powder Brand	26	230.8	0	96.2	0
8850389821060	Mogu mogu	Mogu mogu		214	0	12	0
8850412370930	Tom Yum Flavour Instant Noodles			135	10	58	18
8850412371500	Tom-Yum Shrimp Creamy Instant Noodles	IGWIGW	60	447	9.7	56	20
8850412371876	FF Xo Sauce Flavor Instant Noodle			270	6	40	10
8850412371906	FF instant beef-flavored pho noodles			450	10	61.7	18.3
8850412374945	Korean Ramen Noodles	FF	38	394.7	10.5	81.6	1.3
8850423000055	Hale's Rose Syrup Drink			0	0	27	0
8850423000062	Hale's			360	0	90	0
8850423000314	น้ำหวานเข้มข้นกลิ่นสละ (สูตรน้ำตาลน้อยกว่า) ตรา เฮล บลูบอย	Hale's Blueboy	40	250	0	65	0
8850423444415	Hale´s blue boy			336	0.6	83	0
8850425000329	Chocolate wafer			462	7.7	60	19
8850425004242	Hitto	EURO		333.3	0	100	0
8850425007823	Euro Cake Pandan			425	25	51.2	20.8
8850425008318	Coconut cake			415	6	54	19
8850426000052	Euro Cake Strawberry			396	7	51.9	17.8
8850426000649	Euro Cake Melon			94	1.7	12	4.3
8850426000731	Euro cake			95	2	11.9	4.4
8850457000519	นมแพะ	ศิริชัย	180	55.6	2.2	5	2.8
8850467172978	Black Rice	Golden Sheep Brand		360	8	74	3
8850468290138	Crispy Salmon Skin Shoyu	NaxNax	18	555.6	38.9	22.2	33.3
8850479981933	Rice Noodles	Thai Warana Rice Product Co		360	8	80	1
8850487027111	Pâte chili fermentée			190	22	17	3.9
8850487031118	Mae Pranom Brand Yellow Curry Paste	Maepranom	18	166.7	5.6	22.2	5.6
8850487033112	Mae Pranom Red Curry Paste			10	1	0	0
8850487037356	Süße Chilisauce - Sweet Chili			198	0	48	0.6
8850487059105	Moutarde à l'ancienne balsamique et miel	Le Comptoir De MATHILDE		541	8.5	31	8.5
8850511221102	ปลาทูน่าผัดพริกใบกะเพรา	โรซ่า	105	114.3	15.2	5.7	2.9
8850521950542	Coconut milk / lait de coco			120	1	0	12
8850524010762	Bastoncini di surimi al sapore di granchio			128	7	19	2.5
8850524011813	Imitation Crab Stick			100	5	20	0
8850524012025	Imitation Sushi Crab Stick	Best Quality	100	110	12	15	0
8850524180342	Lobster flavour balls			79	9.4	9.7	0
8850524180847	Cuttle Fish Ball	Fu Yang Seafood	100	100	9	9	2.5
8850524331133	Surimi Chele Granchio Panate			144	4.6	28	1.3
8850524430836	Fish Shaped Tofu	Pan Asia		170	7.7	19	6.6
8850524450216	Shrimp Moji	Pan Asian		94	8.9	12	1.4
8850524620435	Fish Ball	PanAsia	16	71.9	8.8	7.8	0
8850524620848	Fish ball	Fu Yang seafood	12.5	100	11	12	2.5
8850524680170	Assorted Fish Ball	Best Quality		120	11	10	3
8850534101610	Basil seed drink with strawberry			45	0	11.3	0
8850534102624	Boisson aux grains de basilic goût goyave			45	0	11.3	0
8850534103614	Basil seed with mangosteen	FBC		130	0	33	0
8850534103638	BASIL SEED DRINK			45	0	11.3	0
8850534104796	Basil seed drink			45	0	11.3	0
8850534104826	FBC Graine de basilic			45	0	11.3	0
8850534118366	Banana drink			48.3	0	8.6	1.4
8850534119318	Boisson parfum banane aux graines de basilic			131	0	32.7	0
8850534122905	Ros thai tahî			10.7	0.7	1.8	0
8850539116114	Pasta De Soja Con Azúcar Y Edulcorante	Maesri	30	146	10	15	4.2
8850539250443	Masaman curry sauce			167	1.5	12.8	11.9
8850554373264	Red Curry sauce			186	2.4	19.7	10.8
8850554641035	Pad Thai			266	1	63	1
8850554641097	Thai Lemongrass Chicken Marinade	Thai Aree	15	166.7	6.7	33.3	0
8850554642155	Thai Pad See Ew			280	5	57	3.5
8850554646245	Thaï Green Curry Paste			20	0	6	1.5
8850554646269	Thai yellow curry paste			40	0	4	2.5
8850554646429	Thai tom yum paste			50	0	9	1.5
8850554647488	Pad ka prow sauce			0	0	0	0
8850578310054	400G Nouilles De Riz 3MM Star			170	4	43	0
8850578944020	Destination vietnam	Asian Spirit		344	7.4	67.2	5.1
8850578944044	Destination Hong Kong	Asian spirit		337	6.9	0	0
8850580000127	Delicious Coffee Candy			436	0.6	86.2	9.9
8850580100124	Choki Choki			60	1	6	3
8850580300012	Chococashew	Choki Choki	40	525	5	60	30
8850580300135	Kopiko Cappucino Candy 36tablets			449	0.9	85.4	11.5
8850581116506	Naturel Camellia Oil			840	0	0	93.3
8850585834659	Organic Red Curry Paste	Merito		98	2.9	15	1.2
8850585990423	Jus De Lychees Jus Cool	Bliss		13	0	32	0
8850585990430	Just Cool Bliss Coconut			38	0	10	0
8850585990461	Mix Fruit Drink	Jus Cool		50	0	12	0
8850585992649	Just Cool Baisl Seeds Drink			54	0	14	0
8850587003138	Mango Gelatin Jelly Dessert	Jolly Bears	20	350	10	80	0
8850606449794	Sauce pour salade papaye			84	0.5	20	0
8850620888036	Fischsauce Squid Thailand			55	10	3.4	0
8850624131299	Bonko litchi			597.5	0	100	0
8850624152959	Koolkool			40	0	10	0
8850624197226	Boisson pastèque a la nata de coco			22	0.1	4.8	0.3
8850624197257	Kato Melon	KATO		25	0	6.1	0.1
8850624197349	Kato peach			20	0	4.7	0.2
8850624221006	Tamarind Black Tea	Herbi Tea	350	25.7	0	6	0
8850624293324	Lychee	KATO		25	0	5.9	0
8850624395240	Kato 320 g	Kato	320	44	0	10.2	0.3
8850624525654	Snowy apple			21	0.1	5.2	0
8850624525692	Mystery Emoji	KATO		20	0.2	5	0
8850624525777	Kato - Mystery Juice			19.5	1.3	3.8	0
8850624525814	Mystery emoji	KATO		76	1.3	3.7	0
8850632200864	HartBeat Love & Passion			394	0	98.3	0.1
8850632601081	Extreme-Z cola			212	2.5	45	2.5
8850632606796	Sour Zank Cola	Sour Zank	40	372.5	2.5	85	2.5
8850640886203	Fish Sauce			56	10	3.4	0
8850643000521	Gia vị nấu bún riêu	Por Kwan		136	5.2	11	7.9
8850643002914	Por Kwan Instant Soup Base Concentrate Pork 225G			154	5.1	19	6.4
8850643003010	Pâte Tamarin 225G			92	3	20	0
8850643004628	Gia Vi Cua Nau Bun Rieu			137.5	5	11.2	7.5
8850643005632	Sauce prune aigre-douce			178	0	45	0
8850643009234	Extrait de feuille de yanang	Por Kwan		10	0	2	0
8850643011114	Toddy Palm Paste			28	0	6.9	0
8850643023117	Basil from fresh leaves	Lee Brand		20	1.5	3.6	0
8850643027511	Soupe Tom Yum			45	0.8	5.3	2.3
8850643028655	Spicy beef flavor paste	Gia Vi Nau Bo Hue	15	181	3.4	5	13
8850643033017	Dede Thai Tea With Cream / Sugar	DeDe	35	457.1	0	85.7	11.4
8850643036018	Chinese barbecue			315	4.5	67	3.1
8850643038111	Pâte cuite épice de saveur boeuf	Por Kwan - Thaïlande		128	6.7	17	3.7
8850643047519	Thai Coffee Drink			433.3	0	83.3	10
8850643052018	Curing powder	Tusino	15	333.3	0	80	0
8850643057426	Assaisonnement pour soupe de légume			0	0	0	0
8850643058010	Nuoc Cham Cha Gio			0	0	1	0
8850643058713	Fish seasoning powder			0	20	0	0
8850643063489	Pho beef brouth mix			100	0	20	0
8850643064028	Palm sugar	POR KWAN		300	0	80	0
8850643064158	Pate de crevette	Por Kwan	15	333.3	0	26.7	23.3
8850643064219	Minced Garlic	Thai Delight		84	2.8	16	1
8850643064233	Tom Yum Powder			0	0	0	0
8850643065100	Ingwer	Thai Delight		15	0	2.8	0.5
8850643065179	Pâte De Crevette Ruoc Tom Por Kwan 150G Thailande			259	20	1.9	19
8850643067746	Hokkien noodles			126	3.7	23	2.1
8850643067760	Yellow Curry Paste	hai Delight		116	4.1	20.8	1.8
8850643067913	Peking Duck Sauce / sauce pour canard pekinois			232	2.8	45	4.5
8850643067975	Pâte De Crevettes 227 G Kapi	Por kwan		127	21	5.4	2.4
8850643068019	Sauce Gingembre Coriandre 130G			50	0.6	12	0
8850643068033	Sauce D'huître Ail-basilic 130G	Thai Delight		49	1.2	11	0
8850643068088	Pã¢te De Crevettes 454 G Kapi			127	21	5.4	2.4
8850643068323	Black Pepper Stir Fry Mix	Lee	30	83.3	0	13.3	3.3
8850643070319	Pad Thai Sauce	Lee Brand	30	200	0	46.7	0
8850643070531	Pho Beef Broth Mix			0	0	20	0
8850643072924	Pho bo noodles			183	4.7	34	3.1
8850643072931	Teriyaki Noodles			157	4.6	27	3
8850643072948	Tomyum soup noodles			176	4.4	28	5
8850643073396	Satay noodles			193	5.3	33	4.3
8850643074980	Oyster Sauce	Thai Delight		48	0	12	0
8850643075376	Sriracha Chilli Sauce	Sabzu		76	1	16	0.5
8850643075499	Crunchy Chili Onion	Por Kwon	15	752	2.4	21	73
8850643075857	CRUNCHY CHILI ONION MALA			716	4.1	22	68
8850647000367	Pâte de crabe à l'huile de soja			533.3	13.3	6.7	46.7
8850647000381	Shrimp Paste with Bean Oil	JHL	15	533.3	13.3	6.7	46.7
8850647000824	Pickled Ginger			33.3	0	6.7	0
8850647001111	Pickled Ground Red Chilli in Vinegar	WH Lien Trading Pty. Ltd	100	25	2.5	5	0
8850647003931	Pho Noodles Dry	Jin Jin	55	381.8	7.3	83.6	0.9
8850649000037	New Lamthong, Rambutan Stuffed With Pineapple	New Lamthong	70	143	0	35.7	0
8850649000068	Coconut Milk			186	2.1	2.2	17
8850649005292	Young coconut juice with pulp			60	0.5	13.3	0.5
8850649009399	Banana Blossom			20	2	3	0
8850649200079	Coconut milk			160	2	3	16
8850649316862	Banana Rice Cake	Choysco	227	198.2	3.1	44.5	0.9
8850649317852	Peach Yoghurt	Hokki	150	106.7	4	17.3	2.7
8850653205114	ไข่ตุ๋นคัพ ผสมไก่สับและน้ำซุปผัก	CP	150	66.7	5.3	2.7	3.3
8850653241150	เกี๊ยวน้ำกุ้งหมู และหมูแดง	ซีพี	310	61.3	51.6	5.2	1.9
8850653797237	Savoury Stir Fried Pangasius and brown rice in a spicy sauce			110	5	16.5	2.5
8850706000291	Fried Fish Bar	Chiu Chow	100	116	9.3	7.9	5
8850718802524	Potato chips	Lay's	27	518.5	7.4	59.3	29.6
8850718805013	ทไวซ์	ทวิสตี้	15	466.7	6.7	73.3	13.3
8850718809523	เลย์ รสเมี่ยงคำ	เลย์	25	520	4	56	32
8850718809974	Original Flavour	Lay's		540	7.6	55.4	32
8850718810529	Chips	Lays		533	6.7	53.3	33.3
8850718819492	Hot Chili Squid Chips			533.3	6.7	56.7	30
8850718822836	Cheetos Butter Roasted Corn	Cheetos	30	566.7	3.3	56.7	36.7
8850718822980	Daily Nuts Active Mix	SUNBITES	25	520	12	48	32
8850718823000	DAILY BOOST 5 in 1	SUNBITES DAILY NUTS	25	680	20	12	64
8850718823024	Pro mix 9 in 1	Sunbites	25	560	12	44	36
8850718823055	เลย์ 40 g	เลย์	40	550	7.5	55	35
8850718823253	Chili & Salt	Lay's	30	533.3	6.7	60	30
8850718823338	Stax German-style Curry Ketchup	Lay’s	30	533.3	6.7	60	30
8850773551115	DOI KHAM SAVORY STRAWBERRY		30	100	0	24	0
8850773570543	มะม่วงผสมเสาวรสทาขนมปัง	ดอยคำ	19	184.2	0	47.4	0
8850781644458	Creme de noix de coco	Thai Heritage		180	1.8	3	18
8850781700215	Curry verde	Thai Heritage		57	0.8	6.3	2.8
8850781700239	Sauce pour curry de légumes Thaï	Thaï Heritage		48	0.7	5.3	2.6
8850781700253	Sauce tomate au curry	Thai heritage		199	0.9	7.8	8.7
8850781700307	Red Curry Paste	Thai Heritage	55	54.5	2	5.8	0.9
8850781700819	Thai Tomyum Paste	Thai Heritage	55	330	2.2	45.2	14.4
8850781701052	Sauce Piment	Thai heritage		213	0	53.2	0
8850781701564	Sauce Satay	Thai heritage		298	7.4	20.3	20.9
8850781701786	Pure sesame oil	Thai Heritage		928	0	0	100
8850781701809	Thai Heritage Basil Paste	Thai heritage		175	1.6	9.7	17.4
8850781702257	Sauce Sukiyaki	Thai Heritage		122	2.5	28	0
8850781702615	THAI HERITAGE Préparation pour Nouilles Thai au Lait de Coco 325 g Lot de 6	Thai heritage		346	7.3	61	8.1
8850781703193	Sos Słodko kwaśny	Thai Heritage	30	185	0.4	43	1.1
8850781703247	Sauce douce aux piments et prunes	Thai Heritage		216	0.3	53.7	0.2
8850781703759	Panko			358	11	74	2
8850781704213	Red Curry	Thai Heritage		68	1	7.6	3.3
8850781704374	Sos chili słodko-pikantny	Thai heritage		203	0	50	0
8850781705012	Hoisin Sauce 220Ml	Thai Heritage		254	3	53	3.4
8850781705036	Sengibre en pasta	Thai Heritage		80.9	0.6	5.9	6.1
8850781707115	Chinese Noodles Dry	Thai Heritage	100	318.1	13	63	1.4
8850781707290	Chinese Noodles	Thai Heritage	100	318	13	63	1.4
8850781870048	Crème de coco			180	1.8	3	17.8
8850781871502	Sauce thai satay	Thai heritage		298	7.4	20.3	20.9
8850781872004	Tamarind paste	Thai heritage		160	0.6	39	0.3
8850783001761	มาโช่ 180 g	มาโช่	30	466.7	13.3	53.3	23.3
8850801891985	Corn snack			110	8	80	12
8850813200805	Sauce			60	0	14.5	12.5
8850813500004	Roi Thai Green Curry Soup	Roi Thai	80	153	1.9	6.7	13.2
8850813501001	Roi Thai Red Curry Soup 250 ML.	Roi		147	1.7	5.3	13.2
8850813503012	Massaman Curry Soup	Roi Thai	100	157	1.7	10.3	12.1
8850813900606	Toasted Coconut Chips	King Island		550	5	55	35
8850813910087	Coconut Milk	Monkey Island		200	1.4	1.9	19.7
8850866113497	Salsa agrodolce			153	0	38	0
8850866114906	Sriracha	Thai Prestige		86.7	0.9	19.2	0.7
8850885726159	Tom Yum Set			381	0	57	14.3
8850885924418	Rice Paper	Nguan	24	100	1.2	24	0
8850885990017	เตายี้ ตรากิเลน			61	6.5	3.7	3
8850931030292	Cococnut Milk			172	5.5	21.3	7.9
8850931031275	Ice Stick with Tari Flavour			205	1.1	19	14
8850931031503	Red Bean Ice Bar	Bua Luang	80	193	3.2	26	7.8
8850931031626	Durian	Madame Wong	100	164.3	2.1	31.4	3.2
8850931032654	Mung Bean Ice Cream			194	2.2	27.5	8.3
8850931034764	Mochi Taro	Madame Wong	90	226.7	2	40	6.7
8850931034788	Mochi	Madame Wong	90	214.4	1.9	38.9	6.2
8850931036492	Thai Coconut Pancakes	Bua Luang		170	2	26	6
8850931040079	Farine De Riz S	Madame Wong	400	358	7.4	81	0.6
8850931040093	Tapioca			366.7	0	90	0
8850931040482	Chili Sauce			90	1.2	25	0.2
8850931040505	Madame wong	Madame Wong	28	35.7	0	7.1	0
8850931040703	Vermicelle Riz 375G Mme Wong 03 MM			363	7.3	0	0
8850931041915	Madame wong			363.3	7.3	85.5	0
8850931041953	Vermicelle Riz 375G Mme Wong 01 MM			200	4	0	0
8850931042271	Chili paste with soya bean oil			312.5	1.2	56.2	12.5
8850931042448	Bille de tapioca			366.7	0	90	0
8850931042882	Soya bean sauce			0	6.7	6.7	0
8850931044022	Madame Wong	Madame Wong		7.9	1.3	0.3	0.2
8850931044510	Red Bean Ice Stick	Madame Wong	80	192	3.2	26	7.8
8850931051006	Pad thai sauce			220	4	43.3	3.3
8850939905431	Chupa Chups Candy Mini Fruit Flavor 300 G.			397.9	0.3	96.2	0.3
8850939998563	100% Dark Brown Cocoa Powder	Tulip	10	320	20	50	10
8850952554579	Yogurt Drink	Deedo	100	45	0	15	0
8850952924013	DeeDo ICE STICK only one image	DeeDo	35	28.6	0	5.7	0
8850987101519	Mama Thai noodles	Mama		66	1.3	8.8	2.8
8850987115035	Fast Bowl Instant Noodles	Funland	80	481.2	9	66.2	20
8850987122361	Soupe Nouille Porc Mama Carton 30X55G Thailande	Mama		65	1.3	8.5	2.9
8850987122385	Carton Soupe Mama Poulet	Mama	375	61	1.2	8.1	2.6
8850987123450	Nouilles instantané	Mama		81	1.7	11.8	3
8850987127229	Nouilles			83	1.7	11.4	3.4
8850987131271	Carton Mama Soupe Hot & Spicy			75	1.5	11	2.8
8850987131714	Nouille Sauté Mi-goreng Mama Carton 20X80G Thailande			211	4	30.7	8
8850987139000	Moro Heiya Non-fried noodles			354	9.4	72	3.5
8850987143663	Egg noodle	Mama		375	12	76	2.6
8850987144219	Instant noodles pa-lo duck	mama	55	62	1.2	8.4	2.6
8850987144592	Oriental Style Instant Noodles Green Curry Flavor	Mama	55	436.4	9.1	52.7	20
8850987146190	Instant wheat noodle	Mama		467	8	66	19
8850987148699	Salted Egg Noodles	Oriental Kitchen	85	482.4	10.6	64.7	20
8850987149122	Hot Spicy Flavour Instant Nudeln			75	1.5	11	2.8
8850987149139	Nouille			100	1.5	11	2.8
8850987149757	Green Curry Flavour	MAMA	490	78	1.4	11	3.2
8850987151286	Noodles	Oriental Kitchen	85	458.8	8.2	62.4	18.8
8850987151804	Instant Nudeln Huhn	Mama		59	1.1	8.1	2.5
8850987193057	Instant Panang Noodles	Mama	385	103	1.8	14	4.4
8850987193453	รสเย็นตาโฟ ต้มยำหม้อไฟ	มาม่า	45	444.4	8.9	66.7	15.6
8850987194559	Green Curry Noodles	Mama	490	79.1	1.4	11	3.2
8850987195112	MAMA Duck Flavour Noodles			88	1.5	11	4.1
8850987201745	Soupe chinoise	Mama		365	7.7	66	7.4
8850987701054	Puree De Riz Instantanee Saveur Porc			359	5.5	77	2.1
8850987701061	Pré crooked rice porridge Shrimp flavour	Mama		359	11	72	2.8
8850999027333	Fruit Tea White Peach	Haru	440	9.1	0	2.3	0
8851004454229	มันฝรั่งทอดกรอบชนิดแผ่นหยัก รสฮ๊อตชิลลี่	คารามูโจ้	22	545.5	4.5	54.5	31.8
8851004496915	Homr Fried Black Pepper	Tasto Signature	30	500	10	56.7	26.7
8851004899723	ขนมข้าวหอมมะลิอบกรอบ	Dozo	25	520	4	60	28
8851005555349	Strawberry Milk			100	45	41	4
8851010000014	Pocky saveur fraise	Pocky		460	6.4	70.2	17
8851011111368	Longan			21.2	0	5.1	0
8851011115267	Fruit De Palme Sirop Tranche 565G	Leader Price		254	0.1	14.5	0
8851011115366	Fruit De Palmier Entier TWIN ELEPHANTS 565G			73	0.2	17.6	0
8851011117261	Châtaignes d'eau au sirop			371	0.3	21.5	0
8851011117469	Water Chestnut	Twin Elephants	100	41	0.7	8.6	0
8851011124269	Banane Sirop Deux Elephants	Deux Éléphants		95	0.4	22.4	0
8851011215455	Whole baby corn			19	1.6	1.9	0
8851011216339	Bambussprossen (scheiben) - 227G			8	0	0.5	0
8851011216360	Bamboo shoots in water			9	0.7	0.8	0
8851011217268	Bamboo Shoot	Twin Elephants		17	2.3	1.2	0
8851011322887	Coconut milk			189	1.1	2.4	19.4
8851011322986	Coconut Milk	Elephant and Sun	100	169	1.2	1.5	17.6
8851011500100	Plant Based Tuna (Vegan)			181	15	3.6	12
8851011515258	Somtam thai			213	7.1	33	5
8851011911210	Coconut Milk Durian 280ml			68	0.7	8.4	3.3
8851011912217	Boisson au lait de coco (Thé Thai)	Twin elephants		58	0.5	7.7	2.7
8851011914211	Coconut	Twin Elephants		55	0.5	7.8	2.3
8851013029043	Salade paysanne	Daunat		129	6.1	12	5.7
8851013749491	Fruit Juice Triple Carrot Formula	Tipco		100	1	25	0
8851013776497	Tipco Pomegranate and Blueberry and Grape Juice 100percent	Tipco		35	0	23	0
8851016500105	Harvest Snaps Sour Cream & Chives Flavoured Baked Pea Crisps	Calbee	18.5	437.8	16.8	40	20
8851018000085	Ramboutans fourrés ananas	Nfc		78	0	19	0
8851018000252	Lait de coco			145	1	1.6	15
8851018000276	Mangue En Tranches			311	0	18	0
8851018000290	Rambutans au sirop	Northern Food		86	0	21	0
8851018000818	Longanes au sirop	NFC		82	0	20	0
8851019000114	Pocky citron	Pocky		499.5	0	76.5	23.3
8851019001241	Pocky	Glico	38	500	7.9	68.4	21.1
8851019001746	Milk Flavour Pocky	Glico	10	500	10	70	20
8851019010854	Pejoy	Glico		487	8	72	18
8851019100302	Gochujang Flavor Pretzel Sticks	Glico	20	450	10	65	17.5
8851019500171	Glico Pejoy Green Tea Matcha Flavour Biscuit Stick	Glico		506	6.7	66.9	23.5
8851019500713	Choco Mint Flavour	Pejoy	33	506.1	7.6	66.1	23.3
8851019500720	Pocky Coconut and brown sugar	Glico		3	6.1	66.7	24.2
8851019510217	Pocky 20g	Glico	100	95	1.7	14	3.6
8851019510224	Pocky Strawberry Flavour	Pocky	19	494.7	7.9	68.9	20.5
8851019510279	Pocky Mango Flavour	Pocky		152	6.8	73.6	16.9
8851019510460	PRETZ SABOR BBQ	Glico		471	9.7	64.5	19.4
8851019600116	Pocky Cookies & Cream	Pocky	40	502.5	9.2	65.5	22.8
8851019600277	Pocky Milk	Glico	40	487.5	7.2	67.2	21
8851019601151	Pocky Crushed Fruits 芒果果粒百香果風味優格棒	Glico	38	489.5	7.4	69.2	20.5
8851028000204	Soya milk			30	0	10.3	3.3
8851028000808	Choco shake	Vitamilk	300	70	3.3	9.3	2
8851028001706	Black Sesame Cereal Flavor Soy Milk	Vamino	300	69.6	2.6	7.9	2.9
8851028003137	Thai Tea	vitamilk	300	73	2.6	10.3	2.3
8851028006275	Vitamilk Ube	Vitamilk	300	66.7	2.7	8	2.7
8851028006626	v- soy cocoa	V-Soy	200	120	6.6	14.4	3.6
8851028007067	Taiwanese Tea Brown Sugar Favored Soy Milk	Vitamilk	300	70	2.7	7.3	3.3
8851032650138	Yuka test sam			467	6.3	69	17
8851035316008	Seasoned Squid			307	66	2.9	3.2
8851035325000	BDMP Seasoned Cuttlefish(white)50g	Muc Kho		303	53.6	3.7	2.7
8851035413004	Dried Fish	BDMP		228	51	1.1	2.3
8851035414001	Sardellen	BDMP		227	51.4	0.5	2.1
8851035433002	Dried Yellow Stripe Trevally	BDMP		290	52	3	7
8851035828006	Frozen Drink with Coconut water			150	1	25	5
8851046010032	Huile de riz	Suriny		921	0	0	100
8851046921208	Riz thaï			175	3.2	39.9	0.3
8851046921246	Riz	Golden Royal Bowl	100	350	6.4	79.8	0.6
8851046921260	Jasmin Duft Reis - Premium Thai Hom Mali Rice			350	3.2	79.8	0.6
8851046928238	Royal pagoda			340	6	80	0
8851050618910	Süsse Chilisauce für Huhn			121	0	30	0
8851060060020	Khanom Mat	Sethachon	87	201	2.5	39	3.8
8851060061263	Frozen Chive Cake		100	137	2	27	1.7
8851078203068	Ananas en morceaux Giuly			60	1.2	15	0
8851081225606	Sweet Chili Sauce	Double Golden Fish Brand	15	200	0	46.7	0
8851081250394	Fried Noodle Wok Sauce	White Elephant		152	0.7	31.5	2.6
8851081250554	Sweet Chilli Sauce			122	0.2	30	0.1
8851081260850	Shiracha	Thai Boy	100	84	0.3	20.7	0.1
8851081280056	Seasoning Sauce			66.7	0	13.3	0
8851081280773	Sweet chilli sauce			151	0.3	37.3	0.1
8851081281558	Teriyaki sauce			154	0.6	37	0
8851081281855	Yakisoba Sauce	Taka	15	111	0.2	27.3	0.1
8851081300891	Palm Sugar	Thai Boy		308	0	77	0
8851081301126	Mirin	Taka		210	0.4	51	0
8851081301874	Hoisin sauce			200	0	46.7	0
8851081302123	Fried Red Onion	Double Golden Fish Brand	10	100	0	0	10
8851081420568	Green Chili In Vinegar	Double Golden Fish Brand	50	40	2	8	0
8851081480067	Bambou Acide Penta 900G Thailande			40	0.8	0.9	0.1
8851081480128	Pousses de bambou			22	1.9	2.2	0.2
8851081480227	Bamboo Shoot	Penta	100	16	1.3	1.5	0.2
8851081480357	Pickled ginger			11	0	3	0
8851081480647	Bamboo shoot			18	1.6	1.8	0.2
8851081560899	Fried crispy chilly with peanut in oil	Lin Lin	15	568	3.7	16.5	54.2
8851081561032	Pâte de Curry Vert			74	2.2	9.7	1.2
8851081561186	Peanut Satay Sauce	Thai Boy	15	200	0	33.3	6.7
8851081580316	Pad Thai Paste	Penta	230	241	3.4	30.3	10.9
8851081580439	Laksa Paste	Penta		189	3	19.1	10.2
8851081580453	Pad Thai paste	Penta		233	3.4	30.3	10.9
8851081581870	Jean	Maepim	100	86	0.5	19.8	0.5
8851081680450	Tamarind Concentrate	Mae Pim	100	59	0	13.8	0
8851101111100	Think mango think woraporn			152	0	56	0
8851101111254	Think mango think woraporn			140	0	36	0
8851101991450	mango belts			346	3.8	80.3	1
8851101991481	Mango Chutney			338	3.6	78.1	1.3
8851101992334	Pickled Mango	Woraporn	25	139.6	0	36	0
8851101992822	Pickled Mango With Chilli	Woraporn		170	0	41.4	0.3
8851101993126	Pickle Mango with chili			232	0	56	0
8851123211314	Lipovitan-d	Lipo	150	40	0.7	8.7	0
8851123222457	Shark energy drink			60	0.4	15.2	0
8851156002668	Crispy Rolls			160	3	28	4.5
8851212010071	Korat Noodle, Dry	Golden Lion	50	356	7	80.3	0.8
8851225701966	Protein snacks (truffle vegan)	Hip food	30	533.3	0	26.7	15
8851262580166	Yogurt Natural Flavour Low Fat	Yolida	150	60	6	5.3	1.3
8851300800034	Mini Chinese Pastry Bun With Sweet Purple Potato Stuffing	รอยซอง8	42	333.3	2.4	59.5	9.5
88513157	Shirataki de konjac	Gayelord Hauser		15	0	2.2	0
8851351133211	Ham and spinach cheeseburger	EZYGO	126	254	11.9	27	11.1
8851351133532	Roasted Pork Sticky Rice Burger	EZYGO Brand	141	234	9.2	39.7	4.3
8851351133716	Grilled Beef Nam Tok Sticky Rice Burger	EZYGO Brand	141	205.7	8.5	39.7	1.4
8851351381780	7-11 265 g	7-11	265	181.1	7.9	23.8	6
8851351387522	Salmon Teriyaki Onigiri	EZyGO	100	170	6	28	3.5
8851351387850	Steamed Jasmine Red Cargo Rice with Grilled Chicken Breast and Thai Spicy Sauce	EZYGO	255	149	9.8	23.1	2
8851351387898	Ezygo	Ezygo	150	166.7	6	25.3	4.7
8851351388116	Oden soup	EZYGO	250	48	2.8	4.8	2
8851351388567	ข้าวต้มปลา	Eyzgo	375	69.3	3.5	10.7	1.3
8851351388758	Crab Stick And Celery Salad	EZYFRESH	210	109.5	3.3	10	6.2
8851351388819	Stuffed Omelette with Rice	EZYGO	250	176	6.8	24	5.6
8851351388857	Grilled Pork with Sticky Rice	EZYGO	170	264.7	8.8	31.2	11.8
8851351388888	Chicken Green Curry + Fried Minced Pork With Rice	EZYGO	300	166.7	6.7	24.7	4.7
8851351388918	Tom Yum Egg Noodle With Bouncy Pork	อีซี่โก	275	163.6	8.4	19.6	5.8
8851351389175	Black Pepper Pork Steak	EZYGO by Santa Fe Happy Steak	220	154.5	11.4	8.6	8.6
8851351389182	Chicken Steak	EZYGO X Santa Fe	215	130.2	9.8	9.8	6
8851351393059	Omelette Mixed with Rice	EZYGO	300	180	6	28	5
8851351395565	Rice Noodles In Fish Thai Herbs Curry Sauce And Fish Balls	EZYGO x Mum Zab	285	80.7	2.5	15.1	1.1
8851351622241	Custard Bread	Ezy Bake	70	300	7.1	44.3	10
8851351652682	Duo Chocolate Chip Banana Cupcake	Le Pan Brand	50	400	4	46	24
8851351697850	Jasmin Rice With Grilled Chicken Breast	EzyGo	255	149	9.8	23.1	2
8851351710399	Ham and Cheese Pulled Apart	Lady Jane	85	305.9	11.8	32.9	14.1
8851351753648	Taro and coconut Filled Pie	Ezybake	85	352.9	4.7	41.2	18.8
8851351801455	Crab Stick Mayonnaise and Tuna Mayonnaise Double Pocket Sandwich	เมจิ	150	53.3	3.3	6	1.7
8851351820241	Whole Wheat Sandwich Bread	เลอแปง	50	260	10	46	4
8851351820272	Whole Wheat Carrot Bread			294.8	8	59.7	1.3
8851351850606	Chewy Brownie Cookie	Lady Jane	70	428.6	5.7	64.3	17.1
8851351900080	7-11 90 g	7-11	90	344.4	6.7	58.9	8.9
8851351910973	Chocolate Chip Flavoured Bread	Le Pan	110	360	10	56	10
8851351911499	Whole Wheat Bread	Le Pan	50	240	10	38	5
8851351951037	Coffee Marble Cake	Le Pain 7-11	35	371.4	8.6	40	20
8851351951129	Chocolate Brookie	Lady Jane Brand	65	446.2	6.2	56.9	21.5
8851351951136	Marshmallow Chocolate Brookie	Lady Jane	65	430.8	6.2	56.9	20
8851351976580	Strawberry Whipped Cream Mochi Roll	EZY Sweet	60	266.7	5	38.3	11.7
8851351976641	Chocolate Flavored Whipped Cream Mochi Roll	EZY Sweet	60	283.3	5	36.7	13.3
8851359702112	Hi-Q explorer Prebio ProteQ UHT Honey Flavoured recomvined milk product	Nutricia	180	130	4	16	6
8851381200648	Yaco Coconut Water With Pineapple			20.8	0	10.4	0
8851381200693	Eau De Coco Yaco			21	0	5.2	0
8851381500199	Rice Sticks	Wing Yip	100	353	7	80	0
8851381500229	Chinese noodle			320	12	66	1
8851381500403	Glutinous Rice flour			367	6.7	87	0
8851381501257	Rice Stick	C.T.F Brand	50	357	5.4	82.1	0
8851381501318	Pad Thai Reisnudeln	Three Deer Brand	50	340	6	80	0
8851381560438	Salted Radish Whole 400g			50	0	10	0
8851465240225	White rice noodle			360	6	81	0
8851465240232	Red Rice Noodle			360	8	78	0
8851465240249	Organico black Rice noodle			56	6	4	0.9
8851468801010	Thon en morceaux au naturel			100	25	0	0.5
8851532003548	Riz Thaï Gluant			359	7.8	82	0
8851532004224	Riz jasmin thai			355.6	6.7	80	0.7
8851532004231	goldn wheel thai jasmine rice			355.6	6.7	80	0.7
88515595	Huile			900	0	0	100
8851613003382	Coconut milk			185	1.6	2	19
8851613003993	Sweet Chilli Sauce			211	48	52	0.5
8851613004433	Green curry paste	Orient Gourmet	10	116	2.7	10	6.4
8851613004457	Yellow Curry Paste			136	3.6	15	4.8
8851613005102	Organic coconut milk			185	1.6	2	19
8851613005737	Jasminreis	Orient Gourmet		348	7.2	77	1
8851613005836	Red Curry Kit	Aroy-D		168	3	6.6	14
8851613005843	Tomyum kit			168	3	6.6	14
8851613005850	Tom yum noodle kit			146	2.7	18	6.8
8851613005867	Kokosnuss-Creme	Royal Thaï		202	1.6	3.9	20
8851613005911	Sweet soy sauce			366	2.1	87	0.9
8851613006284	Red Curry Paste	Orient Gourmet		122	3.9	10	5.4
8851613006291	Panang Curry Paste			123	3.4	11	6.2
8851613006840	Shiratayaki rice	Orient Gourmet		10	0.5	0.8	0.5
8851613006857	Shiritaki wok style	Orient Gourmet	100	10	0	1	0
8851613007328	Sushi Reis	Orient Gourmet		346	6.3	79	0.5
8851613007458	Sriracha Mayo Sauce	Royal Thai	10	195	0.8	21	12
8851613007687	Uni-Eagle Sriracha Mayo Sauce			195	0.8	21	12
8851613106076	Lait de coco	Aroy-D		185	1.6	2	19
8851613107431	Mung Bean Sprouts			8	0.9	0.5	0.5
8851613203188	Reisnudeln, 3mm	Aroy-D		357	7.1	80	0.8
8851613206592	Chive puff	Little Chef	100	230	4	34	9
8851613800936	Aroy d Rote Curry Paste	Aroy-D		118	4.4	9	6.4
8851639000303	Sauce de soja japonaise			59	8.1	6	0.3
8851639000310	Yamamori Soy Sauce Extra			59	8.1	6	0.3
8851639000327	Yamamori Sauce Extra			59	8.1	6	0.3
8851639000501	Japanese Soy Sauce Light Color			45	6.1	4.4	0.3
8851639000518	Sauce soja			45	6.1	4.4	0.3
8851639000525	Sauce de soja claire			45	6.1	4.4	0.3
8851639000969	Tonkatsu sauce			125	1.6	30	0
8851639000976	Sauce Worcester			117	1.1	28	0.2
8851639001133	Sauca teriyaki	Yamamori		154	3.3	34	0.7
8851639001386	Sauce de soja			59	8.1	6	0.3
8851639001713	Japanese SOBA			351	16	68	1.4
8851639001720	Nouilles Japonaises à la farine de sarrasin et au thé			351	16	68	1.4
8851639005926	Sauce salade lait de soja wasabi			226	1.3	17	17
8851639006329	Sauce soja japonaise			61	8.4	6.4	0
8851639006510	Tonkatsu Sauce	yamamori	100	147	1.1	35	0
8851639009214	Sauce soja sucree			276	3.9	65	0
8851668001340	Shrimp wonton			110	7.9	17	1
8851668310039	Queues de crevettes cuites	Pacific Brand		354	13.5	5.2	0.7
8851683000359	Riso Raitip			364	8.2	76	0
8851683000397	Schwarzer Sesam	Raijip		257	10	51	2
8851683000519	Erdnüsse roh	Raitip		550	27	27	37
8851683000656	Noix de cajou			571	15	32	46
8851683000847	Sternanis	Raitip Thailand		428	4.9	72	2.9
8851683002285	Ground Roasted Glutinous Rice	Raitip		97	2	21	0
8851683002711	Peeled split mung bean	Raitip		340	24	63	1
8851683003169	Black Sesame Seeds	Thanya Farm		620	22	15	52
8851717020186	โยเกิร์ตพร้อมแผ่นข้าวโพดอบกรอบเคลือบโกโก้	Dutchie	110	136.4	3.6	25.5	1.8
8851717034046	ดัชมิลล์นมเปรี้ยวรสธรรมชาติ	ดัชมิลล์	200	60	2	13	0
8851717901577	โยเกิร์ตรสธรรมชาติ	ดัชมิลล์	110	100	3.6	14.5	2.7
8851717901591	โยเกิร์ตรสบลูเบอร์รี่	ดัชมิลล์	110	110	4	16	3
8851717908392	โยเกิร์ตผสมแพสชั่นฟรุตและพรุน	Dutchie	135	88.9	3.7	14.1	1.9
8851717908910	ดัชมิลล์ โยเกิร์ตพร้อมดื่ม	Dutch Mill	160	43.8	3.1	6.2	0.6
8851717909047	โยเกิร์ตพร้อมดื่ม กลิ่นเสาวรส	Dutch Mill	150	66.7	1.3	14	1
8851717910395	ดัชมิลล์ 450 ml	ดัชมิลล์	150	46.7	1.3	8.7	1
8851717910579	Greek Style Yoghurt	Dutchie	143	110	11	11	3
8851717911200	Drinking Yogurt High Protein Apple Flav	Dutch Mill	150	86.7	6.7	12	1.3
8851717911323	ดัชชี่ รอยัล เครมม์ 110 g	ดัชชี่ รอยัล เครมม์	110	163.6	2.7	15.5	10
8851717911538	Drinking Yoghurt Less Sugar Formula Apple Aomori And Lychee Flavour	Dutchmill	150	53.3	1.3	8.7	1
8851717911545	Milk High Protein	Proten	370	62.2	10.8	3.5	0.7
8851717911682	Greek Yogurt	Dutchie	143	76.9	7.7	7.7	2.1
8851727002035	PAPRIKA POTATO SNACK			171	0	18	11
8851727002257	Potato Snack Spicy Ramen Flavour	Paprika	34	551	2.6	59	34
8851727003544	Corn Snack Spicy Ramen Flavour	Cornae		270.8	2.1	29.2	16.7
8851727006132	Kob kob chips french chili flavor		30	270.8	2.1	27.1	18.8
8851810010312	Fruit de palmier à sucre au sirop lourd			180	0	44	0.4
8851873200453	Roasted duck			195	26	2	9
8851876000470	Oriental Style Instant Rice Vermicelli Clear Soup	Mama	100	48	0.8	9.8	0.6
8851876000494	เส้นหมี่น้ำใส ลดโซเดียม 25%	มาม่า	55	381.8	7.3	74.5	5.5
8851876001613	Instant Whole Grain Rice Noodles			356	6.2	77	1.7
8851876001682	RICE NOOLES	MAMA	405	49	0.7	8.9	1.2
8851876001798	Instant Boat Noodles	Thai Connext	393	82	1.3	15	1.7
8851876001835	Instant Reisnudeln mit cremigem Tom-Yum Geschmack	ThaiChef	55	369	5.1	68	8.2
8851876001866	Thai Connext Instant Boat Noodes	Mama	93	344.1	5.4	63.4	7.5
8851876001897	Instant Boat Noodles	Mama	87	344.8	5.7	59.8	9.2
8851876005192	ข้าวต้มกุ้งกระเทียม	มาม่า	35	371.4	8.6	80	2.9
8851876010318	Mamy rice pasta fusilli	Mamy	50	352	7.6	80	0.9
8851876101061	Carton Mama Pho Bo	Mama		376	6.6	76.4	4.9
8851876200054	Reis Nudeln			375	6.6	84	0.5
8851876200740	Rice Noodles	Mama	80	287	5.3	66	0
8851876210251	Nouilles De Riz Fusilli 500GR Sans Gluten			352	7.6	80	0
8851906881833	Mango juice with &quot;Nata De Coco&quot;	COCOMOCO	350	20	0	4.6	0
8851912010456	Helle Sojasauce - Golden Boat 700ML			40	6	4	0
8851912030140	Sauce soja			368	2.1	88	0.9
8851912050209	Nguan chianh 770 g	Nguan chianh	17	58.8	0	11.8	0
8851919050134	SHIRATAKI YAM NOODLES			31	0	5.5	0
8851932126366	Choc chip ice cream	Walls	48	80	1	13	3
8851932439336	Feast Pop	Wall’s	64	328.1	3.1	29.7	21.9
8851952142285	100Plus Berry	100Plus	185	30	0	7	0
8851952145255	100 Plus Pro	100 Plus	251	27.9	2	4.4	0
8851954105110	Sauce Huitre Golden Mountain			62	0	12.5	0
8851954105172	Oyster sauce			62	0.1	12.5	0.1
8851954107046	Sauce soja light			30	1	2	0
8851954113061	Sriracha Chili Sauce	ศรีราชาพานิช	17	117.6	0	23.5	0
8851954113986	Sriracha Chili Sauce	NA	17	117.6	0	23.5	0
8851959004845	Fanta Pineapple Flavoured	Fanta	325	18.5	0	4.6	0
8851978800107	Thai Choice Chilli Garlic Sauc -			452	0.3	28.6	0
8851978800237	Teriyaki Sauce	Thai Choice	100	102.5	0.3	25	0
8851978800329	Thai sweet chilli sauce	Thai Choice		25	0	6.3	0
8851978804013	Poudre lait de coco	Thai Choice		620	2.4	46.6	47.1
8851978804044	Rice Paper	Thai Choice	50	204.6	3	46	0.4
8851978805652	Traditional Noodles	Thai choice	100	318	13	63	1.4
8851978814098	Thai - Choice Tom Yum -			150	1.4	25.8	0.7
8851978918031	Jadanese Choice Style Soy Sauce -			66	9.9	6.5	0
8851978918048	Roasted Nori Seaweed - Feuille de nori (algue)			357	35.7	36	0
8851978920034	Vietnamese Choice Spring Roll Dipping Sauce			170	0.1	42.5	0
8851987126052	Speltcrackers			425	14	56	14
8851988010749	Frozen Pangacius well Trimmed Fillet	เอโร่		80	17	6	1
8852003201029	Piña en Rodajas			68	0.3	0.1	0.1
8852008000955	Xylitol strawberry gum	Lotte		372	1.2	93	0
8852008300420	March strawberry cream filling biscuits	Lotte koala's	41	536.6	2.4	61	29.3
8852008303131	Koala's march	Lotte		498	6	66.3	23.2
8852008303292	Koala's March	Lotte		482	5.8	61.9	23.5
8852008303803	Koala's March	Lotte		514	3.8	62.1	27.8
8852008304749	Koala's March Matcha	Lotte		522	3.5	61	29
8852008304770	Koala's March matcha	Lotte		512.8	5.1	61.5	30.8
8852008400007	LOTTE	LOTTE	30	533.3	6.7	80	0
8852008510539	Toppo Biskuit Stik coklat	Toppo	17	529.4	5.9	64.7	26.5
8852011020759	Instant ginger powder			375	0	40	0
8852014000772	Fish Ball	Pcook	100	91	11	7	1.8
8852014000802	Bottle Fish Bun	Pcook	100	267	9.7	3.2	24
8852014005227	Imitation Crab Claw	Pfp		100	10	13	0
8852014007733	Fish Ball Phuket Style	Royal Ox	100	90	10	5	3
8852014008761	Fish Tofu	Pfp Gold	100	273	11	4.8	24
8852014008808	Pao Pla Mushroom	King Of Shabu		256	10	4.3	22
8852014008815	Fish Balls	Pfp	100	87	9.6	5.3	3
8852014010030	Frozen Fish Cake	Pfp		148	13	8.4	6.6
8852018091028	Soupe chinoise	Yum Yum		80	1.2	8.6	4.4
8852018101048	Soupe De Nouilles Yum Yum Wasabi	Yum yum		466	8.8	66.5	16.2
8852018101130	Yum Yum Soupe Masala			474	9	59	22
8852018101215	Yum Yum Vegetable flavour	Yum Yum		76	1.3	10	3.3
8852018101222	Yum yum	Yum Yum		73	1.3	10	2.8
8852018101239	Yum Yum	Yum Yum		730	0.9	10	3
8852018101260	Cheese flavour			241	4.1	29	12
8852018101284	Yumyum instant noddles grilled chicken			234	4.3	31	10
8852018103547	Yum Yum	Yum Yum		465	6.3	62	21
8852018141037	Soupe Nouille Yum Yum Canard Carton 30X60G Thailande	Yum yum		73	1.2	10.3	2.9
8852018141082	Carton Yumyum Kimchi	Kim Chi		71	1.5	11	2.4
8852018141129	Asian cuisine instant noodles	Yum Yum		73	1.3	9.5	3.2
8852018142027	Yum yum	Yum Yum		455	8	64	18
8852018160021	Yum Yum chicken flavour	YumYum		319	1.3	10	3.3
8852018160151	Nouilles chinoises fromage			241	4.1	29	12
8852018201175	Nouilles asiatiques			100	1.9	13.3	4.1
8852018511021	Chicken flavour	YumYum		80	1.2	8.6	4.4
8852018611080	Nouille instantanées au poulet			76	1.3	10	3.3
8852018611110	Yum yum curry	Eijeij		73	1.3	10.4	2.8
8852018701019	Yum yum crispy			471	7.6	60	21
8852019002146	Erawan Green Mungbeans			110	6	20	0
8852019002184	Tempura rice four			447	5.9	81	0.4
8852019002498	Tamarin conserve			379	1	93.5	1
8852021000383	Light Meat tuna In Brine	ACE OF DIAMONDS		106.7	25.3	0	0.7
8852021002233	Light meat tuna	Cherry Star	71	154.9	18.3	0	8.5
8852021013918	Solid Light Tuna	Omaar Brand	130	161.5	26.2	0	6.9
8852021124195	Thon nat. 3/1	Royal bourbon		110	26	0	0.5
8852021707121	ทูน่าสเต็กในน้ำมันรำข้าว	ซีเล็ค	56	160.7	25	0	5.4
8852021707664	Tuna Sandwich in brine	SEALECT	52	87.5	18.8	0	0.6
8852021708326	Tuna Sandwich In Spring Water	Sealect Fitt	49	102	24.5	0	0
8852021708494	Tuna Steak In Spring Water Plus Collagen	Sealect	98	132.7	29.6	0	1
8852022032918	KEWPIE 50 g	KEWPIE	30	466.7	3.3	13.3	43.3
8852022033571	KEWPIE 1 ซอง (30 ก.)	KEWPIE	30	166.7	0	13.3	11.7
8852022092042	Wasabi Mayo	Kewpie		381	1.4	10	37
8852023004167	Pois Au Wasabi			430	13.3	70	11.7
8852023004778	Thai spicy			566.7	20	36.7	36.7
8852023006758	Peanuts nori wasabi faveur coated			526.3	21.7	44.4	29.1
8852023006871	Mélange Noix de Cajou et Cacahuètes Tum Yum Thai Épicé	Koh Kae		603	20	32	43
8852023006956	Peanuts With Tom Yum Spicy Flavour Coated	Koh-Kae	30	533.3	20	43.3	30
8852023009056	SRIRACHA GREENPEAS			140	4	19	5
8852023668185	Peanuts BBQ			513	20.9	40	26.8
8852023668291	Peanuts sriracha chili			160	19.6	14	9
8852023668888	Wasabi Flavoured Peanuts	Koh Kae	30	500	20	46.7	26.7
8852023668895	Peanuts BBQ Flavour	Koh Kae	30	500	20	46.7	26.7
8852023669298	Mixed nuts bangkok mix			566.7	20	43.3	33.3
8852023669502	Thai Tom Yum Flavour Peanuts			0	7	10	12
8852023670249	Szechuan hot spicy BBQ Flavour Peanuts			588	23.4	10.5	42.7
8852023671383	ถั่วปากอ้ารสพริก	โก๋แก่	40	500	22.5	45	25
8852023672335	Peanuts coconut cream flavour coated			566.7	16.7	46.7	33.3
8852023672366	Peanuts coffee			564	16.7	39.8	35.1
8852023672502	Cashew Nuts Wasabi Mayo Flavour Coated	Koh-Kae	30	533.3	13.3	50	30
8852023672656	Peanuts With Chili Flavour	Koh-Kae Brand	38	657.9	23.7	15.8	55.3
8852023673073	Honey Roasted Cashew Nuts	Koh-Kae Plus	28	607.1	17.9	35.7	42.9
8852023674254	Cacahuetes saveur BBQ	Koh-Kae	30	513	21	40	27
8852023675206	Roasted Mixed Nuts	Koh-kae	30	666.7	16.7	20	60
8852023946078	Wasabi flavour coated			483	15.6	54	16
8852024026106	Thai sweet rice	Ko-Ko Siam Grains	50	360	8	80	0
8852024027158	RIZ GLUANT THAÏLANDE			0	0	0	0
8852032612124	Mustard Sour (senfkohl Sauer) 350G HS			35	1	1	0
8852032625124	Pousse de bambou			25	1	5.5	0
8852032631927	Pousse de bamboo			30	2	4	0.5
8852043605450	Spicy Buffalo Chicken Drummets	Betagro	80	207.5	18.2	7.9	11.5
8852043611321	Chicken strippers			213	14	22	7.6
8852043611338	Chicken kickers			212	14	19	8.6
8852043620378	Tender Chicken Breast Hot & Spicy	BETAGRO	90	107.8	22.6	3.8	0.9
8852043629203	Rosemary Lemon Chicken Breast	S Pure	100	117	24.3	2.7	1
8852043632470	Smoked Applewood Chicken Sausage	Betagro	80	147.5	15.8	2.8	8.2
8852043632890	Roasted Tender Chicken Breast Teriyaki	BETAGRO	90	136.7	25.7	5	1.6
8852043640413	Roasted Tender Chicken Breast Tom Yum	BETAGRO	90	130	23.6	3.9	2.3
8852043645883	Tender Chicken Breast Mala	Betagro	90	115.6	22.2	3.1	1.6
8852043931771	Plant Based Minced Pork	มีทลี่		170	23	9	4.5
8852044110120	Fish snack original flavoured	Taro	5	300	20	20	0
8852045000413	Pickled Garlic			50	0	10	0
8852045000789	Concentrates Tamarind			107	0	28.6	0
8852045202886	Satay Sauce	Foodex		346	8	33	20
8852047211220	Dessert gels - mango flavor			340	0	85	0
8852047326979	Cheese And Onion	Toro	30	533.3	6.7	56.7	30
88520575	Nutella	Ferrero		539	6.3	57.5	30.9
8852071011018	Farine de riz	DOUBLE BEAR BRAND		355	7	80.3	0.6
8852084502046	Tuna Flakes In Spring Water	Lotus's	70	100	24.3	0	0
8852084502220	Thon au Naturel			113	26	0	1
8852084503340	Miette de thon a l’huile			216	17	1	16
8852084508178	Tuna Chunk In Olive Water	Lotus's	100	141	24.7	0.3	4.5
8852084508192	Tuna Chunk In Spring Water	Lotus's		111	26.5	0	0.6
8852089102203	Sweet Tamarind	Welght		283	2.8	84.1	0.5
8852098700124	Snow Rice Crackers	Bin Bin		500	6.7	76.7	16.7
8852098707482	Bin-Bin rice crackers chili flavour			481	5.5	73	18
8852108475455	Morning Glory / Wasserspinat			20	2.6	3.7	0.2
8852110211447	Tuna Chunks	Al Nawagel		319	16	0	28
8852111017406	Tuna Chiliolja	Al-raii		152	30	0	3.5
8852111024138	Canned Mackerel	Hokkaido	100	250	15	0	21
8852114532272	Lait de noix de coco en poudre			620	2.7	45	48
8852116020012	Thai Hom Mali Rice			340	6	0	0
8852116805534	SLC Seaweed Rolling Bite			322	19	49	3
8852116805572	Rolling bite			346	15	63	1
8852116807903	Seleco nori spicy flavour	Seleco		643	12	11	58
8852116807927	Seleco Nori Tom Yum Flavor			648	14	9	59
8852116901113	Vermicelles de riz thaï rouge	Organi		366	0	79.1	2.8
8852116901212	Organic White Rice Noodles 250G			364	7	83	1
8852117001133	prairie			60	0	3	20
8852124008903	Pangkhon	Café Amazon		5	0	0.9	0
8852124011446	Pha Lung	Café Amazon		5	0	0.8	0
8852124017097	Kissing Berry	Café Amazon		5	0.3	0.9	0
88521275	Estatè			2	0	1.6	0
8852172101458	Edamame Chigiri (Fried Fish with Green Soybean)	Kibun	140	171.4	11.4	17.9	6.4
8852172106163	巨大的蟹味棒	Kanikama	70	92.6	8	12	1.4
8852240011726	Rice Chips with Pork Floss Moo-Krata with Dipping Sauce Flavor	Chaosua Snax	30	466.7	16.7	56.7	20
8852240040276	หมูแท่งกรอบ ออริจินัล	เจ้าสัว	22	454.5	31.8	40.9	20.5
8852240050022	Crispy Pork	Chao Sua	20	450	40	40	12.5
8852291300015	Big fruit golden durian			417	0.6	86.4	7.8
8852291610145	Passion exotic candy			15	0.3	3	80
8852291650004	Big Fruit			425	0.3	88.7	7.2
8852298012041	Kabusecha			1	0.1	0.1	0
8852310900059	BBQ Bread Sticks	นายจอม	35	542.9	5.7	54.3	34.3
8852371970053	High Protein Plain Lactose Free	Milk+	400	75	9.8	5.8	1.1
8852375340012	Pâte de crevette			20	5	0	0.5
8852412218083	Yaourts bio nature pâturage			64	3.4	4.2	3.5
8852511010076	Japanische Mayonnaise - Kewpie 520ml	Kewpie		668	2.3	5	71
8852523103179	Japanese Style Noodle	Mandake	50	360	10	76	2
8852523103599	Mendake Japanese Noodle From Purple Sweet Potato	Mendake	45	355.6	13.3	75.6	1.1
8852523112010	Organic Moroheiya Vegetable Non-fried Noodles			340	10	76	0
8852523206474	Shrimp tom yum			400	7.1	55.7	17.1
8852523206566	Instant noodles			385.7	7.1	52.9	15.7
8852523206573	Thai Chef Noodles			400	7.1	55.7	17.1
8852523206726	Shrimp creamy tom yum			280	5	38	12
8852523206788	Artificial Duck Flavour Instant Oriental Style Cup Noodles	Thai Chef	60	433.3	8.3	63.3	16.7
88525365	Pâte à tartiner	Chocolat ELOT		512.6	6.5	46	34
8852588570565	Haribo Chamallows chocolat	Haribo		423	5.6	64	16
8852636101024	Nouille chicken flavour			74	1.3	10	3
8852646010804	18 Tortillas			316	8.7	51	7.8
8852646011801	Bamboo shoot sour			11	1.6	1.6	0
8852646013751	Graines de Tapioca			36	0	90	0
8852646017001	Sweet Chilli Sauce	Thai Dancer		222	0	55.6	0
8852646021503	Banana chip with sugar			462	1.6	67	19
8852646031502	Banana chip			462	1.6	67	19
8852646034008	Bánh Phò	Food Specialize Co		350	6.7	78	1.1
8852646046803	Sour Bamboo shoot	Thai dancer		15	1.4	1.8	0
8852646056802	Bambussprossen mit Yanangblätter	Thai Dancer		20	1	25	0
8852646057007	Oriental sukiyaki sauce Cantonese	Thai dancer		227	3.3	35	8.1
8852646076800	Bambou -yan Champignons Tomates			18	1.2	2.7	0
8852646103407	Curry red	Thai Dancer		144	2	5	12
8852646123405	Thai Dancer	Thai dancer		151	2	7	12
8852646131509	Tropical mango steen			167	0	42	0
8852646152504	Pâte de curry rouge	Thai dancer		143	4	12	7
8852646162503	Green cury paste			195	3.5	10	14
8852646182006	Piment Rouge Au Vinaigre			76	4	6	0.9
8852646190506	Yellow Curry Paste			342	9	34	16
8852646192500	Thaï Dancer	Massaman Curry		209	2	22	11
8852646210501	Red curry paste			143	4	12	7
8852646214547	Gingembre strips			36	0.8	7.8	0
8852646240508	Tom kha paste	Thai dancer		74	1.5	15	0
8852646244544	Heart of Palm	Thai Dancer		16	0	1.3	0.6
8852646254543	Pickled garlic	Thai Dancer		65	0	14	0
8852646262005	Garlic Paste	Thai Dancer		301	3.9	20.5	22.3
8852646272004	Ginger Paste	Thai Dancer	100	66	1.5	13	0.6
8852646283000	Oriental Hoisin Sauce	Thai Dancer	100	236	3.6	53	0.8
8852646304002	Rice stick	Thai dancer		354	6.7	78	1.1
8852646342271	PANANG CURRY paste	Thai dancer		236	3.5	17	15
8852646363009	Coriander lime chilli			230	0	56	0
8852646392009	Rice Fussili	FasMily		190	5.5	82	0.2
8852646393006	Honey Garlic Sauce	Thai Dancer		150	1.9	35	0
8852646394546	Pousses de bamboo			11	1.6	1.6	0
8852646423000	Sour bamboo shoot	Thai Dancer		15	1.4	1.8	0
8852646444548	Tapioca pearl			360	0	90	0
8852646592003	Lemongrass Paste	Thai Dancer	10	60	0	14	0
8852646692000	Tom Yum Mayo Sauce			217	0.3	7.1	21.1
8852665478906	Chili sauce			126	0.9	27	1.7
8852671015447	Coconut milk			75	0	3.8	6.2
8852692020055	Ananas en morceaux			67	0.5	15.5	0
88527055	Ananas			69	0.9	11.2	0.7
8852707200113	Geisha 425g	Geisha		157	13	3.5	10.1
8852707200779	Jack mackerel			89.4	14	0	3.7
8852707206092	Sardines huile de tournesol avec du piment			315	19.6	0.6	26
8852721100109	Tuna	Three girls	56	96.4	23.2	0	0
8852756304015	Kelloggs Cereal Cocoa Frosties	Kellogg's	26	404.5	3.1	78.5	8.1
8852756304190	Strawberry Corn Flakes	Kellogg's	30	400	6.7	90	1.7
8852756327687	Nutri Grain Choc Bars	Kellogg's	22	412.8	7.7	71.4	10.5
8852756328394	Choc Strawberry LCMs	Kellogs	20	406	4	73	11
8852756330724	LCM Choc Chip	Kellogs	20	430	3	76.5	11.5
8852756384062	Kellogg's Frosties	Kellogg's		381	5	88	0.2
8852756401752	Kell LCM Bar SPLT CHC 6'S	Kellogg's		423	3.9	73.3	12
8852756905045	Crunchy Multigrain Granola With Goji Berries And Blueberries Breakfast Cereal	Kellogg’s	45	444.4	15.6	64.4	13.3
8852756925043	Granola Boost	Kellogg's	45	437.8	15.1	64.7	12.7
8852756926040	Wholegrain Oat			437	15.2	65.3	12.8
8852768500016	Tuna chunks			75	18.3	1.7	0
8852805005153	panwacha			454.5	0	77.3	18.2
8852959002718	Vermicelle de haricots mungo			350	0	0	0
8852959002725	Vermicelles de haricots mungo			351	0.1	87.6	0
8852959002732	Vermicelles de haricots mungo			140	0.1	35	0
8852959003210	Thai Jasmine Rice			350	6.4	79.8	0.6
8852959004910	Thaï jasmine Rice			346	6.4	78.4	0.8
8852959007072	Thai black glutinous rice			363	8.8	73.5	3.7
8852959007607	Coco Riz	Happy Riz		500	3.3	73.3	20
8852959008130	Coco Rice Roll	Coco rice roll		453	3.3	77	15
8852959008277	Peeled Split Mung Bean			30	3	6	0
8852959009199	Riz gluant laos			210	4	46	1
8852959009472	Sushi Rice	First Lady	100	349.2	6.6	79.5	0.5
8852959009830	Dhal curry with rice			129	3.2	21	3.6
8852966002015	Wrap’n Roll Chicken Kebab And Cheese	Alfredo	75	253.3	9.3	25.3	13.3
88529714	Mix croco œuf et cola bonbon			331	4.4	77	0.5
8852975800015	Tropical Pudding	Cocon		78	0	20	0
8852999822314	Sep20/ SALTED CARAMEL 330ml	UCC	330	42.1	1.5	7.6	0.6
8853002315809	Soy Secretz Choco Hazelnut	Dutch mill	300	79	3	11.7	2.3
8853002316745	นูทริ 280 ml	นูทริ	280	21.4	0	5	0
8853002319944	ดัชมิลล์ 4อิน1 ไมโครแอคทีฟ โยเกิร์ตพร้อมดื่มยูเอชที สูตรน้ำตาลน้อยกว่า กลิ่นแอปเปิ้ลอาโอโม	ดัชมิลล์		90	2	15	2
88530727	L'emmental râpé			371	27	0.5	29
8853085000098	Rice stick			17	3.5	40	0.4
8853085000340	Dried Shiitake Mushroom	X.O		329	16	64	0
8853085000425	Cáco’m Fish Sauce	Cacom		14.4	3	0.6	0
8853085000517	Pickled makok			44	1	10	0
8853085000647	Instant Tom Yum Paste			290	1.2	7.5	25
8853085000661	Coconut milk	X.O		177	0.9	2.5	18.2
8853085000739	coconut milk	X.O	165	74	0.5	3.9	6.5
8853085000838	Lychee in syrup			60	0.4	16.8	0
8853085000845	Longan			94	0	23.6	0
8853085000999	Sweet chilli sauce			178	0	44.5	0
8853085001019	Black glutinous rice			360	7.5	76	2.9
8853085001026	Plum			70	1	17	0
8853085001200	Pickled ginger			35	0	7.5	0
8853085001491	X. o Shrimp Paste 227G	X.O Thailand		106	19.1	2.2	2.3
8853085001545	Pink ginger			74	0	18.5	0
8853085001644	Mango			180	1	43	0
8853085001651	Plum			134	6.5	27	0
8853085001668	Farine de riz gluant	X.O		362	6	81	1
8853085001682	Tapioca	XÔ		349	0.3	87	0
8853085001736	Racines de lotus			67	2.6	17	10
8853085001750	Fish sauce	X.O brand		27	6.7	0.6	0
8853085001781	Sweet Chilli Sauce			260	0	65	0
8853085002030	Panang Curry Paste			358	4	20.8	28.8
8853085002122	Sweet chilli sauce			260	0	65	0
8853085002177	Perle de tapiocca	X.O		360	0	90	0
8853085002191	Tapioca pearl			360	0	90	0
8853085002658	Vermicelles de riz brun	Purvi	100	378	8	80	2
8853085002733	Red vita rice	X.O		363	6.8	78	2.3
8853085005000	Sweet chilli sauce			149	0.3	36.4	0.2
8853085005017	Sweet chilli sauce			135	0.1	33.3	0.1
8853085675432	Yellow curry paste			137	4.1	23.6	2.8
8853095000248	Nang fah (tue kung) brand, pad thai paste	V.Thai Food Product Co.  Ltd.	15	267	6.7	40	10
8853095000446	Red curry paste			80	2	2	0
8853095000484	Concentrate Cooking Tamarind	Nuoc Me Chua		71.2	0.7	17.2	0
8853095000491	Pot Ail Frit 100GR Nang Fah			15	0	2	1
8853095000682	Crab paste with bean oil			560	7	0	1
8853095000873	VT Thai Peanut Satay Sauce	Pum		252	4.9	24.2	15.1
8853095001320	Sriracha Hot Chili Sauce			104	1.5	22.9	0.7
8853095001368	Nang Fah Sriracha Hot Chilli Sauce	Nang Fah	100	104	1.5	22.9	0.7
8853095001726	Thai tea drink			23	0	4	0.5
8853095001757	Basil seed drink			44	0	11	0
8853095001863	Longan drink			83	0.1	20.6	0
8853095003706	Lychee drink			49	0.3	12.1	0
8853095003737	Pâte de tamarin			24	0	6	0
8853095003843	Ta Ko Thai (rice Flour Custard With Coconut Cream)	Madame flavour		367	1	0	0
8853095004116	Sweet chili sauce for chicken			204	0.6	50	0.5
8853095004246	sriracha hot chili sauce green	Sriracha		70.6	0	17.6	0
8853095004529	Thai spicy dressing Nam Yum	Madam Pum	20	80	0	20	0
8853095005144	Pandan Drink with Basil seed			45	0	13.4	0
8853095005151	V-fresh Lemongrass Drink With Basil Seed (290ML)			72	0.3	18	0.1
8853095006141	Pomezanate Drink with basil seed			0	0	33.9	0
8853095006158	Pineapple drink			391	1	11	43
8853095006202	Lodchong drink with Konjac Jelly			200	0	38	5
8853095006578	Sauce hoisin	Madam Pum		210	2	49	1
8853095006691	chia seed mango			56	0.2	12.9	0.3
8853095007155	Lychee Drink with Basil Seed			45	0	11.1	0
8853095008923	sauce au piment			151.8	0.4	36.6	0.4
8853095008961	Sauce Sriracha			104.2	1.5	22.9	0.7
8853095009272	Sauce sriracha			104.2	1.5	22.9	0.7
8853095009968	Watermelon drink with basil seed			41	0	10.2	0
8853095010407	Sauce sweet chili thai			30.6	0	7.4	0.9
8853096009158	Thai jasmine Rice			349	7.1	79	0.5
8853096009868	Thai Klebereis	Tain Kim Heng	100	340	8	82	0
8853096009936	Reisenudel	New Asia Market	100	347	7.1	77	0.9
8853112353241	Thon			15	5	0	0
8853165001182	เพียวฟู้ดส์ 310 g	เพียวฟู้ดส์	25	320	0	20	24
8853230000447	Sweeten gager			320	0.9	75	0
8853230001208	Longan sèche sans noyau	Thai Top Choice		286	5	74	0
8853230002502	Pickled eggplant	Thai Top Choice		83	1	3.8	0
8853230002762	Tige de lotus			65	6.7	10	0
8853230002823	Pickled Krachai	Thai Top Choice	15	40	0	6.7	0
8853230002892	Feuille De Moutarde Salé Thai Top Choice 350G Thailande			18	0	3	0
8853230002977	Heart of palm			14	0	3.6	0
8853230003141	Fried Shallot	Thai Top Choice		470	7.2	61	20
8853230004810	Norimaki crackers			378	9.2	83.5	0.8
8853230005237	Piment séché			340	21	47	5
8853230005404	Fried Onion Paste	Nam vang	15	166.7	6.7	13.3	10
8853230005497	Reisnudel	PSP	100	350	7	78	1
8853230005602	Crackers De Riz Pandan 100G	Thai Top Choice		550	10	60	30
8853230005664	Geröstete Sushi-Algen	Thai Top Choice		377	46.5	41.9	2.6
8853230005794	Haricots Mungo			347	25	60	1.6
8853230008375	Aka			359	9.3	26.5	24.6
8853241008715	Riz Thaï Complet Royal Thai 1KG	Gao lú't		340	6	80	0
8853241008722	Riz cargo rouge			340	6	80	0
8853241009132	Riz Jasmin Thaïlandais			340	6	80	0
8853251205500	Beurre doux	President		745	0.7	1	82
8853282003205	Oats Cookies	Granovibes	30	466.7	13.3	53.3	23.3
8853333013603	Jus de mangoustine			55	0	13.5	0
8853333016567	Lait de coco	Malee		52	1	3.7	3.9
8853333016574	Malee Coconut Milk Drink With Coconut Water	Malee	100	47	0.5	3.2	3.8
8853333017915	Malee fruit juice	Malee		44	0	10.9	0
8853333027761	Coconut Water mixed with Namhon	Malee Coco	350	17.1	0	4	0
8853421012518	CARA BAKERY 65 g	CARA BAKERY	65	276.9	6.2	43.1	9.2
8853433630021	Confiture de framboises			224	0.8	52.3	0.2
88534350	Boisson tampico fruits rouges	Tampico		5	0	0	0
8853445000263	Thai Coconut Roll with Natural Banana			519	4.3	65	28
8853445014796	ทองม้วนกรอบรสสตรอเบอร์รี่	Suthera	16	562.5	6.2	62.5	31.2
8853445023439	Sliced Bread	Lotus	48	291.7	10.4	50	5.2
8853445023637	7-Eleven 65 g	7-Eleven		210	5	15	15
8853474053292	TUNA CHUNK IN SPRING WATER (TOPS BRAND)	Tops	55	109.1	25.5	0	0
8853474062096	Crispy Rice Cracker Tom Yam Flavour	My Choice Thai Brand	37	513.5	5.4	62.2	27
8853474082315	Vegan Stir Fried Krapao With Rice	Very Very Vegetarian	250	164	4.8	28.4	3.2
8853474083473	Very 285 g	Very	285	49.1	2.5	8.1	0.9
8853474085309	Thai Freeze dried durian	My choice	20	400	10	80	5
8853477470409	Thai sweet potato stick			500	2.5	62	27
8853487007787	Thai Fish Cakes			131	12	7.2	5
8853487007879	Tofu Fish Cake	Sunny Seafood	100	199.8	10.5	6.4	14.7
8853527032212	Bok Dök			100	1	50	10
88535531	Fromage basque			412	22.9	0.2	35.5
8853602001010	Rice flour			180	3	13	0
8853602001263	Klebreismehl			110	2	27	0
8853602002024	Rice Vermicelli	Starlion		180	3	42	0
8853621000148	The au jasmin			333.3	33.3	66.7	0
8853621000568	The garden tea			0	0	0	0
8853647012019	Mangosteen Juice	Siam Rich		190	0	46	0
8853652022027	Spaghetti en Sauce avec Poulet	King Chief	220	249	4	38	9
8853662001371	massaman	Curry paste		69	3	6	1
8853662002026	Tom Kha Suppe	Exotic Food		105	1.2	6.5	8.1
8853662002118	Exotic Food Junge Maiskölbchen In Salzlauge (400g Dose)	Exotic Food		26	1.4	5	0
8853662002309	Tranches de bambou	Exotic Food		11	2	0.5	0.5
8853662002514	Lamelles de bambou	Exotic Food		11	0	2.8	0
8853662002606	Papaye Au Sirop	Exotic Food		65	0.3	16	0
8853662003016	Sriracha scharfe	Exotic Food		138	2.3	28	1.2
8853662004082	Sweet chilli sauce			217	1	52	0
8853662005164	Pad thaï noodles	Exotic Food		211	3.4	46.6	0.6
8853662005416	Nouilles Instantanées Saveur Poulet	Exotic food		465	8	63	20
8853662008783	Bamboo Slices	Thai Pride		493	1.1	0.7	100
8853662008974	Jackfruit	Thai Pride	100	14	0.4	3.1	0
8853662020310	Dried Anchovies	Thai Pride		231	49	0.5	4.1
8853662020709	Red Chili	Thai Pride		159	1.9	10.1	12.3
8853662020853	Spicy satay	Thai Pride		286	6.8	17.1	20.7
8853662020860	Sweat chili sauce	Thai Pride		226	1.6	1.6	54.9
8853662020907	Sauce poisson	Thai Pride		91	12.6	10	0
8853662023021	Yellow Curry Paste imp	Thaï Pride	5	213	3	8	17
8853662023045	Red Chilli	Thai Pride		159	1.9	10	12.3
8853662023069	Minced Garlic	Thai Pride	100	255	4.4	25	15
8853662023137	Thai Pride 295ml	Thai Pride		296	3	72.1	0
8853662023144	Pineapple Mango Sauce	Thai Pride		320	0.6	79	0.5
8853662023151	Pad Thai Sauce imp			189	1.2	46	0.5
8853662023236	Sweet Sour Sauce	thai pride		183	0.8	44.2	0.2
8853662023243	Süß Sauer Sauce	Thai Pride		183	0.8	44	0.2
8853662023342	Tom Kha Paste			179	2.8	22	7.8
8853662023410	Coconut with pulp drink	Exotic Food		37.7	0.5	7.8	0.5
8853662023496	Ginger Sauce for chicken	Thai Pride		103	3.2	19.5	20.8
8853662023700	Sriracha hot chili sauce	Thai Pride		154	2.5	30.8	0.4
8853662023854	Panang Curry Paste	Thai Pride		190	3.3	10.7	14.1
8853662023953	Yellow Curry Paste	Thai Pride		160	2.8	13	9.3
8853662040196	AUTHENTIC THAI Sweet Chili Dressing	Exotic Food		273	0.9	65	0
8853662040233	Sauce Thai Pour Steak 250ML	Exotic Food		100	5	19.9	0
8853662040547	Sauce pimentée au sésame et à l'ail	Exotic Food		290	3	53	6.8
8853662040554	SAUCE POUR WOK AU SÉSAME ET À LA PÂTE DE SOJA	Exotic Food		161	2.2	32.8	2.2
8853662040769	Coriandre emincée a l'huile de soja	Exotic Food		128	2.3	6	10
8853662040912	Sauce pimentee sriracha	Exotic Food		185	2.2	40	1.2
8853662041124	Exotic Food Asian Red Curry Noodle Kit	Exotic Food		233	4.1	31.9	9.4
8853662041254	Knoblauch, gehackt (Paste)	Exotic Food		255	4.4	25	15
8853662041285	Galgant, gehackt	Exotic Food		230	0.5	7.5	22
8853662041322	Sweet sour stir fry	Exotic food		168	0.6	41	0.1
8853662041339	Red curry sauce	Exotic Food		103	1.1	13	5.1
8853662041353	Coconut milk	Exotique Food		180	1.1	3.4	18
8853662041438	Red curry paste (pâte de curry rouge)	Exotic Food		232	3.6	9.5	19
8853662041520	Sauce chilli	Exotic Food		244	1.1	59	0
8853662041537	Spring Roll Sauce	Exotic Food		292	0.5	72	0.2
8853662041551	Sriracha hot chili sauce	Exotic Food		158	2.4	34	0.6
8853662041605	Tom yum sauce	Exotic Food		256	1.6	11.7	21.7
8853662041612	Pad thai  stir fry sauce	Exotic Food		153	3.5	24	4.4
8853662041629	Sweet sour stir-fry sauce	Exotic Food		168	0.6	41	0.1
8853662042022	Yellow curry paste	Exotic food	50	82	2.5	12	1
8853662042145	Mayo Kimchi			331	0	16	29
8853662044033	Flying Goose Süße Chili-ananassauce			226	1.6	53	0
8853662044040	Chili Sauce for Seafood			127	2.4	28	0
8853662044439	Coconut milk Lite	flying goose brand		59	0	1.1	6
8853662044507	Baby corn in brine	Flying Goose Brand		21	2.1	2.5	0
8853662044705	Tom Yum Paste imp	Flying Goose Brand		307	1.6	21	24
8853662044712	Chili past with basil leaves			322	4.2	7.5	31
8853662050102	Sriracha Mayo	Thai Pride	100	281	0	26	19
8853662056043	Sriracha Hot Chili sauce			122	1.8	23	1.3
8853662056340	sweet chilli sauce			229	0.5	55	0
8853662056623	Sriracha Mayoo Sauce	Flying Goose Brand		281	0.9	26	19
8853662056807	Sriracha hot chilli sauce extra garlic non MSG	Flying Goose Brand		123	2.6	24	0.9
8853662056890	Süße Chilisauce GOLD	FLYING GOOSE		229	0	56	0
8853662056968	Hot & sweet Chili Sauce			181	1.4	41	0.6
8853662057101	Sweet chili sauce			229	0.5	57	0.5
8853662057224	Red curry paste			232	3.6	9.5	19
8853662057293	Coconut milk			180	1.1	3.4	18
8853662057613	Green curry paste	Flying Goose Brand		280	3.1	8.1	25
8853662057729	Pâte tom yum			307	1.6	20.8	24.4
8853662057835	Sweet Plum Sauce			313	0.6	76.2	0
8853662057842	Green curry soup			107	1	4	9
8853662057927	Spiracha Mayo Douce			241	0.4	42	7.8
8853662060187	Sriracha extra spicy mayo	Flying Goose Brand		235	0.5	22	16
8853662060354	Sriracha sauce			136	3.1	26	1.3
8853662060361	Tikka Hot, Chili Sauce	flying goose		136	3.1	26	1.3
8853662060385	Black Sriracha Sauce			186	0.6	45	0
8853662060392	Sauce Sriracha			223	2.9	37	5.9
8853662060576	sriracha gochujang	flying goose	25	220	1.2	52	1.2
8853662060583	Sriracha sauce cochujang	Flying Goose	100	219	1.1	51	1
8853662060705	Siracha Sauce Mayoo	Flying Goose Brand	100	285	0.5	26	20
8853662060774	Sriracha Sauce - Mala	Flying Goose Brand	100	162	2.9	33	1.2
8853662387239	Sauce Soja			35.1	3	6	0
8853664446941	sauce aigre douce			183	0.8	44	0.2
88536712	Chocolat noir bio			600	8.9	20	50
88536989	Jambonneau cuit *petit*			161	28	0.5	5.3
8853704000218	Sweet chili sauce			145	0.4	34.3	0.5
8853731002322	Piña en su jugo			56	0.5	13.5	0.8
8853815005850	Gotcha Jelly Cool Ice Cream	F&N	100	58	0.2	10.3	1.7
8853815006185	Durian Ice Cream	Magnolia	62	151.6	1.9	19.2	7.3
8853815008356	Hershey’s Chocolate Overload Ice Cream	F&N Magnolia	80	335	3.8	43.6	16.1
8853815008578	Triple Chocolate Nuggets	Hersheys	42	366.7	2.6	32.9	25
8853815008677	Hershey Icecream	Magnolia		214	2.4	25.1	11.4
8853815008790	Yoghurt Creamsicle	Sunkist	60	108.3	1	19.3	3
8853815009025	Choux Ice-cream Hokkaido Milk	Magnolia	75	293.3	4	29.3	17.3
8853821001037	Sweet chilli sauce			191	1.3	45.2	0.6
8853880129550	Red cargo rice			400	6.7	93.3	0
8853969003849	Reis	Aroy		353	6.9	78	1.2
8853969006222	Thai jasmin rice	AROY - D	100	353	6.9	78	1.2
8853969006390	Jasmin Bruchreis	Rosen Marke	100	338	6.6	76	0.9
8853969008004	Jasmine rice	Organic		360	8	78	1
8853969008165	Black Glutinous Rice	Sawat-D Healthy Grain		353.7	8.7	69	3.9
8853969008189	Jasmine Brown Rice			358	7.1	74	3.3
8853969009339	White glutinous rice			355	6.4	80	1
8853969009391	Jasmine WHITE Scented Rice			0	6.9	73	1.2
8853969009919	Thai Hom Mali Jasmine Rice (5A)	Double Elephants		353	6.9	78	1.2
8853969012230	Thai Jasmine Rice	C.T.F. Brand		355.6	6	80	1
8853969016511	Thai Jasmine Rice	Aroy-D	100	353	6.9	78	1.2
8853991002407	Reismehl glutenfrei	Flourish		110	2	25	0
8854009005076	Sauce saveur d'huitre			450	15	20	1
8854099000111	Crispy banana with passion fruit			166.7	21.1	22.2	8.9
8854099000197	Dried Guava with Plum Flavour	Love Farm Group	40	375	0	92.5	0
8854099005017	Bonbon tamarin a la mangue			388	2.9	93.3	0.4
8854099005543	Tamarind house Seedless Dried Tamarind			366.5	2.7	83.3	0
8854099006373	Tamarind soft Candy spicy flavour			381	2.8	91.3	0.5
88541631	Alpiyo'			178	5	42	1
8854241001560	Beignet de poisson thaïlandais	Smile Heart		126	9.1	15.3	3.2
8854241005759	Flocons De simili-Crabe surgelés			110	6	20	1
8854241009016	Beignet de poisson thaï congelé			130	9	15	3
8854241009139	雪蟹豆腐鱼	丸将	100	150	8.8	17	5.2
8854241010005	Imitation Crab Sticks	Mini	84	107.1	10.7	14.3	0.6
8854291003316	Patis Fish Sauce	Hokkaido	15	33.3	6.7	0	0
8854334000197	Bouillon de poulet thaï			522	7	52	30
8854404001031	Blue Elephant Dried Mango Slices 100G	Blue Elephant		340	1	86	0
8854404001703	Blue Elephant Dried Red Chili 8GRS	Blue Elephant		258	3.8	38.4	0
8854404002595	Crackers de riz	Blue elephant	30	571	10.5	48.1	37.4
8854404002625	Tom kha Suppenpaste	Blue Elephant		180	1.5	18.7	9.8
8854404004056	Vinaigrette à la citronnelle			325	1.3	8.3	31.1
8854404004063	Vinaigrette de Tararinde	Blue Elephant		246	1.6	52.1	3.3
8854404005015	Thai Gelbe Currypaste			186	4.4	15	9.8
8854404005145	Water Chestnut	Blue Elephant	122	28	1	4.7	0
8854404005732	Black rice	Blue Elephant		366	8	76.1	3.3
8854404005763	Thai Fischsosse	Blue Elephant		64	12.5	2.5	0
8854404005893	Beignets de poisson Thaï	Blue Elephant		194	3.7	23.1	8.6
8854404005954	Soupe de nouilles &quot;chiang mai&quot;	Blue Elephant		60	1.7	7.1	2.5
8854404006623	Phad Thai Sauce	blue elephant	60	161	1.4	32	2.4
8854404006975	Phad phong curry sauce	Blue Elephant		196	2.4	8.7	16
8854404007118	Tom Yum Noodle Soup	Blue Elefant	105	287.6	3.9	59	3.8
8854404007125	Thai Boat Noodles	Blue Elephant	150	40	0.9	8	0
8854419001002	TAS brand			18	0	4.4	0
8854419001101	Coconut water			21	0.2	4.7	0
8854419002160	Coconut juice with pulp			33.2	0	8.1	0
8854419002283	Coconut cream	Tas Brand		242	3	3.5	24
8854419007158	Rice flour			360	5.2	82	1.2
8854419007509	Yellow Chinese Noodle	Tas Brand Vara Food & Drink		326	12.8	64.5	1.4
8854419007554	Rice Stick	TAS	100	354	7.7	77.5	0.9
8854419012008	Piña Colada, Taste of the Carribean			49	0.1	10.8	0.6
8854452003506	Sticky Rice Uncooked	Sanpathong		350	6.7	79.4	0.6
8854460002317	Riz gluant à la mangue			240	0	28	12
8854460002805	Ramwong Instant Ginger Herbal Drink			500	0	40	0
8854460002843	Tamarind instant Juice			611	3	72	0
88545431	Schweppes zero			2.3	0	0.3	0
8854561003367	Hydrowhey (Taiwanese Milk Tea)	Maximus	320	56.2	9.7	2.5	0.9
8854561003503	Plant Protein Drink - Vanilla	Upp	360	52.8	9.2	3.1	0.4
8854563393053	Kombucha			16	0	3.7	0
8854575001724	Thai tea mix	Ranong	30	444	1.7	84	11
8854575001830	Lemon and lime tea			63	0	16	0
8854575002103	Matcha Green Tea Latte	Ranong	167	46	0	9.7	0.6
8854575006590	Jasmine flavour Herbal tea			1	0.1	0.2	0
8854575007078	Ginfresh strong ginger			60	0	15	0.2
8854575007238	Natural Honey Ginger			402	0	98	1.1
8854575007245	Ginfresh ginger no sugar added			19	0	4.7	0
8854575007689	Instant ginger drink			280	0	100	0
8854575007696	Ginger Drink			379	3.7	91	0
8854575008105	Ginfresh			12	0	3	0
8854575010047	Collagen coffe plus			451	8.2	71	15
8854640467233	Juicy au jus de fraise			20	0.5	4.9	0.5
8854651008869	Crispy rolls	Kullanard		166	1	22	7
8854657002014	Bonbon Tamarin			380	0.1	93.5	1
8854657008054	Tamarind Chewy Spicy & Sour Candy	Double Seahorse	4	383	0.6	95.1	0
8854657008061	Tamarind chewy tamarinde-Bonbon			374	0.6	92.8	0
8854657008115	Tamarind candy			379.3	0.6	92.8	0
8854680000544	Yanang Leaves Juice	Singing Bird Brand		10	0	0	0.5
8854692009610	Sweet chilli sauce			140	0	35	0
8854692009627	Chilli sauce			120	0	31	0
8854692010197	sauce chili			110	0	27	0
8854692010203	Sriracha			120	1	25	1
8854692010722	Sriracha Hot Sauce	Honest Bowl	100	143	1.4	29.9	1.4
8854692011163	Sriracha Hot Chili Sauce	J-Lek	5	200	0	40	0
8854692011170	Sriracha Extra Hot Chilli Sauce	J-Lek		11	0	2.2	0
8854698005005	Oishi green tea	Oishi		4	0.5	0.5	0
8854698011860	Oishi Japanese Green Tea Lychee Flvour 380ML.	Oishi		48	0	12	0
8854698014458	Green Tea	Oishi	370	10.8	0	2.7	0
8854698014588	Japanese Green Tea Genmai Flavor	Oishi	185	10.8	0	2.7	0
8854698014977	Gyozas			121	2.9	21	2.5
8854698018173	Oishi Green Tea Genmai only one image	Oishi	400	10	0	2.5	0
8854729340013	Crispy Durian	Tasty Top		120	2	18	2
88547374	Susamli çubuk kraker			445	13	66.5	16.2
88547381	Crakers fromage			437	7.6	65.7	16
8854761951598	Matcha Green Tea with walnut milk			33	0.6	1.7	2.8
8854843000121	Sugar Balancer Herbal Tea Dietary Supplement	Organic Mulberry Tea		500	0	50	0
8854858004060	Chinesische Nudeln Kurkuma Swallow	Nudeln		330	13	65	1.5
8854881001289	Freeze dried Mango sticky rice	Bee Fruits	30	433.3	6.7	83.3	8.3
8854967000649	Creme de coco chef's choice	Chef's Choice		207	2.1	0	0
8854967000663	Coconut milk			650	1.3	4.5	14.9
8854996000900	Freeze dried crunchy durian			429	5.6	83.3	8.2
8855044006783	Basil seed drink with mango flavor			58	0.2	14.4	0
8855044006790	Basil seed drink passion fruit flavor			60	0	15	0
8855044011725	Coco royal			150	0	38	0
8855044011763	Boisson au fraise avec graine de basilic			140	0	36	0
8855044011978	Basil seed drink with stawberry flavor	Early Spring	290	110	0	28	0
8855044011992	Early sprint			110	1	28	0
8855044012029	Basil Seed Drink With Mango Flavor			36.2	0	9	0
8855044014375	Basil seed drink strawberry	Asya		50	0	13	0
8855044014399	Basil seed drink Ananas			60	0	14	0
8855044014429	Basil Seed Drink			50	0	13	0
8855044016263	Boisson au melon avec des graines de basilic			145	0	36	0
8855044019998	Basil Seed Drink			60	0	14	0
8855044020000	Basil seed drink watermelon	Asya		50	0	13	0
8855044020017	Basil seed drink		290	48.3	0	12.4	0
8855044020284	jus mangoustan	Coco Royal	290	51.7	0	13.1	0
8855044021649	Basil Seed Drink			53	0	13.2	0
8855044021656	Basil Seed Drink			58	0.5	14.4	0
8855044022028	Basil seed drink melon	Asya		50	0	12	0
8855044024435	Basil Seed Drink Honey			24	0	6	0
8855044030665	Basilic seed drink with mixed fruit			52	0	13	0
8855044032799	Basil seed			50	0	13	0
8855044032812	Basil seed			50	0	13	0
8855044034199	Eau NOIX DE COCO			130	1	29	1.5
8855044036605	Coco royal			53	0	13.2	0
8855044036636	Basil sede drink			52	0	13	0
8855044036650	Coco royal			51	0	12.7	0
8855044037374	Basil seed drink			24	0	6	0
8855044039194	Coconut milk drink wirh nata de coco with strawberry			50	0.3	6.2	2.7
8855044039729	Basil Litchi Drink	Cocoroyal	100	24	0	6	0
8855044040800	Basil Seed Drink			51	0.8	12.7	0
8855044040923	Basil seed drink with strawberry			100	0	38.3	0
8855044040930	Coco royal			53	0	13.2	0
8855044040947	Basil seed drink			49	0	12.2	0
8855044040954	Basil seed drink			53	0	13.2	0
8855044040961	Basil seed drink			52	0.1	13	0
8855044040978	Basil seed drink with passion fruit			52	0	13	0
8855044043290	Coco royal saveur cocktail graine de basilic			52	0	13	0
8855044046925	Basil seed drink			60	0	14	0
8855044049520	Cocount milk drink			49	0	6.2	2.7
8855044049872	Aayini Pineapple basil seed drink			52	0	13	0
8855044049889	Grenade			52	0	13	0
8855044049902	Boisson aux graines de basilic armatise			52	0	13	0
8855044051813	Falouda drink			57	0	12	1
8855044052070	Coconut Milk With Nata De Coco	Dream	290	55.2	0	8.3	2.4
8855044052698	Nutrifresh Chia Seed Drink Strawberry	Nutrifresh	290	51.7	0.1	13.1	0
8855044053046	Coconut Milk Drink	Coco Royal	290	55.2	0.3	8.3	2.4
8855044053084	Coconut Milk			54	0	8.2	2.3
8855044053091	COCONUT MILK			54	0	8.2	2.3
8855044053800	Basil seed			19	0	4.8	0
8855044059475	Falooda Drink			56	0.5	10	1.5
8855069000292	Nature mind			110	0	0	12
8855101616801	Organic lemon curd	Highgrove		360	4.1	49.7	18.7
8855102410606	Lemon Curd	Fortnum & Mason		401.8	4.2	51.7	19.8
8855102412105	Grapefruit fine cut marmelade			262	0.5	65	0.1
8855102820405	Wild orange medium cut marmelade			265	0.3	65.2	0.1
8855102821600	Pale lime			265	0.1	65.4	0.1
8855134001650	Chinese Cake With Milk Filling	Tangsengjua	45	400	6.7	62.2	15.6
8855159000027	Rice stick			382	7.3	85.4	0
8855159000034	Rice stick			371	7.3	85.4	0
8855159000072	Rice Paper	Universal Products	100	357	5.9	79.2	1.3
8855159000096	Preserved TURNIP	Kirin Brand	100	77	0	20	0
8855159001536	Mixed tapioca pearls			360	0.1	90	0
8855180003615	Thai Jasmine Rice			360	3	82.4	0.7
8855180004445	Riz au jasmin			350	7.4	78.1	0.9
8855180004452	Jasmine Rice			350	7.4	78.1	0.9
8855180005671	Riz parfumé jasmin			360	3	82.4	0.7
8855199132016	Coca-cola	Coca-Cola	325	30.8	0	7.4	0
8855199141162	Fanta Orange Flavoured	Fanta	250	20	0	4.8	0
8855237000017	Rote Curry Paste	Nittaya	85	85	6	10	2.2
8855237000024	Red curry paste	Nittaya Thai Curry	150	133.3	4	26.7	1.5
8855237000505	Red curry paste			85	6	10	2.2
8855237000581	Panang Curry Paste	Nittaya		101	7.6	11	2.9
8855237000833	Panang Curry Paste	Nittaya Thai Curry	100	135	5.3	22	2.8
8855237000871	Pâte de Curry Thai-Rouge			123	4.9	22	1.8
8855237000895	Green Curry Paste	Nittaya	50	77	2.9	16	0.5
8855237000901	Kari curry Paste	Nittay	50	139	4.8	25	2.1
8855273000026	Farine de riz gluant			406	7	93	0
8855273000347	Tamarind			68	0	17	0
8855273000422	Chantaboon Rice Sticks	Chang	100	374	7.6	83	0.5
8855273000972	pickled ginger			33.3	0	6.7	0
8855273001092	Tapioca pearl white			360	0	90	0
8855273003942	Gingembre en saumure			33.3	0	6.7	0
8855273004789	Tapioca starch			366.7	0	93.3	0
8855273006455	Banh Canh	Chang		380	7	85	0
8855273009500	Thai Jasmin Rice	Little Angel	100	350	7	79	0.5
8855273009623	GL Jasmine Rice,4.5KG	Golden Lion	150	350	7	79	0.5
8855273010490	Pate piment pad thai			60	1	8	3
8855273014627	Sour Bamboo Shoot	O-Cha	30	12.9	1	2.1	0.1
8855273018434	Jasmine Brown Rice	Little Angel	45	355.6	6.7	77.8	2.2
8855273018502	Thai hom mali rice	Green Dragon		350	7	79	0.5
8855273019004	Jasmin White Rice	Lan Flower	45	355.6	6.7	80	0
8855273019110	Riz Parfume Au Jasmin	Kim Phat	45	355.6	6.7	80	0
8855273020062	Thai Black Jasmine			354	9.5	69	3.5
8855273020628	Thai Crispy Rolls			533.3	3.3	66.7	26.7
8855273021113	Jasmine Rice	Little Angel		350	7	79	0.5
8855273021205	Thai Crispy Rolls	Dee	5	517	2.7	66.7	26.7
8855273027047	Palm Sugar Syrup	wok		44	0	86	0
8855273030191	Fried Shallots	Ngon Lam	100	345.6	4.7	39	19
8855273032935	Frozen Kaffir Lime Leaf	Chang		152	7	30	0
8855273033055	Fried Garlic	Red Drago	6	500	0	66.7	25
8855273036995	Fried Onion	O-cha	6	333.3	0	33.3	16.7
8855273037657	Sticky Rice with mango			215	2	37	6.6
8855273042606	Dried Chili	Dee	10	370.5	10	70	6
8855301215507	Thunfisch in Sonnenblumenöl			319	16	0	28
8855301217860	afia	Afia	100	90	22	0	0.5
8855357000010	Crispy Fish	Tae Nguan Tai	25	440	12	68	16
8855363001919	Pepper sa-te sauce	Siam Select	15	600	6.7	26.7	53.3
8855363007942	Pickled Ginger	Choysco	28	17.9	0	3.6	0
8855416300563	Thai Custard Filled Bulk	C&W Interfoods	50	280	6	46	7
8855416301584	Vanilla flavor custard filled bun		50	140	3	24	3.5
8855416301751	ขนมปังหน้าสังขยา	เอพลัส	50	280	6	50	6
8855422001362	Thai iced milk tea	Zolito		1	1	1	1
8855444003283	Grilled Korean Seaweed	Kabuki	100	365	17.7	70.1	1.5
8855550010939	ผึ้งหงี่เชียง 30 g	ผึ้งหงี่เชียง	30	533.3	6.7	60	26.7
8855591000517	Nampla			48	8	4.5	0
8855591000531	nuoc mam			33	5	3.5	0
8855619000550	Yellow curry paste			35	1	3	2.5
8855702000894	Salad Chicken	Kitchen Joy		117	22	3.5	1.7
8855702003574	Canard laqué sans os congelé			217	22.2	2.2	13.3
8855702003611	Roasted chicken	Kitchen Joy	100	109	24	0	1.3
8855702003710	Kara Age Crispy Chicken	Ichiban Snacks		255	16.4	14.9	14.4
8855702004137	Mexican wings			297	16.8	14.4	19
8855702005691	Authentic Asia King Prawn Wonton Soup	CP	148	46	2.5	6.8	1
8855702006483	Roasted Sliced Chicken Breast	Kitchen Joy		129	27	0.8	1.8
8855702007534	Grillad Kycklingfile	Frozen	100	123	26	1.3	1.4
8855702007961	Chicken Teriaki Yakitori Sticks	Kitchen Joy	100	158	24	4.7	4.6
8855702008272	Flamin' chicken tenders	Cp	100	215	21.8	12.5	8.4
8855702008500	Roasted Chicken Inner Fillet	Kitchen Joy		114	26	0.6	0.7
8855702008784	Haricots noirs			114	7.7	14	1.7
8855702008883	King prawn soup			60.6	0.9	2.5	0.1
8855702008951	Flaming Chicken	CP	100	215	21.8	12.5	8.4
8855718000017	Enoki			44	3	0	0
8855723003089	Mung bean dice Cake	Tae Seng Heng	40	375	7.5	57.5	12.5
8855723003720	ขนมโก๋ขาว(รูปมังกร) ตรา แต้ เซ่ง เฮง	แต้ เซ่ง เฮง	50	360	4	88	0
8855768358861	crème de coco			196	1.2	0.9	20.9
8855790000837	Carabao ® Energy Drink Green Apple			19	1	4.5	0
8855790000868	Energy drink original			19	1	4.5	0
8855790001155	Energy Drink Orange Blast	Carabao		19	1	4.5	0
8855790002299	Carabao Energy			19	0.5	4.5	0
8855790002350	carbo sport orange	Carabao Sport	100	23	0	5.1	0
8855790002534	Raspberry Isotonic Drink	Carabao Sport	500	23	0	5.1	0
88558028	Sriracha chili sauce			126	0	30	0
8855828331131	Planta fin cuisson pratique			620	0.1	0.1	70
8855917001211	O'TORI Nugget Maïs Seiche			444	8.7	71.6	13.6
8855917004397	Otori Cheese Nugget	Otori	100	150	2	15	9
8855917009811	โอเดนย่า 20 g	โอเดนย่า	20	500	5	70	20
8856049004606	Coconut Water			19	0	4.7	0
8856082003369	ener+G walkup	handy hero	50	140	0	34	0
8856082008166	Fiber Gummy	Handy Herb	22	113.6	0	27.3	0
8856128005166	เครื่องดื่มข้าวโอ๊ตปรุงสำเร็จ สูตรผสมงาดำ	Godent	25	440	16	60	14
8856154000906	Riz thai			360	6	84	0
8856203006613	Frozen Seafood	Holmes	100	54	9.9	0	1.6
8856241000048	Soupe déshydratée au poulet	Gosto	9	222.2	0	44.4	0
8856307836116	Signature Black Truffle Premium Mixed Roots Chips	Cruff	25	600	0	56	40
8856366001470	Taberu			686	13	22	61
8856366001487	Korean style fried seaweed			675	12.5	22.5	60
8856366002064	Tabero extra roll			333.3	0	33.3	0
8856366002897	Taberu			591	6.2	48	42
8856366002965	Extra Roll Seaweed			355	22	63	1.6
8856429001010	Farina di riso			86	7	80	1.5
8856513012984	Whey Protein Isolate	DECATHLON	43	395.3	69.8	18.6	4.7
8856604050239	Green tea			0	0	0	0
8856628200184	Longan honey			338	0.3	83	0
8856705814839	Duo cakes			436	5	56	21
8856742000035	Rice crisps with sesame	Sukantha	30	567	10	50	36.7
8856742001049	สุนันทา 60 g	สุนันทา	30	533.3	10	56.7	30
8856742002091	สุนันทา 75 กรัม	สุนันทา	38	552.6	13.2	47.4	34.2
8856742004446	Rice crisps whole grain			550	15	20	55
8856771000594	Dried pineapple			370	0	77	0
8856771001928	Lychee Jelly	Thai Jelly	20	400	0	95	0
8856843003812	Spinach Ball	Sunny Day	100	40	4	4	1
8856848001325	Organic Instant Noodles Garlic & Pepper	Perfect Earth		348	7.7	72	2.4
8856848001387	Organic Rice Pasta Pad Thai	Perfect Earth		283.7	5.7	63.8	0
8856884000412	Tamarin sucré	TAMARIN SUCRÉ		283	2.6	64.1	0.5
8856884005998	Sweet tamarind			314	2.9	75.6	0
8856900000013	Thai green curry			293	3	12	25
8856900000105	Aromax	Aromax	50	149	1	20	7
8856901002023	Puffies			433	7	76	11
8856901002047	Rice buddy			436	6.8	76	11
8856901002146	Puffies tom yum			431	6.9	76	11
8856950002531	ココナッツチップ	タイのスーパー	40	550	2.5	60	35
8856950602144	Fish Snack	MJ Heritage	35	342.9	17.1	62.9	0
88569741	Helado Mulato			286	3.2	21	21
8856977002712	Food fit		17	80	2	11	2.5
8856977003788	โจ๊กข้าวนุ่ม	Xongdur	30	400	10	86.7	0
8856977005140	Granola Bar Food Fit	Foot Fit	15	466.7	13.3	66.7	16.7
8857053000158	Basil Seed Drink Pomegranate			53	0	13.2	0
8857053000165	Basil seed			53	0	38.3	0
8857053000189	Basil seed drink lychee			53	0	12.3	0
8857053009472	Fragrant jasmine rice			170	3	40	0
8857056004115	Picnic Cup Nouilles / Soupe Vegetarien (avec Herbes Fraiches) 60G	Picnic		250	7	35	9
8857056004528	Veggie Flavoured Instant Noodles			250	7	35	9
8857056004542	PICNIC BOWL NOUILLES / SOUPE SEAFOOD (fruit De Mer)70G			230	7	4	9
8857056004573	Picnic Bowl Nouilles / Soupe Curry (avec Herbes Fraiches) 70G	PICNIC		250	5	4	9
8857056004580	Green curry noodles			500	11.7	5	23.3
8857056004696	Nouilles thai Tomyum noodles			250	7	36	9
8857056005167	Zaab Siam			180	0	45	0
8857056005372	Black shrimp paste			470	10	54	23
8857072000832	Balance Organic Rice Snack			445	4.4	76	11
8857094001015	บะหมี่อบแก้งกึ่งสำเร็จรูป	CIN Tueng	65	353.8	13.8	70.8	2.3
8857099003304	Kokozo			41	0	10	0
8857099003885	Kokozo vị Dưa lưới			41	0	10	0
8857099004288	Jus de mangue avec nata de coco			41	0	10	0
8857099004974	Kokozo			41	0	10	0
8857099005469	Aloe vera	Aloe Vera	240	37.5	0	9.6	0
8857101221948	Dee Thai Pate De Curry Vert 114 GRS			73	3	9	1.1
8857101790659	Taro chips			130	1	17	6
8857102860207	Dried mango			27	12	6	0
8857103830162	Thai Break			80.3	1	91	3
8857103836362	Room + Cofee			0	8	0	0.5
8857105060260	Coco-Crisp Rolls	Tang Freres		500	13	67	20
8857105303923	Honeycomb Honey Valley	Honey Comb		60	0	15	0
8857105321200	Nifty Coconut Drink			42	0	10	0
8857106430505	Red jasmine	Thai		357	7.6	76.2	2.4
8857106730094	Jasmine Rice	Thai Lung	200	355	7.5	77.5	1.5
8857106850495	Roasted Rice	Khun Shine	100	350	0	90	0
8857107231927	Crispy Seaweed Tomato Sauce Flavour	Taokaenoi	16	625	18.8	18.8	56.2
8857107232023	Taokaenoi Crispy Seaweed Big Sheet Spicy Flavor			23	0	0	2.2
8857107232054	Seaweed			78.1	3.1	3.1	6.2
8857112520719	Natural banana green tea			360	0	72	8
8857112520993	Purple Sweet Potato Chips	Jiraporn	50	460	4	74	20
8857119300673	Organic chia seeds	Nutriris	12	500	16.7	33.3	33.3
8857120450145	Gold Fish Dried	Av Delicious Food	15	266.7	53.3	6.7	6.7
8857121197070	Sweet tamarind			300	2.3	80	0.8
8857121197087	Tamarin Confit Epice 150G	Teddy Bear		120	0	28	0
8857121197483	Sweet tamarind			290	3	70	0
8857121197728	Tamarind paste			300	3	70	0
8857121346157	Ramen noodles			352	8.7	2	5.6
8857121346188	Brown rice ramen noodles			364	7.1	71.8	5.4
8857121346478	Ramen Thai Yellow Curry noodles			376.5	5.9	71.8	7.1
8857121346591	High Protein Ramen	Happy Noodles	70	357.1	17.1	70	0
8857121775346	Coconut Paste	Agrilife		714	7	21	64
8857121775803	Coconut Yoghurt	Agrilife	120	50	3.3	5.8	1.7
8857121846602	Bean Curd Stick	Fong Fong	60	213.3	23.3	5	10
8857122503153	Koconae			0	0	0	14
8857122559198	Sauce Vinaigrette Citronnelle	Desiam		280	1.7	9.1	26.3
8857122559372	Thai Green Curry Paste	de SIAM		141	3.5	15	7.4
8857122559419	Thai yellow curry paste	Mild		256	4.3	16.8	19.1
8857122559631	Pâte De Curry Massaman	Desiam		473	5.3	17.4	42.5
8857122559730	Pâte De Gingembre	Desiam		139	2.8	9.7	9.9
8857122559884	Riz Thai Jasmin			357	6	80	0
8857122685293	LEADER BASIL SEED DRINK			55.2	0	13.8	0
8857122829048	Coconut water with lemon and lime	Pearl Royal		25.1	0.2	6.1	0
8857122953156	Crispy White Sardine	Chaolay	25	480	40	32	20
8857123001726	Khao Soy Noodles (Dried)	Mae Amporn		345	12.7	72.7	0
8857123057488	Roasted gourami fish with chili	Namprik	10	45	5	4	1
8857123076120	Banana chips			200	1	21	12
8857123497130	Spicy BBQ Whole Grain Snack	FitTo	15	460	7.3	74	15.3
8857123497222	Onion Rings	Fitto	15	433.3	7.3	74.7	11.3
8857123863256	Coco queen			85	0	20	0
8857123863270	Pineapple			27	0	6.6	0.1
8857123863492	coco queen			29	0.7	7	0.1
8857124063464	Crispy fried snack chicken flavor	V	35	542.9	28.6	37.1	31.4
8857124144064	Toasted coconut chips			450	6	37	33
8857124144361	Soft dried mango			350	1	15	0
8857124179042	Tom Yum Kung Instant Noodle	Jub Jub	55	358.2	7.3	74.5	1.8
8857124179554	Thai Rice Noodle soup	JubJub		342	7.2	72	2.4
8857124179578	JubJub Instant rijstnoedel pad thai glutenvrij	JubJub		349	7.7	73	2.5
8857124188372	กราโนล่า รสช็อกโกแลตชิพคุกกี้	เกรนเน่ย์	40	475	15	60	20
8857124188914	White Chocolate Cranberry Flavour	Granney	30	400	33.3	40	10
8857124188921	Granola Bar Chocolate Series Chocolate Hazelnut Flavour	Graney	30	400	30	43.3	11.7
8857124252042	Smoked Chicken Breast	GUYYY	150	242	46	1	6
8857124252219	Protein Bar (56g Protein)	Guyvy	80	312.5	70	8.8	0
8857124252950	Peanut Chocolate Whey Bar			358	70	16	6
8857124252967	Protein Bar Strawberry	Guyvy	50	314	70	4	2
8857124867901	Mango Stick	JUMP OY	70	64.3	0	15.7	0
8857124892019	泰國牛奶片	MISTER DADDY		480	16	66	16
8857125291439	Beef Jerky Thai style	Yua Group	55	363.6	69.1	1.8	9.1
8857125343374	Mango getrocknet	The Goldgreen	100	320	0	84	0
8857125593236	Crispy Chicken Breast Sticks Curry Flavor	Vena	30	400	60	30	5
8857125593762	Salted Egg Fish Skin	Mo-Min	25	560	32	28	36
8857125593908	Crispy Chicken Breast Sticks, Chicken Burger Flavor	Vena	30	366.7	56.7	26.7	5
8857125597067	Holy Choc Sugarfree Drinking Chocolate	Holy Choc	22	363.6	9.1	68.2	4.5
8857125644235	Brown Rice Cracker Nori Seaweed Glavour	Songlae		384	9.7	80.6	2.5
8857125896443	Chia Chew Cocoa Flavor	Fruit Bound	40	400	22.5	67.5	10
8857126520316	Keto			10	0	0	0
8857126635362	Crispy Roasted Salmon Chili Paste	Em Ocha	80	475	22.5	46.2	21.2
8857127014111	Crispy coconut rolls			140	1.3	22	5
8857127323060	Mai i pim			422.3	0	6.9	1.8
8857127511740	Almon chocolate	Jory’s bucket	15	466.7	13.3	46.7	33.3
8857127678788	火鍋の素麻辣味	海底労	600	120	1.3	1.4	12.1
8857127882178	Light Coconut Milk	Kin Dee		56.2	0	0	6.2
8857127882772	Organic Coconut Aminos	Kin Dee	5	200	0	40	0
8857128009222	Must Plant Protein	MUST	350	54.3	10	2.3	0.6
8857128009239	Power Plant 35g Organic Golden Pea Protein Almond Drink	Must	350	52.9	10	2	0.6
8857128072240	Mini Banana Cupcake	Tops	50	360	4	50	16
8857128220016	Coco love			70	0	19	0
8857128413074	Protein shake - Protein Shake	Matell	37	116	27	0	0
8857128413401	Whey Protein Isolate	มาเทล	33	357.6	81.8	6.1	0
8857128670019	Movie Theater Popcorn	Pop Star	26	423.1	7.7	57.7	19.2
8857128829028	จุ้ยซี่ 240 ml	จุ้ยซี่	240	70	0	17	0
8857128899236	Plant Protein Lime Lemonade	Bobbi	500	36	7.2	1.6	0
8857128899243	Plant Protein Punch Lemon	Bobbi	500	36	7.2	1.6	0
8857128920039	Green Curry Sauce	Narin’s Thai Kitchen	100	110	0	5	10
8857128945018	Berries Trail Mix	Nutramix	31	483.9	12.9	45.2	29
8857129013044	Chicken Breast Smoothie Drink Mixed With Yogurt	MAX	250	120	24	2.4	1.6
8857129755036	TURTLE GROCER 105 g	TURTLE GROCER	52	538.5	5.8	57.7	30.8
8857130238122	Plant Protein Melon Flavor	Plantae	350	48.6	8.9	2.6	0.3
8857200003414	Banana BBQ Flavour	Otop	42.5	447.1	0	47.1	28.2
8857200005753	Coconut chips Anpicha			9	2	19	6
8857200201032	บี คริสปี้ 45 g	บี คริสปี้	45	511.1	6.7	64.4	24.4
8857200205610	PHU TAWAN 50 g	PHU TAWAN	50	230	6	33	9
8857200324212	Banana Hut	Banana Hut	50	540	2	60	32
8857200542104	Spicy Chili			62.9	0	17.1	0
8857200569736	Crispy chicken skin	Chicky Fried	30	600	33.3	20	43.3
8857200585521	Thai Boat Noodles Japanese Style	Lerros	130	284.6	6.2	55.4	3.8
8857200585545	Vietnamese Rice Noodle Soup	Lerros	140	335.7	2.1	65.7	7.1
8857200585583	Tomyum Yentafo Wide Rice Noodles	Lerros	110	290.9	1.8	61.8	4.1
8857200670913	Orange Is back!	Incredible	250	12	0.4	2.4	0
8857200726719	Crispy chicken breast spicy flavor	mummum	25	360	56	28	4
8857200726726	Crispy Chicken Breast	Mummum	25	440	44	36	12
8857200787420	Yakult Chicken Breast	Gentle Yummy	220	68.2	11.8	3.6	0.9
88572321	Antica ricetta Malfatti			382	15	67	5.1
8857826308290	Billes de Tapioca	Cock Brand		346	0	86	0
88578859	Creamed Honey	Sans nom		300	0.5	100	0
8858011320127	Thai Panang Curry Kyckling	Kitchen 88		171	6.6	23.2	5.8
8858011320134	Thai Röd Curry Kyckling med Jasminris	Kitchen 88		141	5.1	19.3	4.4
8858011320189	Kyckling i sötsur sås med Jasminris	Kitchen 88		132	4.1	24.7	1.3
8858011508709	Korma chicken and noodle			160	4.8	25.2	4.4
8858011508716	Nouilles poulet aigre-doux			159	4.4	31.2	1.8
8858011509065	Sweet And Sour Chicken	Asiatique	280	137.9	3.4	27.6	1.6
8858011585038	SMART EAT แกงมัสมั่นไก่	Smart Eat	115	147.8	9.6	8.7	8.7
8858011585069	SMART EAT แกงพะแนงไก่	Smart Eat	115	130.4	8.7	7.8	7
8858011585113	Yellow curry veg			141	4	17	7
8858011585304	Green curry chicken			142	8	7	9
8858011585403	SMART EAT ลาบไก่ทอด	Smart Bite	70	200	20	18.6	5
8858011585427	Korean Style Spicy Chicken	Smart Bite	70	171.4	12.9	22.9	3.6
8858011586080	Butter chicken and rice			125	3.7	19.2	3.7
8858011586110	Saveur de poulet			180	5.3	25.3	6
8858011586172	mushroom rice with riceberry and shiitake mushroom			173.3	3.3	35.3	2.3
8858011586189	Kichen 88			173.3	3.3	31.3	3.3
8858011588015	Box nouille au curry vert			163	4.2	26	4.3
8858011588039	Nouilles Saveurs Aigre douce			147	3	29	1.7
8858011802142	Riz blanc	KITCHEN 88	150	140	3.3	27.3	1.3
8858095000311	Riz parfumé			160	3	0	0
8858095000373	Aromali			160	3	0	0
8858135000165	Süß saure Tamarinden Wok Sauce	Real Thai		106	1.1	25	0
8858135001933	Pate de curry jaune			102	2.4	16	1.8
8858135002459	Kırmızi Köri Ezmesi	Real Thai Cuisine		104	3.7	13	2.7
8858135004088	real thai	Real Thai		185	1.6	2	19
8858135005276	Tom Yum kit	Real Thai		220	2.8	6.2	20
8858135005597	Sriracha Mayo	Real Thai	5	196.7	0.8	21.5	12
8858135005641	Sriracha a la citronelle	Real Thai		133	1.1	29	1.1
8858135030025	Longan in Syrup			80	0	18	0.9
8858150001680	Roasted Chestnuts	Goryuan	40	200	5	45	0
8858185000771	Coconut chips			615	5	45	46
8858185005226	Coconut chips			616	4.1	36	45
8858223006154	Coconut pineapple biscuits			130	0	24	1
8858223006482	Durian cookies			500	5.8	68	22.5
8858223011370	Mr.Mee	vfoods.	22	500	9.1	63.6	22.7
8858223011387	หมีน้อย บิสกิต ไส้ครีมสตอเบอรี่	มิสเตอร์หมี	22	500	4.5	63.6	22.7
8858223011998	Corn Snacks			500	6	57	21
8858223012377	Smoked bacon biscuit sticks			533.3	6.7	60	30
8858223014418	Coconut Biscuits	Dear Teddy	7	416	3.4	79.5	9.4
8858223015514	Mixed Crab Curry	VFoods	30	533.3	6.7	60	30
8858223019574	Coconut Pineapple Biscuits	Ricco	28	428.6	7.1	78.6	8.9
8858223021409	Biscuit a l’ananas			130	2	20	3
8858223025063	Vfoods Mix	VFOODS MIX Brand	30	500	6.7	63.3	23.3
8858223028972	Choco Panda	Vfoods	21	523.8	9.5	61.9	23.8
8858271000920	Sweet & Sour cooking sauce			30	0	5	0
8858271002504	Yakitori Sauce, Maxchup, 150 ML			155	3.8	35	0
8858271003020	Maxchup Soy Sauce Formula 1	Maxchup		42	4.4	5	0
8858271003136	הוי סטיר	מזרח ומערב		92	2.9	20.1	0
8858271004799	Masterfoods 700 ml	Masterfoods		90	0	22.6	0
8858279006061	Udon soup bowl tempura flavor			150	4.2	31.6	0.8
8858279006290	Nouilles udon au pad thai			175	4.5	32	4
8858306000307	Riz Parfume Golden Phoenix			347	7.3	76.5	1.3
8858306000352	Reis	Qrice		348	6.6	80	0.5
8858306000383	Riz			347	7.3	76.5	1.3
8858306000598	Riz long parfumé	Phoenix		646	0	34.3	0.4
8858306003483	Jasmin Reis 1kg (QRice)	Q Rice	100	351	7.3	77	1.3
8858306004558	Black rice	Qrice		346	13	64	3
8858306005784	Mixed cargo rice			352	7.6	78	0.6
8858306005999	Thai hom mali rice	Golden Phönix		353	7	79	0.9
8858306006255	Rice Berry			348	12.9	64.4	3
8858358001635	Crush Chilli			253.3	13.3	53.3	13.3
8858358002021	Greenday Banana Crispy	Greenday		110	3	74	20
8858358002038	Greenday, Pineapple Chips			432	2.4	86.8	7.9
8858358002045	Greenday Jackfruit Crispy	Greenday		434	5	80.1	10.4
8858358009945	Coconut Chips Caramel			240	1	8	8
8858358009952	Chips de coco au miel			120	2	8	8
8858358010491	Crispy mango			400	4	92	0
8858358010569	Chips de coco café			240	2	8	7
8858358010798	Biscuits de coco vanille noix de cajou			555	1	8	3
8858358010804	Coconut Snack Bites Chocolate			220	2.5	35	35
8858358010811	Coconut snack bites			220	1	18	14
8858463000066	Tuna Chunks In Brine	Heinz	100	121	27	0	1.4
8858463003753	Excellence Skipjack Tuna Chunks In Sunflower Oil	Excellence	104	169.6	30.8	0.1	5.3
8858463003968	Skipjack Tuna chunks in brine	Excellence		97	22.3	1.4	0.2
8858492010005	ETE Chocolate Almont	ete	70	242.9	5.7	20	15.7
8858492011040	Young Coconut Pops	Thai Fruit	65	169.2	1.5	18.5	10.8
8858492011071	Taro Coconut Milk Frozen Desert Bar With Taro	Ete	75	173.3	1.3	25.3	8
8858492011293	Passion Fruit Sorbet Frozen Dessert Bar	Thai Fruit	65	123.1	0.5	27.7	0.6
8858492011460	Coconut Milk Frozen Dessert Bar with Thai Tea	ete brand	75	173.3	0.7	24	8
8858492011477	Thai Tea Dessert Bar	The One	70	271.4	1.4	30	15.7
8858492011514	Thai Fruit Mango Bar	Ete	70	300	2.9	27.1	20
8858492011675	Pistachio Coconut Milk Dessert Bar	The One	70	357.1	4.3	22.9	27.1
8858492012276	Thaifruit Lychee	Ete		91	0	23	0
8858492013785	Taro Thai Dessert	Ete	100	160	1.4	23	6.8
8858492013822	Mochi Thai Tea	Ete	100	211	1.2	40	4.9
8858492013839	Mochi Sorbet	E.T.E	100	182	0.8	40	2
8858598004953	Litchi au sirop			110	0	0	0
8858598009248	Riz brisure extra parfumé			354	7	1	1
8858598009255	Riz brisure extra parfumé			354	7	1	1
8858598009378	Rice sticks			200	4	0	0
8858598010060	Sweet Chili Sauce			18	0	44	0
8858598010138	Sauce nems			30	0	7	0
8858598010169	Sauce nems(moyen)			30	0	7	0
8858598040067	Algues Yaki Nori			1	13	65	0
8858598040074	Algues Yaki Nori			100	13	0	1
8858598040173	Top thai lait de coco	Top Thai		170	2	2	16
8858598040562	Pad thai sauce			0	0	18	0
8858598040739	Mee-mee chicken			250	7	3	80
8858598041255	Dehydrated Pineapple			343	0.9	83.5	0
8858598041439	Pate de curry rouge			392	4.2	10	1.7
8858598041446	Pate de curry vert	Royal Cool		75	3	9	1.1
8858598041453	Pate de curry jaune			319	3.6	7.5	1.3
8858598041750	coconut chips			561	6.2	36	40
8858629000602	Pickled mang0			112.9	0	29	0
8858629001319	Mini Bangkok cookies original			200	5	10	20
8858629001548	Crispy Jasmin Rice With Mango And White Chocolate	King Power Selection	31	548.4	6.5	58.1	32.3
8858629003641	Dried Mango Extra Low Sugar	Tasty Fruity	33	333.3	0	84.8	0
8858629004068	Bangkok Cookies			500	6	60	26
8858638009283	เซี๊ยโล่ 200 ml	เซี๊ยโล่	200	0	0	0	0
8858639000067	Gyoza chicken & vegetable			152	7.1	16	6.3
8858639000111	Yakitori charcoal grilled chicken	Ajinomoto		153	14	9.6	6.7
8858639000159	Gyoza	Ajinamoto	114	157.9	8.8	20.2	4.4
8858648701450	Riz thai	Excel Elephant Brand		355	7	80	0
8858652600091	Tamarinde			262	2.5	57	0.6
8858652601814	Tamarind paste		30	266.7	3.3	60	0
8858652602347	Sweet Tamarind		450	69.8	0.7	16.4	0
8858661109639	Moki fettucine	Moki	100	25	1	6	0
8858661190033	สแนคหมาล่า	Dayday	20	200	20	20	5
8858669411314	Nori Seaweed			541	4.2	54.2	33.3
8858669700562	Thaï Hom mali rice			180	0	40	1
8858669701033	Thai Hom Mali rice			360	6	80	1
8858669871156	Thai Hom Mali Rice	Hong Thong	100	355	6.9	78.9	1.3
8858671550018	Tempura Hot&Spicy	Gogi	30	333.3	10	73.3	0
8858671570108	Sweet Layer Cake Flour	Gogu	380	380	0	94.3	0
8858671590014	Tempura batter mix			346	13	71	1
8858674710297	J Fruit Jack Fruit Dehydrated			0	1	24	0
8858674710341	J Fruit Mango Dehydrated			333	3.3	83	0
8858674711881	Mangosteen			330	1	80	0
8858679620362	Hojicha Ice cream			199	1.4	23	11
8858679620379	Thé genmaicha glacé			217	1.2	29	10
8858679620393	Boru Boru			180	0	29	6.8
8858679644047	Mochi Ice Dessert		104	240.4	1	41.3	7.7
8858679644061	Non-Dairy Mochi Ice Mango Frozen Dessert	Buono (Thailand) Co.		192.3	0	42.3	2.4
8858679646324	Mochilce Durian	Buono		194	0.2	38	4.5
8858679646430	Mochi ice			229	0	44	5.9
8858679646485	Mochi ice	Buono	26	200	0	42.3	3.1
8858679646546	Mochi Ice	Buono	26	192.3	0.8	46.2	5.8
8858679652295	Pad See Ew	Green & Sunny	300	210	4.7	31	7.7
8858679670169	Mango sticky rice crispy rolls			242	3.4	48.7	3.8
8858679670183	Mango Sticky Rice	Green And Sunny	160	187	2.4	34	4.3
8858679690204	Mee Krob Thai Crispy Rice Noodle Snacks-Pad Thai	Green & Sunny	30	533.3	6.7	56.7	30
8858684508211	Fish With Chili Sauce With Rice	EZY Choice Brand	230	160.9	9.1	26.1	2.2
8858684513628	Spaghetti Carbonara	EZYGO	200	185	4.5	16.5	11
8858684514854	Spaghetti Carbonara	Cp	170	135.3	5.3	18.2	4.7
8858684523122	Stir-Fried Spaghetti Sausage with Dried Chili	EZYGO	215	176.7	7.4	25.1	5.1
8858684523511	Ebi Pocket With Shrimp And Fish	CP EZYGO Brand	105	276.2	9.5	21	17.1
8858684523597	ข้าวขาหมูคากิ	CP	340	152.9	7.9	21.5	4.1
8858684523771	มักกะโรนีซอสสไปซี่โคชูจังและไส้กรอก	Ezygo	175	165.7	5.7	18.9	7.4
8858684524426	Kua King Flavored Chicken Bologna	CP	110	160	12.7	4.1	10.9
8858684525232	ซีพี 120 g	ซีพี	120	158.3	8.3	7.5	10.8
8858684525393	Chicken Finger With Barbecue Sauce	CP	80	212.5	12.5	13.8	11.2
8858684525492	Fried Boiled Egg With Tamarind Sauce	CP	180	100	5	8.3	5
8858684526888	Frankfurt Cheese Sausage	CP	110	209.1	12.7	6.4	14.5
8858684527045	Stir-fried Basil Mixed Seafood And Fried Fish With Rice	Jay Fai	285	133.3	6	23.2	2.1
8858684527199	เกี๊ยวน้ำและหมูแดง	CP	310	77.4	5.8	7.7	2.6
8858684527229	Chicken Tikka Masala With Turmeric Rice And Fried Shallots	Chef Cares	290	165.5	9	24.1	3.8
8858684527311	มินิสเต๊ก อกไก่รมควัน	Ezygo	90	100	14.4	7.8	1.1
8858684527441	Rice Mixed With Yellow Curry Paste And Chicken Breast	Chef Cares Brand	255	184.3	6.3	31	3.9
8858684527915	Rice Mixed With Spicy Shrimp Paste Relish And Sweet Pork	Chef Cares Brand	265	173.6	6.4	27.2	4.2
8858697139112	Matcha Green Tea	Meiji		80	2	20	9
8858702403610	Crispy seaweed(tomato sauce flavour)			687.5	12.5	18.8	62.5
8858702405577	Super Crisp			362	21.4	64.5	2
8858702406987	Big Bang Grilled Seaweed	Tao Kae Noi	6.2	368	17.6	68.8	0
8858702409216	Taokaenoi Crispy Seaweed Original Flavour	Tao Kae Noi		687.5	12.5	18.8	62.5
8858702411424	Seaweed snack			746	13.5	13.5	68
8858702411783	Big roll grilled seaweed roll			360	13.3	63.3	3.3
8858702413695	Tempura seaweed with sésame grain			560	12	42.9	38.7
8858702414173	Crispy Seaweed Thai Curry			717	15	13	67.3
8858702416108	Marvel dried yellow mango			344	1	84	0.3
8858702417952	Crispy seaweed			673	14.1	20.6	59.3
8858702418584	Big Roll Noix de coco			333	0	67	0
8858702418973	Crispy Seaweed			50	1	1	4.5
8858702420211	Crispy			712	13.4	15.3	66.3
8858702421829	Taokaenoi Crispy Seaweed Sriracha Sauce	TaoKaeNoi	100	686	13.1	6.9	65.2
8858702423267	Big Roll Grilled Seaweed, Extra Long Classic Flavour			357.1	14.3	71.4	0
8858702423588	Seasoned laver classic flavour			579	21.8	22.3	29.6
8858702425995	Chips aux algues goût poulet			677	17	19	59.6
8858702426176	Taokaenoi			333	0	67	0
8858702427579	Tempura seaweed			533.3	13.3	44.4	35.6
8858702427784	Coconut chips			564	5	56	35.3
8858702429191	seaweed snacks TEMPURA SPICY FLAVOR	NO RA		600	8	48	40
8858702429627	Glilled squid			400	20	80	0
8858702432313	Tempura seaweed with mixed sesame and sunflower seeds			584	9.8	45.7	40.2
8858702437837	Crispy Seaweed Snack	Konomi	16	656.2	15	18.8	61.2
8858702438605	Topping			628.2	14.3	14.3	51.4
8858702448598	Hi Tempura	Tao Kae Noi	22	545.5	9.1	54.5	31.8
8858710000580	Ananas tranche			60	0	16	20
8858713001027	Reispudding Mit Kokosmilch - Sipso ( 2X120G )	Sipso		144	1.8	18.1	7.1
8858713001089	Riz Germé au Curry Vert	Sipso	185	177	3.4	33.2	3.4
8858713001201	Riz germes melanges	Sipso		170	3.7	36.3	1.2
8858713001218	Riz complet germé	Sipso		188	4.4	39.4	1.4
8858713001225	Riz rouge germé	Sipso		170	3.7	36.3	1.2
8858713001232	Riz noir germé	Sipso		189	3.6	39.9	1.6
8858713001386	Tapiokapudding Mit Kokosnussmilch - Sipso 120G	Sipso		111	1.6	11.4	6.5
8858716082016	Maïs en grains			90	2	20	0.5
8858725200784	Coconut Water	Tropico	310	19.4	0	4.8	0
8858725202849	Coconut Water	NuFresh	250	20	0	4.8	0
8858731200082	NANACO Mango Flavoured Pudding	Nanaco		80	0	20	0
8858731200099	Lychee Pudding			81	0.5	19	0.5
8858741211733	Red rice			361	7.6	75.7	3.1
8858741211955	Thai Jasmine Rice	Sunlee		351	6.3	80	0.7
8858744401599	Kiwi Fruit	Kingkacha	25	351.1	0.1	88	0.5
8858744800460	Green curry paste			82	3	15.6	0.8
8858744800774	Kanokwan Sweet Chili Sauce			193	0.8	47.1	0.2
8858744801320	Spicy Stir Fry Sauce (Pad Cha)	Kanokwan	50	183	2.7	19.2	10.5
8858744803096	Stor gry curry sauce	De care	50	264	3.6	40	9.6
8858750200124	Dehydrated tropical	King Power International		100	0	26	0
8858750200148	Pineapple			100	0	30	0
8858750200162	Ginger deshydrated	King Power		100	0	33	0
8858750200179	Mango	King Power	30	333.3	0	83.3	0
8858750200209	Cashew nuts honey&sesame			40	9	11	4
8858750200216	Cookies			83.3	1.1	11.1	3.9
8858750200575	Durian			454.5	6.1	78.8	12.1
8858752601240	Triple.pack			370	26	60.3	2.9
8858752601257	Roasted Seaweed Stick Spicy	Triple M		370	20.7	64.6	3.2
8858752602254	Stick -Grilled squid			333.3	66.7	33.3	0
8858752606184	Roasted Seaweed Roll Stick Spicy	Triple-M		342	21	50	3.2
8858753309534	Huile de coco			828	0	0	92
8858755202048	Collagen			472	13.6	56	21.5
8858762720030	Mountain Mist			178.6	0.7	28.6	1.4
8858768000587	American Green Coconut Milk 400ML			63	1.2	3.8	5
8858768013051	lychees au sirop			456	1	26.6	1
8858768015475	Basil seed drink with lychee flavored			170	1	37	1
8858768021926	Yellow Jackfruit			89	0.5	21.4	0
8858768023135	Basil seed drink			53	0	13.2	0
8858768023326	Pate de tamarin denoyaute			287	3.4	75	0.7
8858768024163	Basil Seed drink with pomegranat			50	0	13	0
8858768024170	Basil seed drink with melon flavour			210	0	13	0
8858768026662	Thon  entier à l'huile de soja			155	28	0.6	4.5
8858768027058	Basil Seed Drink with Mango Flavor	Real		51.7	0	13.1	0
8858768027065	Basil seed drink	Real	250	60	0	15.2	0
8858768027072	Basil seed drink			51.7	0	13.1	0
8858768027492	Pineapple basil seed drink			51.7	0	13.1	0
8858768027515	Basil seed drink with passion fruit flavour	Real		51.7	0	13.1	0
8858768029106	Basil seed drink with mango flavour			50	0	13	0
8858768029359	Basil Seed drink			60	0	14	0
8858768029687	Breuvage aux Graines de Basilic avec saveur de Cocktail			51	0	13	0
8858768056195	Basil seed drink with pomegranate flavor			24	0	6	0
8858768063742	Tranches d’ananas			45	0	11	0
8858768077299	Falooda			55.2	0	11	1.2
8858768091097	Vermicelle de riz			380	8	84	1
8858768094159	Lait de coco			127	0.7	1.8	13
8858768843757	GoMuc Crispy Fish Skin (Mala Flavor)	GoMuc	30	533.3	33.3	23.3	33.3
8858774110867	Ham Steak Japanese Style	PRIMAHAM	80	112.5	20	2.5	2.5
8858781403884	Black Pepper Hot Smoked Makerel	Thammachart Seafood	45	288.9	20	2.2	22.2
8858782300113	Moku moku			170	2	36	0
8858782300335	Mokku Mokku passion fruit juice			48.6	0.6	11.7	0
8858782300502	Mokku Mokku			49	2	41	0
8858802500011	Cashew nut			170	6	6	11
8858802500110	Premium cashew nut			170	6	12	11
8858808900136	Ananas en tranches			80	4	7	9
8858808930812	Boisson aux graines de basilic			1	0	26	0
8858815200113	Padthai Set			240	3	43	5
8858815280474	Padthai Set Classic Recipe	Thipsamai	100	310	3	68	3
8858815800344	Organic thai hom mali White rice	FairD		356	6	80	1.1
8858815806063	Organic Brown Rice Spaghetti			356	6	80	1.1
8858815806070	Organic red rice spaghetti			350	8	80	2
8858815807008	Soy sauce			95	7.4	16	0.1
8858816608499	คาเฟ่ แอน 232.50 g	คาเฟ่ แอน	15.5	516.1	12.9	58.1	22.6
8858820100002	No sugar organic soy milk	Tofusan	280	42.9	3.6	3.9	1.6
8858826302189	Grüne Currypaste	Cock Brand		116	2.7	10	6.4
8858826309386	Tapioca pearl	cock		366.7	0	90	0
8858826309515	Tapioca pearl			110	0	27	0
8858826309928	Coconut Cream			202	1.6	3.9	20
8858829601746	Instant Noodles shrimp			448	6.6	60	18
8858836001409	FiberlaX lime&lemon flavour	Verena	15	166.7	0	93.3	0
8858837601059	Thai noodle			375	5	82	0
8858837610549	Gengibre deshidratado			360	0	96	0
8858837610686	MANGO			360	0	88	0
8858837682126	Wasabi Green Peas	Red A		436	16	66	12
8858837682188	Wasabi green peas	Red A		436	16	66	12
8858837683222	Coconut chips			450	4	39	34
8858837688319	Wasabi rice crackers			387	6.6	83	2
8858837688333	Cacahuetes con Wasabi			463	14	62	18
8858850099673	Soft Dried Mango	Thong Ampai	33	333.3	3	81.8	0
8858850099864	Mango Jelly	Thong Ampai	20	350	0	85	0
8858862800335	โยเกิร์ตผสมสับปะรด	nongpho		107.7	3.1	17.7	2.7
8858862800342	โยเกิร์ต รสธรรมชาติ	nongpho		92.3	4.6	10	3.5
8858867804451	Crispy Chili Tom yum thaï flavour			550	10	50	35
8858867804475	Crispy chilli wasabi flavour			550	10	50	30
8858867804482	Crispy Chilli Mala Flavour			550	10	45	35
8858867815556	Ham And Sausage Cheese Triple Croissant	EZYGO	110	0	0	0	0
8858867820550	Ham Triple Cheese Sandwich	EZYGO Brand	80	287.5	11.2	32.5	11.2
8858867823360	Sago Young Coconut and gingko with coconut milk topping	NSL Fooda	158	113.9	0	18.4	5.1
8858867827108	Bake A Wish Salted Egg Custard Choux Cream (NSL Selection Brand)	NSL Selection Brand	60	283.3	6.7	25	16.7
8858867829065	Beef Burger With Cheese And Hot Sauce	EZYGO Brand	104	278.8	12.5	27.9	13.5
8858867829072	TRIPLE MACARONS CREAMY	EZYSweet	54	481.5	7.4	48.1	27.8
8858867829201	Beef And Egg Burger With Cheese	EZYGO Brand	128	226.6	11.7	24.2	9.4
8858867829218	เบอร์ริโต้ ลาซานญ่า	Ezygo	60	233.3	8.3	26.7	10
8858867829386	Garlic Butter With Bacon Cheese Toasted Sandwich	EZYGO Brand	64	375	10.9	31.2	21.9
8858867829584	EZYGO	EZYGO	102	274.5	9.8	28.4	12.7
8858867829676	Ham And Cheese Parmesan Bread	EZYGO Brand	73	301.4	11	34.2	13.7
8858867829737	Pork Hamburg With Bacon And Cheese Burger	EZYGO Brand	98	295.9	11.2	33.7	13.3
8858867829768	Classic Chocolate Bites	EZY Sweet	36	500	5.6	41.7	36.1
8858867829799	Ovaltine Crunchy Cake	EZY Sweet	69	391.3	5.8	46.4	20.3
8858867829874	Dubai Kunafa Pistacio Tart	EzySweet	66	469.7	7.6	43.9	28.8
8858867829881	Dubai Kunafa Pistachio Macaron	EZYSweet	26	500	7.7	42.3	34.6
8858867829966	Double Beef Burger With Cheese	Ezygo	110	254.5	13.6	26.4	10.9
8858867832386	Chocolate Whipped Cream Choux Cream	Bake A Wish	90	255.6	4.4	22.2	15.6
8858871808230	Pousses De Soja Au Naturel 230 GR Oz			15	1	33	0
8858871831016	Geschmack Ananas			60	0	14	1
8858871831023	Mango geschmack			0	37	39	0
8858871831047	Granatapftel			60	12	14	0
8858871831061	Cocktail geschmack			60	0	14	0
8858889305257	SRIRACHA CHILI SAUCE			148	1.2	33.1	0.7
8858893914131	Tesco Tuna Chunks In Brine 3 Packs X	Tesco		70	18	0	0
8858893931183	Frozen Mixed Vegetables (Carrot, Pea, Corn)	Lotus's		65	3.5	13	0.4
8858894104494	Original Soft & Mixed Grains Sandwich Wholewheat Bread	Cubic	40	300	10	52.5	6.2
8858894104661	Banana honey walnut sandwich whole wheat bread	Cubic	65	292.3	9.2	53.8	5.4
8858894105026	Pumpkin Bread	Cubic	60	316.7	11.7	45	8.3
8858894105231	Barley Wheat Bread	Cubic	55	290.9	10.9	47.3	6.4
8858894105286	Country Grains Bread	Cubic	55	290.9	10.9	52.7	5.5
8858894105323	Namwah Banana Whole Wheat Bread	Cubic	55	290.9	9.1	52.7	4.5
8858897600016	Original GABA pasta			345	2	82	1
8858901604023	Long Grain Jasmine Rice	Kaijas Rice	100	352	7.2	79.4	0
8858901605457	rice sticks			353	5.8	82	0.5
8858901605464	Rice sticks			420	8	94	0
8858908303790	Basil seed drink	American Green		160	0	36	0
8858908309730	Falooda drink			155	0	32	3
8858908316318	Rose flavoured drink			56	0.5	10	1.5
8858911200246	Probiotic yogurt [only one image]	Butterfly	200	45	3.5	5	1.5
8858911201236	Drinking Yogurt With Acai Berry	Butterfly	200	60	2.5	10.5	1
8858911201434	Greek Yogurt Natural Flavor	FREEK	100	130	10	8	6
8858911201571	Vanilla Greek Yogurt	Butterfly	100	140	7	11	8
8858923400306	Boisson à l'Aloe Vera			21	0.6	4.6	0
8858929701018	Coconut cooking oil			120	0	0	14
8858937500016	Milk	Hokkaido	250	64	3.2	4.4	3.6
8858945530036	Chao sua 150 g	Chao sua		223	5	20	13
8858945531033	Black sesame bars			500	22	32	28
8858947400221	Aloe vera drink saveur litchi			21	0.6	4.6	0
8858947400603	Aloe			28	0.2	6.6	0
8858947405400	Aloe drink for life 350	Green Beverages		28	0	6.6	0
8858947450134	Boissson Aloe vera			0	0.2	6.6	0
8858947470033	Eau d'aloé verra	Eloa water		14	0	3.5	0
8858947470057	Infusion a l’aloe vera			12	0	3.1	0
8858947470064	Infusion bio a l’aloe vera saveur verveine et pomme			13	0	0	0
8858947470071	Infusion bio aloe vera			12.7	0	3.2	0
88589527	Date Mazafati			326	4	74	0.5
8858956500394	Crispy Thai Tea	Kunna	25	596	5.8	39.6	45.6
8858956503234	Coconut Milk Dipped Dried Mango	Kunna	27	444.4	3.7	77.8	13
8858956503784	Кокосові гаммі	Kunna	30	385	0	93.3	0
8858958092071	BIO Jasberry Reis-Mix			339	8.9	66.8	3.1
8858960300522	Panko			390	9.9	69.7	7.9
8858960300867	Desiam Galangal Seasoning Paste	Desiam		117	0.6	15.2	5.9
8858960300881	Thai soup Tom Kha			187	1.2	18.5	12.1
8858960301208	Ponzu sauce			76	4.8	14.3	0
8858960301406	Desiam Glass Noodles Cooking Set			255	0.6	65	0
8858960301420	Huile de coco	Desiam		929	1	1	70
8858960302205	Wasabi Sauce	ENSO		121	0	14	7.3
8858960302304	Desiam Sweet Chilli Thai Dipping Sauce Mild	Desiam		191	0.4	46.9	0.1
8858960302380	Basil lemongrass thai salad dressing	Siam		280	1.7	9.1	26.3
8858960303394	Desiam yellow curry thai paste	Desiam		283	5	15	21
8858960699749	Thai black glutinous rice			355	0.5	73.2	3.2
8858960699817	Thai Red Jasmine Rice	Thanyathip Rice		224	6.6	44.4	3.3
8858984804518	Shrimp Wonton	CP	77	179.2	11.2	27.7	2.6
8858984820075	Prawn Wonton	Charoen Pokphand		170	12.8	23.6	2.7
8858984820341	Chicken pho noodle soup	Authentic asia	450	77.1	6.5	11.1	0.9
8858984820587	Yakitori au poulet grillé à la Japonaise			164	21.1	9.6	4.6
8858984820693	King Prawn Wonton Soup			46	4	6.2	0.6
8858984820747	Chicken laksa with nood'es			114	5.9	9.6	5.5
8858984821195	Green curry chicken			169	7.4	24.4	4.1
8858984821201	Authentic Asia (poulet curry rouge & riz jasmin)			156	5.6	18.5	6.4
8858984821218	Authentique Asia Thaï Style			169	7.4	24.4	4.1
8858984830081	Chicken Teriyaki Sticks	Kitchen Joy		158	24	4.7	4.6
8858984832726	CP 雞胸	CP	100	98	20.7	1.4	1.1
8858984832931	BBQ SALAD CHICKEN	Kitchen Joy	100	116	22	3.8	1.4
8858984835789	bouchées vapeur aux crevettes et sauce vinaigre noir			97	6.2	15	1.2
8858984837226	Pho Noodle Soup With Chicken	Authentic Asia		99	5.2	16	1.4
8858984837318	Vegan Strips Chicken Style	Field Good		142	25	2.5	3.1
8858984837349	Vegan Red Curry With Rice And Vegan Strips	Field Good	350	147	5.2	22	4.2
8858984837783	Kitchen Joy Tom Kha Wonton nuudelikeitto	Kitchen Joy		69	2.6	10	1.9
8858984838186	Duck Basil Wonton	CP	100	232.3	7.1	22.4	12.3
8858984838452	Fried Chicken Karaage	CP	125	183.2	16.6	12.7	7.2
8858984838476	Chicken Fillet Burger	CP	100	178	17	13	6.3
8858984838797	Thai Basil And Vegan Meat With Rice	Meat Zero		151	5.4	23.9	3.8
8858984839503	Cooked Tender Chicken Breast	CP	100	113	18.2	4.8	2.3
8858984839510	Cooked Tender Chicken Breast With Black Pepper	CP	100	112	18.8	4.8	2
8858984839589	Krapow Chicken	Kitchen Joy	100	202.4	17	14	8.8
8858984839619	Thai Green Curry Gyoza	Thai Sides	100	155.1	6.8	21	4.1
8858984839633	Red Curry Spring Rolls	Thai Sides	100	247.1	6.6	23	13
8858984839657	Vegetable Pad Thai	Kitchen Joy	320	158	4.2	24	4.9
8858984839664	King Prawn Wonton Tom Yum Soup	Thai Fusion - Thai sides	147	149.7	5.6	17	6.4
8858984839688	Prawn Wonton 'Drunken' Noodles	Kitchen Joy	300	184	6.3	24	6.7
8858984839879	Flamin Chicken Tenders	CP	100	214	15.7	16.4	9.5
8858984840066	Hot & Spicy Chicken Rib	Kitchen Joy	250	272	11	18	17
8858984840233	FLAMIN' CHICKEN TENDERS	CP	100	203.3	16	14	9.2
8858984840257	Tom kha soup	Authentic Asia	485	89.7	3.4	12.2	2.8
8858984840325	Sichuan Chicken With Noodles	Kitchen Joy	320	123	6.9	15	3.5
8858984840431	멕시칸 치킨 윙	CP	100	200	20	1	13
8858998584116	Tea+ 0cal	Suntory	490	30	0	7	0
8858998585502	ลิปตัน 445 ml	ลิปตัน	200	0	0	0	0
8858998586448	Pepsi Zero Sugar, Strawberries ‘n’ Cream	เป๊ปซี่	325	0	0	0	0
8858998589197	Double Espresso	BOSS COFFEE	250	32	0.8	7.2	0
8858998589265	Yuzu Flavored Water With Vitamin And Minerals	Suntory	200	17.5	0	4	0
8859001409679	Chicken Smoothie	Kleen	480	87.5	14.6	5	1.2
8859001409686	Strawberry Post-Workout Shake	Kleens Plus+	480	95.8	14.6	6.2	1.2
8859015700557	Coconut milk			85	0.7	8.1	5.6
8859015705309	Thai milk tea	If		60.1	0.3	10	2.1
8859015707501	VITADAY	VITADAY	480	29.2	6.9	0	0
8859015707532	VITADAY HIGH PROTEIN	VITADAY	240	29.2	7.1	0	0
8859015707600	Roasted Coconut Drink	If		20	0	4.8	0
8859017900405	MIX FRUITS			19	0	4.8	0
8859017908418	Basil seed			110	0	24	0
8859018411115	Banana Joe 50G Sea Salt Chips Banaanisipsi	Banana Joe		544	2.8	53	35
8859018411313	Sriracha With Pickled Garlic Banana Chips 12 x 50G			539	3.2	53	34
8859018413768	Banana crisps			551	3.1	52	36
8859022406077	Basil Seed			58	0.2	14.4	0
8859031910022	Beef Jerkey Pepper	Highlands	35	314.3	37.1	31.4	4.3
8859032700585	Falooda Drink			48.3	0	9	1.4
8859032700851	Coconut milk drink			58.6	0.3	9.3	2.1
8859032700868	Coconut milk drink			58.6	0.3	9.3	2.1
8859032701070	Basil seed drink with lychee			44.8	0	11.4	0
8859032705122	Strawberry drink			24.1	0.2	5.9	0
8859032705177	Basil & co			24.1	0.2	5.9	0
8859032707010	Boisson Mangue			57	0	14	0
8859032707034	Boisson letchi avec graines de chia			55	0	13.8	0
8859032709151	Boisson melon  avec Graines de Chia			51	0	12	0
8859032709168	Mangousta graines de chia			46	0	11.4	0
8859032709816	succo			307	0	32	3
8859034301100	Wilder Yuzu Eletrolyte	Wilder	10.9	229.4	0	55	0
8859034301308	Wilder Yuzu Eletrolyte	Wilder	10.9	229.4	0	55	0
8859047701881	PEA isolate protien	biovitt	40	400	77.5	12.5	3.8
8859060301006	Organic Tom Yum Spices			40	1	8	0
8859062580072	CoConut Pineapple Biscuits	Dolly’s	30	429	3.3	80	10
8859062580133	MiniGolden pineapple			430	6.7	77	10
8859062580171	Pandan cream cookies			503	6.7	67	23
8859062580195	Pandan Cream Cookies			503	7	67	23
8859062580201	Durian Cream cookies			503	6.7	67	23
8859067630093	Whole Wheat Bread	Le Petit Vendome	60	266.7	8.3	48.3	5
8859069900095	Coconut chips	King Power		120	1	10	8
8859069983302	クリスピーブラウニー	ブルーノスティック	60	570	6.7	53.3	36.7
8859073797698	Feuille de graviola			7	1	14.6	0
8859073798916	Sucre de fleur de Coco bio			408	1.8	96.6	1.5
8859076200058	NUUI Fiber Gold Food Supplement Product	NUUI World	17	352.9	0	94.1	0
8859078000946	Delalita	De La Lita	30	433.3	13.3	66.7	15
8859078001363	Everyday Whole Wheat Chips Sour Cream and Onion Flavour	De La Lita	30	433.3	13.3	66.7	13.3
8859084407012	Mixed Berry			400	60	8	8
8859096900471	Hey Pro! Protein Bar	Hey Pro!	35	485.7	34.3	34.3	25.7
8859096900518	Crunchy Strawberry			500	35.3	26.5	23.5
8859098701496	Noodle Tteokbokki With Cheese Sauce Sausage And Fish Cake	Happy Chef	200	150	6.5	19.5	5
8859098701656	Ramyeon Noodle With Chicken And Spicy Cream Sauce	Happy Chef Brand	210	181	7.1	23.3	6.7
8859098701663	Dosirak-Bulgogi Pork with Rice and Side Dishes	Happy Chef	260	142.3	6.9	24.2	1.9
8859098701694	หมูแดดเดียวทอด	Happy Chef	50	220	30	8	7
8859102003899	Freeze Dried Durian Monthong	Sriwanna Gold	24	416.7	8.3	83.3	6.2
8859102005541	Coconut chips			575	2.5	60	37.5
8859103301901	Süße Chilisauce für Huhn			121	0	30	0
8859103308573	Nước mắm			2.4	0.6	0	0
8859103308627	Nuoc mam			13.5	3.3	0	0
8859103401199	Dried Salted Barracuda	Nai Pramong	100	275	53.9	9	1.4
8859103404657	Mala Salmon Skins	Nai Praying	35	600	37.1	11.4	45.7
8859103404671	Crispy Salmon Skin Seaweed Flavour	Nai Pramong	35	601	41.4	4	45.4
8859108200063	Coconut Juice with Pulp	N.B. Value Link Co.- Ltd.	310	51.6	0	12.9	0
8859108200131	Basil seed drink with lime			53	0	10	0
8859108200162	Basil seed	Jus cool		62	0	12.4	1
8859108200407	Jus cool			53	0	13.3	0
8859108200766	Chia seed pêche			60	0.1	19	0
8859108260531	Coconut milk drink			49	0	6.2	2.7
8859108260555	Coconut Milkdrink with Banana			49	0.9	6.2	27
8859108260562	Coconut milk drink with Mango			49	0.9	6.2	2.7
8859108260883	Lait de coco	9 Elephants		131	1.2	0	13
8859119414626	Light Meat Shredded Tuna	Gold farm	40	200	12.5	0	17.5
8859119600029	This Juice			15	0	0.4	0
8859123414438	Meringue Ovaltine	Ovaltine	35	400	11.4	80	1.4
8859123416883	Ovaltine Molten Cake	EZY Sweet X Bow	70	314.3	5.7	37.1	15.7
8859123417057	Strawberry Whipped Cream Cake Crepe	Bow	75	226.7	2.7	30.7	10.7
88591285	Quorn Crispy nuggets	Quorn		190	9.4	17	8.3
8859128600690	Coconut Milk Drink Almond with nata de coco			52	0.3	7.6	2.1
8859129902533	Coconut Water	Nam Hom	473	130	0	32	0
8859155200016	Coc,eau			25.8	0	6.5	0
8859156000172	Sauce Yakitori			183	3.4	42.1	0.5
8859156000417	SushiGinger gingembre pour sushis en fines lamelles			10	0.1	1.8	0.5
8859156000622	Ponzu			0	4.6	0	0
8859166700086	Grilled Sweet Corn	ไพรซ์	20	450	5	75	12.5
8859173305830	Ashira by Sarach 35 g	Ashira by Sarach	30	366.7	1.7	86.7	1.7
8859174100106	Mae Napa Taro Purple Yam Chips			543	4.3	49	34
8859174100182	Stick rice and mango	Eat		202	2.5	39	4.1
8859174100267	Sticky Rice & Banana			246	3.7	45	5.5
8859174100779	Purple Sweet Potato Chips			474	1.9	63	22
8859174100885	Peanut Chips			544	8.4	52	34
8859177601266	Arare chan galletas de arroz			0.6	8.3	84.7	0.6
8859177601273	Galletas de arroz			377	8.3	84.7	0.6
8859177602591	Japanese Rice Cracker			381	8.1	85	0.6
8859179900947	Purple Sweet Potato Crisps	Ta-Kra	30	500	3.3	70	20
8859179901081	เมล็ดถั่วแระญี่ปุ่น	วีฟาร์ม	30	566.7	30	26.7	40
8859192500704	Tom Yum Crisp			543	14.3	46	34
8859192500711	Tom Yum Crisp			486	20	46	26
8859193530014	Pad Thai Kit			354	0.1	79.1	1.4
8859194200015	Bulk Deal 24 X Beanbag Roasted Edamame Sriracha 50G	Bean Bag		440	44	36	12
8859194206871	Almond Protein Powder Choco	Beanbag	35	371.4	77.1	11.4	0
8859194206888	Almond Protein Powder Strawberry	Beanbag	35	371.4	77.1	11.4	4.3
8859194207144	Naked Almond Protein Powder	Beanbag	35	371.4	77.1	8.6	4.3
8859200501679	CIVGIS有机中链脂肪	CIVGIS	8	72	0	0	8
8859202600134	Grillons rôtis - Saveur Original Thaï			467	53.3	13.3	23.3
8859202600141	Smile Bull Fried Acheta Hi So (fried Cricket BBQ Flavor) - 0.52oz	Smiley world		70	8	1	3.5
8859209800438	Тунец рубленый	Morrel		102	24.2	0	0.6
8859209801596	Филе тунца	ThaiBlue	112	132	24	0	0.5
8859219000279	Thaï cooking set			275	11.7	47.1	2
8859219000576	Thai Green Curry Set	Sutharos	42.5	376.5	4.7	42.4	21.2
8859220400556	Hojicha			0	0	6	0
8859220409566	PRO FIBER	ally	250	28	3.2	10.8	0
8859220412610	Plant Protein	Ally	57	245.6	43.9	22.8	7
8859232700453	Crispy Pork - Salted Egg Flavor	JP Porkhouse	20	450	65	15	12.5
8859237001128	Smoked barbecue			487	3.9	69.3	21.6
8859237001876	Casew Nuts Coated With Coconut Flakes	Cafe Amazon	20	550	15	45	35
8859240300126	Green Curry Paste	Mae Supen	100	60	2.3	12.2	0.2
8859240320247	ハイナンチーファンの素	業務スーパー	65	138.5	1.5	23.1	3.8
8859250331721	Tortillas chips nature			470	6.6	64	20
8859253100027	Brownie crackers	Brownie house	45	533.3	8.9	55.6	31.1
8859259300070	Soft dry Mango			110	0	26	0
8859268798998	Sardine In Tomato Sauce	U Chef	145	82.8	16.6	0	2.1
88592756	Digestive 33%Reduced fat	Gullón		447	6.5	72	14
8859289805026	GYOZA TORI			174	7.5	21.7	3.4
8859290401118	Honey Flavoured Bread Extra	Marunaka	70	371.4	7.1	47.1	17.1
8859295002075	Drinking Yoghurt	mMilk	180	50	2.8	6.1	1.4
8859297802307	Kornnikar Thewie Coffee Mix			467	5.1	56.6	22.8
8859313000434	Maiskolbe	My Foods		75	2.5	13	1
8859313500040	Beer Lao	Carlsberg	330	39.4	0.5	2.8	0
8859315530021	Crispy coconut rolls			100	4	15	4
8859324400179	Mangoo dry			350	0	15	0
8859332503756	Boisson fruit de la passion			160	0	41	0
8859342000085	Coconut chips			600	5	55	40
8859347700126	Organic RICEBERRY PUFFS			30	1	7	0
8859350300030	Tamarin RED CHICKEN			287	3.4	75	0.7
8859350300054	Tamarind			287	3.4	75	0.7
8859352503279	Boisson au litchi			22	0.1	5.2	0
8859352503286	Boisson goût pêche avec nata de coco			22	0.1	5.2	0
8859352503309	Good basil fraise			55.2	0	14.1	0
8859352503316	Boisson aux graines de basilic			160	0	41	0
8859352503354	Boisson aux graines de basilic			160	0	41	0
8859369814788	Sourdough Bread	White Story	55	236.4	9.1	47.3	0.9
8859381500102	Coco Milk Mango	Siams Royal	18	388.9	0	77.8	5.6
8859386700279	Sweet Chilli Sauce	Rytu Valgai		0	0	0	0
8859391820047	Ice Cream Melon Soda	Gari Gari Kun	65	61.5	0	15.4	0
8859394400291	เอ็กซ์ตรีมช็อกโกแลต กราโนล่าผสมควินัว	DAILY ME	35	514.3	14.3	62.9	22.9
8859405600016	Lait de coco			75	0	3.8	6.2
8859407602001	Protein Cocoa Cereal	OLY	35	371.4	37.1	48.6	2.9
8859407602049	High Protein Cereal Snack	OLY	35	385.7	31.4	51.4	4.3
8859408701277	Kikou-you			0	1	24	0
8859408701284	Kikou-you			105	1	21	0
8859408701291	Kikou-you			100	0	25	0
8859408701307	Kikouyou			105	1	26	0
8859408701338	Kikou-you			0	1	23	0.9
8859408701369	Kikou-you			96	1	23	0
8859408701383	Kikou-you			100	1	24	0
8859408701413	Kikou-you			105	1	26	0
8859408701420	Kikou-you			105	1	26	0
8859408701444	Kikou-you			105	1	23	0.9
8859408701451	Kikou-you			81	13	20	0.9
8859408701475	Kikou-you			105	2	25	0.3
8859408701581	Kikou-you			333	1.8	81	0
8859408701598	Kikouyou			347	3.8	83	0
8859408701642	Kikou-you			333	0	57	0
8859408702397	Roasted Thai Cashew	TanTan		553	12.8	46.7	38
8859411609157	Freeze-dried ice cream bites coconut			633	3	43	50
8859414002269	Olio di cocco vergine			862	0	0	0
8859414002610	Organic Virgin Avocado Oil	agrilife	15	826.7	0	0	93.3
8859417902108	Vanilla Flavor			120	30	0	0.5
8859430200069	Mangue deshydratée			320	1	20	0
8859430200694	Director Mango			343	2.2	81	1.1
8859446520038	Fit fest, thai crispy chilli	Drama Queen		25	0	1	1.5
8859448686015	Palmsocker	Krua		375	0	100	0
8859473101590	HIGH PROTEIN CORN	TOFUSAN	350	60	8.9	1.7	2
8859475201601	Tom Yum Noodles With Roasted Red Pork And Pork Wonton Without Soup	Chaixi Gold	240	166.7	7.5	22.9	5
8859475242444	Grilled Chicken With Jade Noodle	Chaixi Gold	215	153.5	8.8	21.4	3.7
8859479402912	Japanese matcha latte			110	4	25	0
8859488111188	Protein Shake Coffee Latte	HooRay	340	67.6	9.7	5	1
8859488111256	Protein Shake Honey	Hooray	340	55.9	8.8	4.7	0.1
8859488114011	Almond Your-gurt			120	4	3	8
8859488123044	นมเปรี้ยวโยเกิร์ตพร้อมดื่ม สูตรน้ำตาลน้อยกว่า กลิ่นลิ้นจี่	Yogen	210	47.6	1.4	10	0
8859491101275	Crispy Strawberry	Greenday	25	400	4	92	0
8859501300582	Gyoza	Oishi	100	167	7.3	23	4.6
8859501300650	Dumplings With Chicken	Oishi Gyoza	100	176	8.7	22	5.5
8859513600298	Vitamin gummy	MK	24	333.3	4.2	75	0
8859520302888	5 Mix Beans	KC	112	160.7	8.9	24.1	3.1
8859522806216	Chocolate Fudge Brownie	April’s Bakery	35	514.3	5.7	51.4	31.4
8859522806377	Rose feuilletine chocolate		30	566.7	6.7	56.7	36.7
8859522806483	Dubai Chewy Cookie	EZY Sweet X April’s Bakery	45	511.1	11.1	53.3	26.7
8859522806490	Red Velvet Brick Cake	April’s Bakery	42.5	423.5	4.7	47.1	23.5
8859522806544	Chocolate Brownie With Kunafa And Pistachio	EZYSweet X April’s Bakery	32.5	492.3	6.2	46.2	33.8
8859526803570	Spaghetti With Chicken Ball	King Chef	230	126.1	4.8	20.9	2.6
8859526810059	Korean Style Chicken And Rice	Big C	200	165	7	26	3.5
8859532700078	วุ้นเส้นเย็นตาโฟ [Only one image]	ท่าสยาม	49	326.5	2	67.3	5.1
8859534107219	Basil Seed Drink - Coktail Flavour	FBC		131	0	37.2	0
88595481	Bread			214	8.4	40	0.9
8859556700238	Coconut cream			262.5	2.8	6.5	25
8859556701600	Royal pearl canned tuna			280	15	0	24
8859556701709	Pinoy young green jackfruit in brine			28.6	2.1	5	0
8859557001648	a seasun 300 ml	a seasun	150	140	5	21	3.5
8859557001662	ออลซีซัน 300 ml	ออลซีซัน	150	86.7	3.3	12	3
8859557001822	ทรอปิคอลฟรุต	Tropical Fruit	180	88.9	3.3	12.2	2.8
8859559600276	Cha Cha Caramel sunflower seeds	Cha Cha	30	633.3	23.3	20	50
8859559601150	Sunflower Seeds	ChaCheer	30	586.7	26.1	3.9	52
8859566512036	Ultimate Whey Protein Superfoods+	Nolá Superfoods	40	375	62.5	25	3.8
8859568700240	Coconut Cream	Suree	165	204	0.8	3	21
8859568700400	Coconut cream			200	1.7	3.2	20
8859568700639	Coconut milk	Prao Hom		175	1.2	2.5	17.5
8859574800439	Chewy Tamarind Plum Flavor	Natcha	28	357.1	3.6	89.3	0
8859577501654	Fin ger root			2.4	0	4.7	0
8859580101643	Kojo Plant Based Protein	Kojo	35	371.4	71.4	17.1	2.9
8859580150405	Planted Based Protein Thai Tea Flavor	Alter	50	380	64	28	2
8859580900451	Pastry With Pork Floss	M&D	42	428.6	11.9	50	21.4
8859582200061	Rice Noodle, Big Type	Sentsod	50	120	0	28	0
8859582800308	Glutinous Rice	CHAAO	50	352	6.8	78	1
8859585800039	Less Fat Coconut Milk	Dee Thai	400	109	0.5	2.2	11
8859585800282	Sauce Aigre Douce			126	0	31	0
8859585800305	Sauce piment et ail	Dhee Thaï		115	0.7	27	0.5
8859590200022	Tapioca Perlen			5	0	0	0
8859601300505	Greek Yogurt and Probiotics Mixed Berries & Plum	THE CHEESE BARON	100	160	7	16	8
8859601603781	Mixed Nuts (Cashew, Almond, Brazil Nut, Hazelnuts, Pecan)	Nut Walker (Unsalted)	30	666.7	16.7	23.3	56.7
8859601605532	Almonds	Blue Diamond	30	159.3	23.3	16.7	56.7
8859601624335	Macadamias Double Honey Coated	Nut Walker	30	733.3	6.7	20	70
8859601628210	Roadted Almond	Heritage	30	633.3	20	20	53.3
8859609024168	Chili Pineapple			331	0	79	0
8859609055445	Bread crumb			360	0	88	0
8859609055650	Pan rallado para rebozar			360	0	88	0
8859609064409	Mango	Red A	50	356	1	0	0
88596112	Fagioli	Alce nero		80	5.3	11	0.6
8859623800274	Sours hi-chew	Morinaga		414	1.2	81.8	9.1
8859623800441	Fruit Combos	Hi-Chew	40	420.1	1.2	81.8	9
88596365	Bresaola della Valtellina I.G.P.	Beretta		165	34	0.5	3
8859636700134	Pâte de Tamarin			247	0.7	13	0
8859636810932	Pistachio Milk	Wholly Nuts	180	33.3	0.6	1.7	2.8
8859636811014	Almond milk A to Zinc			33.3	1.1	3.3	1.8
8859636811328	High Protein Almond Milk	137 Degrees	180	44.4	6.1	2.8	1.1
8859638500015	Stir Fried Chicken With Basil	Leanlicous	275	123.6	12.4	15.3	1.5
8859638500053	Stir Fried Chicken In New Orleans Sauce	Leanlicous	310	116.1	12.3	13.5	1.3
8859638500077	Stir Fried Chicken And Ginger	Leanlicous	300	110	14	11.7	1
8859638500091	Stir Fried Chicken And Rice	Leanlicious	290	120.7	11.7	14.5	1.7
8859638500107	Stir Fried Chicken And Yellow Curry Paste	Leanlicous	300	110	13.3	11.7	1
8859638500121	Stir Fried Chicken With Cashew Nuts	Leanlicous	305	118	11.1	13.8	2
88596433	Sirop d'orgeat	Casino		296	0	74	0
8859644900724	Tea	After You	220	20.5	0	5	0
8859645400049	Soy Milk	Tonyu	300	80	5	8	3
8859645400087	Hard Tofu	Momen Tofu	125	80	4.8	8	2.8
8859646801111	Grilled Tender Chicken	ไทสัน	200	72.5	18.3	3.7	6.3
8859647600034	Shrimp Heads Snack	Prinze	25	520	16	40	36
8859658834459	Tooth lollipop			378	0	99.6	0
8859667150212	Cream Cheese 25% Fat	Milk Pot	20	350	5	10	30
8859671501024	Frozen custard apple stick			90	2	21	0
8859671501079	Frozen Coconut Stick	Mai Mee Odd	80	150	1	22	6
8859671510019	Frozen Taro Pearls In Coconut Milk	Sweet Solution	160	216.9	2.6	29.9	9.6
8859683000515	Rice Noodle	King Elephant	50	360	6	80	1
8859690811487	Daifuku Chocolate Dubai Pistachio Dubai Flavor	DairyDough Brand	68	411.8	2.9	66.2	14.7
8859695600277	Complete Plant Protein Dutch Chocolate	Plantae	49	387.8	61.2	28.6	4.1
8859695600321	PROTEIN VANILLA	Plantaé	45	400	66.7	22.2	4.4
8859695600345	Complete plant  protein+collagen booster	Plantae	37	388.9	55.6	41.7	2.7
8859695657554	Complete Plant-Protein Original Thai Tea	Plantae x ChaTraMue	47	404.3	63.8	25.5	4.3
8859695677576	Plant Base Protein Belgian Chocolate	Plantae	27	407.4	59.3	22.2	7.4
8859695678351	Plant Protein Matcha Flavor	Plantaé	350	51	8.9	2.3	0.9
88597164	La barre proteinee			348	34	15.1	13.7
8859720800047	Dried Mango			360	2	86	0
8859728800056	Salted Tamarind	Kad Koloa	47	617	17	34	44.7
8859729300043	Crispy Chilli	Papa T	25	560	4	56	36
8859735600465	sardine			140	21	6	4
8859740800249	Chocolate Rice Snack	Nobi Nobi	20	450	5	80	12.5
8859742612086	Planted-based Protein Hokkaido Milk	Jil	40	400	65	27.5	3.8
8859745300140	Cracker Sandwich (strawberry)	Kid-O	17	500	7.1	62.9	24.7
8859745301963	Pancit Canton Original	Lucky Me	60	451	11	55	20
8859745302007	Pancit Canton	Lucky Me	60	456	11	56	20
8859753000254	Purple sweet Potato	Greenday Fusion	38	526.3	0	60.5	31.6
88597591	Mousse de foie aux cèpes	Saint Alby		407	10.2	5.3	38.4
8859771700136	イカスナック	タイ🇹🇭のスーパー	30	433.3	6.7	76.7	8.3
8859773101412	Chocolate Nougat Crisp	Nougatto	50	440	6	70	16
8859800500379	Korean Fried Chicken (Soy Garlic)	Coook	195	217.4	11.2	19.9	10.4
8859807800021	Honey Milk Whey Isolate	Supa Duck	40	425	67.5	22.5	7.5
8859811500641	Doriyaki Cream Chocolate And Kunafa Pistachio	Tokachi	60	333.3	6.7	41.7	16.7
8859813600165	Mango Juice	Kin Dee	240	45.8	0	11.7	0
8859813600301	Smoking SAMBAL Sweet Chili Sauce	Kin DEE	16.5	181.8	0	42.4	0
8859814400399	Whey Protein Isolate Crunchy Cookies And Cream	Norde	40	400	72.5	15	5
8859817000015	Boat Noodle (Soup Only)	Torpak	150	176	7.3	30	2.9
8859817600017	หนังไก่กรอบ รสวิงซ์แซ่บ	Momin	33	545.5	21.2	36.4	36.4
8859821700024	บะหมี่ข้าวออร์แกนิคกึ่งสำเร็จรูป รสทงคตสึ	Perfrct Earth Good Ramen	80	375	6.2	76.2	5
8859833200147	Clear Protein Kyoho Grape	moove	200	30	7	0	0
8859838621114	Egg White Protein + L-Carnitine (Blue Paradise)	Eggy	30	366.7	76.7	16.7	0
8859839700535	Lemon Tea Protein Powder	Planto Monster	30	400	83.3	13.3	0
8859841907045	Mango On A Stick	Authentic Asia	80	165	1.1	23.8	7
8859850700323	Chocolate flour drink- Hersheys	นิชชี่	250	88	2	12	3.6
8859880700003	Soy Milk	nobo	200	58	4.2	5.2	2.2
8859880700027	Soy Milk	nobo	180	57.8	4.2	5.2	2.2
8859880700034	Almond Soy Milk	Nobo	180	65	4.2	5.8	2.7
8859881300516	Agua de Chía Mango	Delicce Foods	290	24	0	6	0
8859892400045	Protein Crunch	Proove	35	428.6	60	20	12.9
8859922700138	Chocolate Whey Protein	Rocketeer	43	372.1	69.8	16.3	2.3
8859922700152	Whey Protein Isolate Thai Tea	Rocketeer	37	378.4	75.7	13.5	2.7
8888077130101	COCOA BISCUIT STICKS WITH CRISPY COCOA & VANILLA FLAVOURED FILLING	meiji	44	531.8	8	58.9	29.3
8906076133104	Chapati zero maida	the Baker's Dozen	60	236	7	49	1
8906078784038	HARVESTY 220 g	HARVESTY	220	140	2	23	4.5
8934841862119	Fristi Hương Dâu	fristi	30	60	0.7	12	0.7
8991001113047	Yoghurt Berry Infused In White Chocolate And Wafer	Delfi	35	542.9	8.6	57.1	31.4
9415007060208	Anlene Protein Plus Lactose Free Brown Rice	Anlene	340	50	8.8	2.1	0.7
9555195302411	Frozen Mixed Berries	Foodcraft	150	46.7	0.7	10.7	0
9555480007304	Mybuscit digestive	MyBiscuit	15	466.7	6.7	66.7	20
9556892309925	Collagen Powder	Luxe Pure Collagen	10	290	20	43	1
9900000064600	Crispy Squid	S&P Brand	15	400	46.7	40	3.3
9948917311899	Isobolic Whey	Addict Sport Nutrition	30	363.3	84.9	3	1.2
00395496	all butter cookies with pistachio nuts and almonds	M&S FOOD	25				
8437011503336	Mini Plain Flour Wraps (Delisun Brand)	Deli Sun	25				
8850389121153	mogu-mogu	Mogu mogu					
8853662056326	Sweet chili sauce	flying goose brand	100				
8852756346053	Corn Flakes	Kellogg's	30				
8850124003850	Nestle Pure Life	Nestlé	600				
8850358373101	Rolled oats	Mcgarrett	36				
8851959143018	Coca-Cola	Coca-Cola					
9556085302757	Cream Crackers	HUP SENG	30				
0058449777007	Optimum Power Blueberry Cinnamon Flax	Nature's Path Organic	55				
8850227029665	lait de coco allégé	mania					
8857122668418	100% Coconut Water	บี	260				
8859473101309	High Protein Lactose Free Milk Chocolate	Sunshine Dairy	340				
8850124065407	แม็กกี้ เจ ซอสใช้เหยาะหรือจิ้ม	แม็กกี้	5				
8851952350147	To be deleted	Crystal					
8852021217842	OMAR						
8850632105039	ลูกอมผสมเกลือกลิ่นมะนาวสอดไส้วิตามินซี	ฮาร์ทบีท	4				
8851004454212	Karamucho 86 g	Karamucho	22				
8859473100616	นมถั่วเหลืองโทฟุซัง สูตรหวานน้อย	โทฟุซัง	180				
8859488111102	Protein shake	HooRay!	340				
8935001725480	Chupa​ Chups Sour Bites						
8850124080592	COFFEE MATE	Nestle					
8850154051043	น้ำมันถั่วเหลือง	มรกต	15				
8850157104777	jele 150 g	jele	150				
8850267900153	Lactasoy unsweetened	lactasoy	300				
8850329102112	Pasteurized Milk	Meiji	200				
8850987362231	Bissin บัตเตอร์โคโคนัต บิสกิต	Bissin	35				
8850999016863	singha lemon soda zero sugar	สิงห์	330				
8851028000501	ไวตามิลค์โลชูการ์	ไวตามิ้ลค์	250				
8851028004066	วีซอยรสจืด	วี-ซอย	230				
8851351381797	RICEBERRY MIXED JASMINE RICE	EZYGOOD	150				
8851351903388	แพนเบรดไส้ถั่วไข่เค็ม	เลอแปง	80				
8851494007523	น้ำมันปาล์ม	เกสร	15				
8851952350161	Eau	Crystal					
8859473100982	High Protein Complete Plant Protein Chocolate & Cacao	Tofusan	350				
4901360314966	Vanilla White Chocolate	ブルボン	55				
5410126306286	Biscoff Caramelised Biscuit 25 Pieces	Lotus	6.2				
6410107200410	tuttiFrutti	Red Band					
8850124003829	Agua	Nestlé					
8850124012869	Coffee 3 In 1 Espresso Roast	Nescafé	15.1				
8850124065414	Maggi Soy Bean Dipping Sauce Size 200 ML.	Nestlé	5				
8850157104746	Jele Beauty Grape Flavour	Jele beautie	150				
8850157519694	Bakery House 60 g	Bakery House	30				
8850189061567	FLOWER FOOD 35 g	FLOWER FOOD	35				
8850343000968	มัสตาร์ด	Heinz	255				
8850389210628	Mogu Mogu coconut	Mogu Mogu					
8850393801898	ชาหมัก คอมบูชะ รสออริจินัล	บีทาเก้น	335				
8850545777552	Sauce de poisson nuoc mam	tiparos	15				
8850653192797	Seaweed Chicken Roll	CP	90				
8850718801473	Lays Original flavor	Lays	30				
8850718820672	ข้าวโพดอบกรอบ พัฟ รสชีสซี่ ชีส	ชีโตส	30				
8851004451204	Karamucho 40 g	Karamucho	20				
8851019010212	Pocky blueberry	Pocky					
8851351385870	Wide Rice Noodles with Tender Pork in Gravy Sauce EZYGO Brand	Ezygo	395				
8851351633766	ขนมปังไส้สังขยาใบเตย	EzyBake	75				
8851886023643	Whole Wheat Sliced Bread	We are Fresh	50				
8852756303056	Kelloggs Corn Flakes E-1B	Kellogg's	30				
8852756304299	Special K	Kellogg's					
8858135040086	Sriracha chilli sauce	Real Thai					
8859473101392	Black & White Sesame High Protein	TOFUSAN	350				
8859578604989	Play more 22 g	Play more	6				
9555805800337	Granola Deluxe Nuts	Kellogs	45				
0021000054961	Mexican Style Four Cheese	Kraft	28				
00603898	Thai Lime & Chili Cashews	Trader Joe's	30				
20000024	Turtle 245 g	Turtle	245				
3092718633172	Teisseire Menthe verte 0	Teisseire	200				
4046234767476	Tchibo Gold selection	Tchibo					
6922877791727	Super Chunk Peanut Butter	Skippy	15				
8850035310221	ปลาแมคเคอเรลในซอสมะเขือเทศ	นกพิราบ	155				
8850038400035	Oyster Sauce	Mae Krua	15				
8850051006207	Drinking Water - Butterbear Collab	7-Eleven	600				
8850096818506	Almond Breeze Original Almond Milk	Blue Diamond	180				
8850119266673	Madis						
8850123110108	Sliced bread	ฟาร์มเฮ้าส์	48				
8850123110146	ขนมปังตัดขอบ	ฟาร์มเฮ้าส์	55				
8850123110436	ขนมปังโฮลวีต	ฟาร์มเฮ้าส์	50				
8850124022981	Nescafé 90 g	Nescafé					
8850124025708	Coffee mate	Nestlé					
8850124065421	แม็กกี้ 680 ml	แม็กกี้	15				
8850127003499	เนสวีต้าสูตรดั้งเดิม	Nestlé	25				
8850157110211	Jele Chewy	Jele Chewy	150				
8850188250108	Foremost 225ml.	Foremost	225				
8850228003022	KratingDaeng 145 ml	KratingDaeng	145				
8850250007838	บะหมี่กึ่งสำเร็จรูป รสต้มยำกุ้งน้ำข้น - 60 g	Yumyum	60				
8850250008125	ยำยำช้างน้อยรบข้าวโพด		20				
8850250014034	Birdy Robusta Zero	Ajinomoto	180				
8850291103544	Party snack	Tong Garden					
8850309011205	lausane						
8850329120116	นมรสจืด	เมจิ	200				
8850338005527	Clorets 25.2 g	Clorets	5.6				
8850358373309	Rolled Outs	Mcgarrett	40				
8850387013818	ครีโม 60 g	ครีโม	60				
8850389300084	เพรียวคอฟฟี่	เพรียว	12				
8850412374167	Tomato Flavoured Cracker	เอฟ เอฟ	29				
8850487037158	dipping foor chicken 390g	MAEPRANOM	30				
8850511121020	ไฮคิว 155g	ไฮคิว	77				
8850718812967	โดริโทสรสนาโชชีส	โดริโทส	30				
8850718813919	เลย์ รสพิซซ่า คั่วกลิ้ง	Lay's	30				
8850718813964	เลย์ รสแสร้งว่ากุ้ง	เลย์	30				
8850718822423	เลย์ 44 g	เลย์					
8850773510471	น้ำมะเขือเทศ 99% สูตรโซเดียมต่ำ ตราดอยคำ - 200มล	ดอยคำ	200				
8850813403022	วี-ฟิทธัญญาหาร 5 ชนิด	วี-ฟิท	250				
8850987101014	Mama Pork flavored instant noodle	mama	60				
8850987101489	mama 60g	mama	60				
8850987148200	Oriental Kitchen Instant Noodles Hot Korean Flavour	Mama	85				
8850987148798	MAMA OK 80 g	MAMA OK	80				
8850999008110	น้ำโซดา	ลีโอ	325				
8850999021201	เลมอนโซดา	Singha	330				
8850999321004	น้ำดื่มสิงห์	NSF					
8851004811183	DOZO 56 g	DOZO	28				
8851019001784	Pocky Durian Flavour	Glico	25				
8851123119238	ลูกอมผสมวิตามินซี	Botan	5				
8851351132283	เบอร์เกอร์ ข้าวกล้องไก่แซ่บ	7fresh	156				
8851351801271	Shredded Pork Mayonnaise & Tuna Mayonnaise Double Pocket Sandwich	Le Pan	50				
8851351801417	ดับเบิ้ลแวนดืวิชกระเป๋า ไส้แฮมมายองเนส และไส้หมูหยองน้ำพริกเผา	Lepan	50				
8851381201751	Кокосовый крем для готовки	Kati					
8851717200670	ดีน่าสูตรงาดำสองเท่า	ดัชมิลล์	180				
8851717906305	Chocolate Whey Protein Shake	Dutch mill	350				
8851753098804	Moccona 18 g	Moccona	18				
8851919630046	เซซามิซอยสูตรหวานน้อย	BSC	180				
8851932123143	ไอศครีมแพดเดิลป๊อปร็อกเก็ตเจลลี่	วอลล์	48				
8851954101211	ซอสฝาเขียว						
8851954106360	โกลเด้นม์เมาน์เทน 900 g	โกลเด้นม์เมาน์เทน	20				
8851994513012	Chang	Cosmos	320				
8852021300001	ทูน่าสลัดในมายองเนสไขมันต่ำ	ซีเล็ค	92				
8852023008226	ถั่วลันเตาอบกรอบ ตราโก๋แก่	โก๋แก่	35				
8852023667027	ถั่วเขียวโรยเกลือ	โก๋แก่	42				
8852023668611	ถั่วปากอ้า อบเกลือ	Koh-Kae	30				
8852024036105	Riz long de luxe	Ko-Ko	50				
8852043005465	โบโลญ่าหมูพริกไทยสด	เบทาโกร	55				
8852044266490	Taro Roll	TARO	13				
8852047232195	โยโย 20 g	โยโย	20				
8852052130509	อาร์เซนอล บัตเตอร์ คุกกี้	อาร์เซนอล	30				
8852098702654	ขนมข้าวหอมมะลิอบกรอบ รสคอร์นชีส	ชินมัย	25				
8852537011217	นมจืด	ไทย-เดนมาร์ค	250				
8852756707540	Kellogg's Banana Corn Flakes	เคลล็อกส์	27				
8852966000066	นีโอพิซซ่า บาร์บีคิว	นีโอพิซซ่า	100				
8853333018165	Coconut water	Malee	350				
8853474046355	ไส้กรอกค๊อกเทลรมควันหนังกรอบ - 160 g	My choice	53				
8853662060811	sriracha mayonnaise						
8854570000012	น้ำตาล ษฏา	SADA	4				
8854649001018	เปเล่ 150 g	เปเล่	30				
8855416300761	ขนมปังแผ่น	เอพลัส	38				
8857122646645	7-Eleven 110 g	7-Eleven	110				
8857127875019	ก๋วยจั๊บอุบล 100 g	ก๋วยจั๊บอุบล	100				
8858684509485	อีซี่ช้อยส์ ข้าวหมูทอดกระเทียม	Ezy Choice	300				
8858684522804	EZYGO	EZYGO	200				
8858702402385	Taokaenoi Seaweed Big Sheet Classic 40G.	เถ้าแก่น้อย	28.8				
8858705600191	MILO 115 ml	MILO	115				
8858754200809	Organic Aromatic Coconut						
8858894105040	ขนมปังธัญพืชสูตรโซเดียมต่ำ	คิวบิก	55				
8858984837240	Vegan Tenders Southern Fried Chicken Style	Field Good					
8858998581566	PEPSI 325 ml	PEPSI	325				
8858998584086	oolong tew	Tea+	200				
8858998587216	Strawberry flavored (No Sugar)	Gatorade	500				
8859112600019	Itoen green tea	Ito en	500				
8859220494555	Plant Protein	Ally	350				
8859473100517	นมถั่วเหลือง สูตรหวานน้อย	โทฟุซัง	230				
8859568700097	Coconut milk	Suree					
8886467100253	มันฝรั่งแผ่นทอดกรอบ รสซาวครีมและหัวหอม	พริงเกิลส์	25				
8934804041520	Nescafe Dolce Gusto Cafe Au Lait	Nescafe Dolce Gusto					
8991001400291	Van Houten 350 g	Van Houten	3.8				
8993175559614	นาบาร์ตี้ 75 g	นาบาร์ตี้	65				
9415007301578	[Only one image]						
9556174814147	Instant Oatmeal	Quaker	55				
0041790001501	Bertolli Classic Olive Oil - Wild taste	เบอร์ทอลลี	15				
0074880061710	Curry sauce with vegetables	S&B	210				
18507188	3 in 1 Salmon Chili Lime Flavor	Lay's					
18582238	VFOODS 400 g	VFOODS	31				
20000032	TURTLE 245 g	TURTLE	245				
4902777026107	Meiji milk chocolate	Meiji	4.7				
4902888256219	Morinaga	Morinaga	3.9				
5010153872244	גובלין רובי						
5010482869960	Sesame Chicken Strips	TGI FRIDAYS					
5449000241528	lemon lime and cucumber	Sprite					
5941021015596	Heidi 80 g	Heidi	40				
6125621037885	Céréal Bio	Céréal Bio					
6901845045642	Glico 42 g	Glico	42				
6939112648265	เห็ดเยื่อไผ่แห้ง		100				
7610700922217	ริโคลา ออริจินอล	Ricola					
7610700948439	Ricola 40 g	Ricola					
7622210541956	Mondelēz International 40.8 g	Mondelēz International	20.4				
8000500180723	Ferrero Collection	Ferrero Rocher	37				
8001200139103	Linguine n. 10	Agnesi					
8691216092532	Haribo Happy Cola Zourr	Haribo	30				
8801019300981	Saltine crackers	HAITAI	20				
8801019606540	Honey butter chips		60				
8850038400028	Maekrua	Maekrua					
8850043405018	ถั่วเขาช่อง 30 g	ถั่วเขาช่อง	30				
8850045171959	น้ำเต้าหู้กลิ่นเมลอน	ชินโป	200				
8850086141805	ovaltine 170 ml	ovaltine	170				
8850088101203	คั่วกลิ้งหอยลาย	Pompui	40				
8850092810245	ไอวี่ 500 ml	ไอวี่	500				
8850096870092	Salted Almonds	Blue diamond	30				
8850114402007	น้ำปลาแท้	คนแบกกุ้ง	15				
8850122401085	มังกรคู่เรดดี้ 95 g	มังกรคู่เรดดี้	95				
8850122801038	มังกรคู่ 55 g	มังกรคู่	55				
8850123110115	Sliced Bread	ฟาร์มเฮ้าส์	48				
8850123110443	ขนมปัง ฟาร์มเฮ้าส์	ฟาร์มเฮ้าส์	50				
8850123111006	Royal  Bread	Farmhouse	55				
8850123120565	ขนมปังไส้สังขยามะพร้าว	ฟาร์มเฮ้าส์					
8850123123511	ขนมปังฮอตดอกไส้ โอวันตินครันชี่	ฟาร์มเฮ้าส์	70				
8850123150524	Donut Cake	Farmhouse	60				
8850123395611	Farmhouse 55 g	Farmhouse	55				
8850125081925	เนสวีต้าน้ำเต้าหู้ผสมเมล็ดเชีย	Nestlé	23				
8850125091535	เนสเล่ 180 ml	เนสเล่	180				
8850125091641	กาแฟสำเร็จรูป	NESCAFÉ	12.2				
8850125097773	Nestlé 60g	Nestlé	60				
8850127009095	Nescafé Protect ProSlim	Nescafé					
8850144059097	Tom Yum Soup Cube	Knorr					
8850144202318	Mayo!	Best Foods					
8850157108287	jele beautie 140 g	jele beautie	140				
8850188211307	2900207 โฟโมสโอช็อก110						
8850206112029	Chilli Sauce	Healthy Boy Brand					
8850206212507	Seasoning Sauce (Green Cap)	เด็กสมบูรณ์	100				
8850206250776	Healty fit	เด็กสมบูรณ์	17				
8850210000039	น้ำมันถั่วเหลือง	องุ่น	15				
8850225504089	วิเสท 200 g	วิเสท					
8850227033952	ThaiCoco	ThaiCoco	80				
8850228004296	เมล็ดทานตะวันอบกรอบ รสคอร์นชีส	ซันสแนค	25				
8850229102014	TUNA STEAK IN SPRING WATER	nautilus	55				
8850250000495	Birdy black	เบอร์ดี้	180				
8850250003977	อออ						
8850250014645	yumyum 75 g	yumyum	75				
8850250014959	Ajinomoto 63 g	Ajinomoto	63				
8850291103421	ทองการ์เด้น 80 g	ทองการ์เด้น	30				
8850291105531	สาหร่ายอบกรอบผสมอัลมอนด์สไลด์รสดั้งเดิม	Noi	40				
8850291108518	Creamy Peanutbutter	Tong Garden	30				
8850291111723	Tong Garden ถั่วลันเตาวาซาบิ						
8850305310784	ลูกอมรสบ๊วย	อมีร่า	5				
8850329101207	HIGH PROTEIN	meiji	350				
8850329102525	Chocolate Milk	meiji milk					
8850329134007	Meiji No. 1 3.7% fat Fresh Milk	Meiji	236				
8850329145119	น้ำนมโค 100%	meiji	450				
8850329183111	นมสด	เมจิ	200				
8850332102086	Cheddar Cheese Slices	DAIRYGOLD	36				
8850338009839	Halls XS Watermelon Flavored Sugar Free Candy						
8850344004903	Crying Thaiger	Suree Interfoods	26				
8850367992102	Premium Coconut Cream	TCC	80				
8850389113257	mongu mongu	Mogu Mogu	320				
8850389118849	บลู 500 ml	บลู	500				
8850389119969	SAPPE	SAPPE	100				
8850389201077	ปลาย่างอบกรอบ รสต้นตำหรับ - 30 g	Zea Max	30				
8850393800426	บีทาเก้น 140 ml	บีทาเก้น	140				
8850468208850	ปลาแมคเคอเรลในซอสมะเขือเทศ	ซีเล็ค	85				
8850511121266	โรซ่า 155g	โรซ่า	85				
8850511221843	แกงเขียวหวานปลาทูน่า	โรซ่า	105				
8850511321147	Ketchup	โรซ่า	15				
8850534122288	Plum sauce						
8850539180276	Baked beans	Maesri	36				
8850545311114	น้ำปลาแท้	ทิพรส	15				
8850554565386	ข้าวกะเพราไก่ ตราอีซี่ช้อยส์	EzyChoice	220				
8850653192346	สปาเก็ตตี้ไวท์ซอส ตราอีซี่ชอยส์	Ezychoice	170				
8850653207682	ไข่ต้มสมุนไพร	CP	40				
8850653793987	Chick Finger Hot & Spicy Flavour [Only one image]	CP	90				
8850718710775	เลย์รสโนริสาหร่ายซ่อนชิ้นเผ็ดซี๊ด	เลย์	30				
8850718801213	Potetgull salt	Lay's	30				
8850718801671	Sweet basil	Lay's	30				
8850718813995	เลย์ รสชีสอบน้ำพริกมะขาม	Lay's	30				
8850718814329	เลย์ รสสาหร่ายซอสเกาหลี	เลย์	30				
8850718816712	ซันไบทร์ 86 g	ซันไบทร์	30				
8850773510051	น้ำฝรั่ง	ดอยคำ	200				
8850773511966	ดอยคำ	ดอยคำ	200				
8850773620064	doi kham brand						
8850773660091	ดอยคำ	ดอยคำ	30				
8850813402025	วี-ฟิทงาดำ	วี-ฟิท	250				
8850987128073	บะหมี่ถ้วยกึ่งสำเร็จรูป รสหมูน้ำตก	มาม่า	60				
8850987131240	Oriental Style Instant Noodles Kimchi Flavour	mama	90				
8850987151835	MAMA 1pcs	MAMA					
8850987194375	MAMA 85 g	MAMA	85				
8850999001463	เพอร่า						
8850999141008	leo beer	Leo	630				
8851004203056	Crispy Snacks Chocolate Coated	แคมปัส	12				
8851012010004	นมสเตอริไลส์ ตราหมี	Nestlé	140				
8851012011315	Condensed milk	Carnation					
8851016000032	calbee 32 g	calbee	32				
8851019000459	Almond koka	Gulico	180				
8851019005850	Summer paradise		29				
8851019010045	pocky almond taste	กูลิโกะ	43				
8851019010304	ป๊อกกี้	Glico					
8851019062020	Estevia stevia syrup	Estevia	4				
8851019510132	Pocky	Glico					
8851028000310	V-Soy Soyabean mik	v soy					
8851028002123	vitamilk 180 ml	vitamilk	180				
8851028004417	ไวตามิ้ลค์อัลมอนด์โอ๊ต	ไวตามิ้ลค์	230				
8851028004554	ไวตามิลค์ แชมป์ สูตร ออริจินัล	ไวตามิ้ลค์	180				
8851262054018	Yoghurt Natural Flavour Low Fat Set Yoghurt with LIVE ACTIVE LACTIC ACID BACTERIA CULTURE	Yolida	150				
8851351081109	วีจีโฟร์เลิฟ 140 g	วีจีโฟร์เลิฟ	140				
8851351381346	Grilled Salmon w Salt Onigiri	Ezygo	100				
8851351383807	โรลหมูทงคัตสึ	7เฟรช	107				
8851351750531	พายไส้สับปะรด	EZY BAKE					
8851351902800	โดนัท ไส้ช็อกโกแลต เลอแปง	เลอแปง	70				
8851351903647	EZY BAKE 75 g	EZY BAKE	75				
8851351910980	ซีพีแรม 85 g	ซีพีแรม	55				
8851351921214	Laopb	Laopb	60				
8851397136832	Little Koala ลิตเติ้ลโคอะล่า บิสกิตสอดไส้ กลิ่นช็อกโกแลต	Little World	25				
8851397136849	Coconut Jam (Pineapple Jam Sandwich Cocunut Biscuits	Little  World	32				
8851530132004	Mineral water	mont fleur					
8851583003726	เห็ดหอมใหญ่	เกษตร	40				
8851717030130	DUTCH MILL STRAWBERRY	ดัชมิลล์	150				
8851717060076	ดัชมิลล์ 200 ml	ดัชมิลล์	200				
8851717060601	Selected pasteurized low fat milk	Dutch Mill	200				
8851717904332	มอคค่า	Arabus	200				
8851717909542	Dna Plant Protein	Dutchmill	340				
8851717909986	Low Fat Pasteurized Milk Product Thai Tea Flavored Whey Plus Formula	Dutch Mill	350				
8851717910111	ดัชชี่ None	ดัชชี่	150				
8851753099788	มอคโคน่า ทรีโอ โกลด์	Moccona	20				
8851785230500	คอริฟิน-ซี รสคลาสสิค	คอริฟิน-ซี	5				
8851826585781	โจ๊กข้าวกล้องหอมมะลิ	ลูกเต๋า	40				
8851826601115	ตราอะยัม 78 g	ตราอะยัม	78				
8851826601214	ปลากระป๋อง ตราอะยัม	อะยัม	77				
8851876004751	mama 35 g	mama	35				
8851886019745	Sun merry 59 g	Sun merry	25				
8851886023179	วี อาร์ เฟรช 250 g	วี อาร์ เฟรช	50				
8851932123082	ไอศครีมรสช็อกโกแลตชิป	วอลล์	80				
8851932143677	Vaseline						
8851932348126	ไอศครีม กลิ่นวานิลลา	wall's	80				
8851954113672	ซอสพริกศรีราชา(เผ็ดกลาง)	ศรีราชาพานิช	17				
8851959003701	Schweppes blueberry lemon soda	schweppes	330				
8851959132180	น้ำเขียว	Fanta	325				
8851959132661	Dry Ginger Ale	Schweppes	330				
8851959140949	พัลพิ	มินิทเมด	290				
8852008300000	Lotte Koala Chocolate Filled Biscuit	LOTTE	37				
8852008304879	Biscuits au goût de lait	Lotte	33				
8852021707459	ซีเล็คฟิตทูน่าสเต็กในน้ำแร่	Sealect	55				
8852022032567	Kewpie Sesam Dressing, 1000ML, Roasted Sesame, Japanisch, Sushi	KEWPIE	30				
8852022032598	Japanese Dressing Sesame Soy	Kewpie	30				
8852022150087	Egg White Beans & Grains Salad	kewpie	110				
8852023664323	ถั่วลิสงฝักอบกรอบชนิดเค็ม	โก๋แก่	45				
8852023665887	Koh-kae						
8852023670430	ถั่วเขียวอบกรอบรสบาร์บิคิว	โก๋แก่	40				
8852052110600	Prawn Crackers	Hanami					
8852052220200	สแน็ค แจ็ค 30 g	สแน็ค แจ็ค	30				
8852111006011	TON BUCATI in ulei vegetal	Home Garden					
8852116020920	Riz Parfum au Jasmin de Thailand	Caprice					
8852528004211	NISSIN 71g	NISSIN	71				
8852537012214	ไทย-เดนมาร์ค 250 ml	ไทย-เดนมาร์ค	250				
8852612000044	ROYAL-D 25g/sachet	ROYAL-D					
8852612000099	ส่วนประกอบ 100 ซม urch 40 n kbench 2.0 Duromauf sk						
8852671005615	Maïs Doux Emporium						
8852695303483	ครองแครงกรอบ	MR.CHU	30				
8852756323108	Chocos	Kelloggs	30				
8853002080042	ดีน่า 110 ml	ดีน่า	110				
8853002307323	นมรสกาแฟ ตราดัชมิลล์ซีเล็คเต็ด	ดัชมิลล์	225				
8853282000846	Granovibes 350g	Granovibes	35				
8853282002710	Granola Mocha	A-grains	38				
8853333004953	Malee 200 ml	Malee	200				
8853333010015	Malee Apple	Malee					
8853477002211	ทุเรียนทอด	DuriO	30				
8853544000027	ตรานกข้าวโลก 1000 g	ตรานกข้าวโลก	15				
8853662040868	sriracha hot chili sauce	Exotic Food					
8854575002325	Thai tea almond milk	Ranong	20				
8854604201088	FLYING DRAGON STICK						
8854698009751	Green Tea Genmai Flavour	โออิชิ	190				
8854761000951	Oat Milk	good mate	200				
8854761002047	น้ำมะพร้าวผสมน้ำนม	チャバ	100				
8855199145726	น้ำทิพย์						
8855815000088	เต้าหู้ถั่วเหลือง	แม่บ้าน	220				
8856628200146	Thai Hones						
8856977004747	ซองเดอร์ ฟู๊ดฟิต กราโนล่าบาร์ รสสตรอว์เบอร์รี่ชีสเค้ก สูตรน้ำตาลน้อยกว่า	FoodFitt	15				
8857072000429	Rice drink	ฟอร์แคร์	180				
8857104140963	เต้าหู้ไข่ไก่	ห้าดาว	130				
8857122646225	ปาร์ตี้สลัด	7-11	114				
8857123447029	นมอัดเม็ดรสหวาน ตราพลายแก้ว	พลายแก้ว	6				
8857125593984	LIL Sheep 40 g	LIL Sheep					
8857126306286	Protein poder	Maxtach	40				
8857200498135	YAY	YAY	250				
8858684502585	โบโลน่าไก่ผสมอกไก่ รสพริกสด	ซีพี	130				
8858684516919	SPICY 120 g	SPICY	60				
8858684518739	Penne bolognese sauce with minced beef	CP	205				
8858684519729	Sliced Garlic & Pepper Chicken Breast	ซีพี	80				
8858684523504	Minced Pork Fluffy Omelette (CP Brand)	ซีพี	100				
8858702420464	Roasted Seaweed	Taokaenoi	13.5				
8858702425315	My Whey Thai Tea flavored	MyWhey	49				
8858702434010	Big sheet corn soup						
8858705602379	Bear Brand Honey Milk	ตราหมี	170				
8858820100347	Tofusan Soymilk 2% Sugar	Tofusan	320				
8858820100811	ซอยป๊อป	soy pop	215				
8858826200317	มันฝรั่งบดอบชีส	รีโอส์ เดลิ	100				
8858829608004	ปลาซาร์ดีนในซอสมะเขือเทศ	ซื่อสัตย์	77				
8858842028711	海福盛	海福盛					
8858867800989	EZY TASTE 109 g	EZY TASTE	109				
8858867801146	EZY TASTE 105 g	EZY TASTE	105				
8858867820888	Sausage Cheese Sandwich	EZY TASTE	87				
8858891308697	shizuoka 440 ml	shizuoka	440				
8858893923355	Tesco 100g	Tesco	33				
8858994000306	Honey drink	Honey drink	380				
8858998583157	7-up 1.45 L	7-up	200				
8858998583416	7-up 325 ml	7-up	325				
8858998586349	เป๊ปซี่	เป๊ปซี่	200				
8858998587056	เกเตอเรดเครื่องดื่มเกลือแร่กลิ่นบลูบลาส	เกเตอเรด	500				
8859015700922	INNOCOCO						
8859015703152	Coconut Watee	if Local Sensation Brand	240				
8859049300488	ซูเปอร์เฟรช 150 g	ซูเปอร์เฟรช	150				
8859077810119	Double C 160 ml	Double C	160				
8859102130038	Khao Shong 56 g	Khao Shong	14				
8859112600064	Jasmine Green Tea Unsweetened	ITO EN	500				
8859295000323	นมไม่มีแลคโตส กลิ่นซากุระ	เอ็มมิลค์	200				
8859295000576	ผลิดภัณฑ์นมพาสเจอไรส์ ปราศจากน้ำตาลแลคโตส ไขมัน 0% - 430 ml	mMilk	200				
8859296300361	Sugar	Lin	4				
8859389701082	Cundo 26 g	Cundo	26				
8859389702140	คุนโดะ 26 g	คุนโดะ	26				
8859389703550	A-LIU BRAND 18 g	A-LIU BRAND					
8859473101033	แฮปอะกู้ดซอย 250 ml	แฮปอะกู้ดซอย	250				
8859473101422	High Protein Lactose Free Milk Strawberry	Sunshine Dairy	340				
8859488112123	Coffee Protein - Latte	Hooray	230				
8859501320085	แซนวิชทูน่าสเปรด	โออิชิ	79				
8859526805222	กิมจิผักกาดขาว	King Chef	100				
8859544300204	ฟาร์มอร่อย 100 g	ฟาร์มอร่อย	100				
8859559600436	ชาช่า	ชาช่า	20				
8859578609083	Playmore 22 g	Playmore	6				
8859636810093	น้ำนมอัลมอนด์ ผสมเมล็ดทานตะวัน	Wholly Nuts	180				
8859695600130	Planta Plant Protein	Protein	350				
8859827600168	Ovaltine pearl pudding	Ezy Sweet					
8906078780511	เซพแพ็ค 2 Kg	เซพแพ็ค	100				
8991102385329	Waffle COOKIEZ & CREAM 19 g	Waffle COOKIEZ & CREAM	19				
8993175541213	wafer filled with chocolate cream	นาบาติ	27				
8996001302149	Malkist 28 g	Malkist	28				
8996001302941	มอลคิสท์ รสบาร์บีคิว	malkist	28				
8996001305188	Jam o'jam 32 g	Jam o'jam	32				
8996001321089	ลูกอมรสกาแฟ - 60 g	Kopiko	6				
8998666002273	MACCHIATO 3 in 1	KOPIKO	24				
8999999535483	Topten sandwich	wall's	79				
9331275008288	เวเฟอร์ชนิดแท่งรสช๊อกโกแลต	รีดอนโด้	31				
9415007034803	Anlene MovMax Low Fat Milk Powder	Anlene	25				
9555192501107	DoubleMint Peppermint Chewing Gum	Wringley's	13.5				
9555480007311	Digestive Choco Biscuit	MyBizcuit	15				
9556001087348	ไมโลเวเฟอร์เอนเนอร์จี	Nestlé	15				
9556121020003	บิสกิตแอสซอร์ททรีส์	จูลี่ส์	24				
9556174702116	Instant Oatmeal	Quaker	55				
9556439883499	มันช์ชีส์ 28 g	มันช์ชีส์	28				
96091852	ลูกอมปราศจากน้ำตาลกลิ่นน้ำผึ้งผสมเลมอน	ฟิชเชอร์แมนส์เฟรนด์					
0013000000758	Heinz 14 oz	Heinz					
0016000264502	Crunchy Granola Bars	Nature valley	42				
00315097	นมถั่วเหลือง ผสม เฮเซลนัท และวอลนัท รสโกโก้ แพลนท์ ทู เทเบิล บาย นิวทรีไลท์	นิวทรีไลท์					
0047469052348	L-Arginine	Natrol					
0051500241288	Creamy Peanut Butter	Jif	15				
00919357	FOOD CARAMEL FILLED BUTTONS 909 54 16390179	Marks & Spencer	100				
0175011287204	biscuits au cacao fourrés à la crène saveur vanille	WW	11				
02176244	ขนมหวานรสช็อกโกแลตสีแดงเคลือบแครนเบอรี่อบแห้ง - 50 g	Dean & Deluca	25				
0818228581375	เป๊ปซี่แมกซ์	เป๊ปซี่	375				
0819442600064	โยลิดา	โยลิดา					
0850503704024	Prize -Rice cracker	Prize					
0885898887915	immune+	Emergen-c	8.8				
18534748	Sliced Multigrain Bread	Tops	50				
20000019	TURTLE 245 g	TURTLE	245				
20000021	TUR TLE 215 g	TUR TLE	215				
20000031	ข้าวมัสมั่นไก่	Turtle	305				
20000033	สปาเกตตี้ผัดขี้เมาไก่	Turtle	245				
20000074	TURTLE 50 g	TURTLE	50				
2000007637931	We are Fresh 500 g	We are Fresh	100				
20000550	Turtle 320 g	Turtle	320				
20000771	เส้นหมี่ข้าวกล้องผัดซีอิ๊วไก่	Turtle	225				
20001068	TURTLE KITCHENERY 262 g	TURTLE KITCHENERY	30				
20001112	TURTLE KITCHENERY 1 container	TURTLE KITCHENERY	210				
20001121	TURTLE KITCHENERY	TURTLE KITCHENERY	250				
20001164	TURTLE KITCHENERY 245 g	TURTLE KITCHENERY	245				
20001168	TURTLE KITCHENERY 260 g	TURTLE KITCHENERY					
20001206	TURTLE KITCHENERY 300 g	TURTLE KITCHENERY	300				
2087685942885	No Brand 216 g	No Brand					
23570726	ขนมปังโฮลวีทแฟล๊กซ์ซีดส์และข้าวโอ๊ต ตราคิวบิกฟิต	คิวบิก	20				
3073781006414	Original	La vache qui rit	15				
3104935391329	Sparkling Red Grape (Bel Normande Brand)	bel normande	200				
4000539723124	Lindor chocolate	Lindt	100				
46241122	ออล บัตเตอร์ ชินนามอน ซูการ์ ปาล์มเมียร์	Marks & Spencer	15				
4800361005500	GOLD CORN FLAKES	เนสเล่	30				
4807770121203	4807770121203	NISSIN	22				
4809013526271	Buko pandan	Mr Gulaman					
4860051007689	2.5% Milk	Santino	100				
4893049120008	Crackers cheese	Ritz	9				
4901005135246	เพรทซ์ ซุปเปอร์บัตเตอร์	เพรทซ์	28.5				
4901005520530	เพรซ รสทาโกยะกิ	Glico	6.5				
4901033630072	มารูซันน้ำนมถั่วเหลืองรสมอลต์ 1ลิตร.						
4901930085081	でん六	でん六	65				
4902201442015	ネスレ	ネスレ	11				
4902775053983	べ匕ースターラーメン	匕ーナㇱシ人り					
4902775061414	Crispy Wide Noodle Snack Hot Spicy	Baby Star	25				
4902777090115	Black Chocolate	Meiji	4.1				
4902777223612	Japanese Chocolate	Meiji	4				
4902888183447	Socola đen morinaga	โมรินากะ					
4902888233579	森永製菓	森永製菓	4.6				
4903333039234	Lotte 67 g	Lotte	34				
4978041029808	丸彦製菓株式会社 64g	丸彦製菓株式会社	16				
5010251845164	Peas	Morrisons					
5024769360033	Shortbread with dark chocolaté and orange	Shortbread house of Edinburgh	30				
50390168	Fisherman's friend Citrus	Fisherman's friend					
5099466176829	บัตเลอร์คาราเมล40%	Butlers					
5762385061223	Pork luncheon meat	Tulip					
5900020033437	ไมโลโปรตีนกราโนล่า	เนสเล่	45				
6921951403570	เซียงจา	กู๊ดดี้	9				
6922877738128	Peanut Butter	Skippy	18				
6922877768194	ครีมมีพีนัทบัตเตอร์ (ถั่วลิสงบดชนิดละเอียด)						
6924024799037	Jutai 100 g	Jutai	28				
6924513908346	หมากฝรั่งชูการ์ฟรีกลิ่นเสาวรสเคลือบกลิ่นมะนาว - 18.9 g	Dentyne					
6925425470303	sour cola club	Trolli	32				
6933545800023	Strawberry Flavour Candy	Hi-chew	5				
6934958700030	เกาลัดอบ - 100 g	ก่อหยวน	50				
6935855703551	ลูกอมรสเลมอนและเกลือ	Playmore	12				
6937298366829	otago 9 g	otago	9				
6941230998078	Xiao Pang 60 g	Xiao Pang	30				
6942836706135	แวนฮูเต็น 400 g	แวนฮูเต็น	3.8				
6956495900667	ข้าวเกรียบกุ้งรสดั้งเดิม - 80 g	Kari-kari	30				
6956588500965	ลูกอมนมเคี้ยวหนึบกลิ่นลิ้นจี่	ฮ่าวลี่หยวน	7.2				
7394376619809	Oat Drink	Oatly	250				
7610400014137	Swiss White Chocolate	Lindt	33				
7610700013908	ลูกอมสมุนไพรปราศจากน้ำตาล รสแครนเบอร์รี่	ริโคลา					
7610700948347	Ricola 40 g	Ricola	25				
7612100061411	Ovaltine 18 g	Ovaltine	18				
7613037534009	STARBUCKS	STARBUCKS	15.8				
7613038087719	เนสเล่ 116.4 g	เนสเล่	9.7				
7622201704513	Dentyne ice 11.2 g	Dentyne ice					
7622201719630	Philadelphia	Mondelez	100				
7622202006548	ลีฌอ	Clorets					
80001645	Gaufrettes Chocolat	Loacker	37.5				
8000380000210	ล็อคเกอร์ นาโปลิเทนเนอร์	ล็อคเกอร์	45				
8005510005103	Extra virgin olive oil monini	Monini	15				
8009755004006	Fiamma Vesuviana Diced Tomatoes in Tomato Juice	Fiamma	100				
80135906	Ferrero Rocher	Ferrero	12.5				
8251954701228	ซอสปรุงรส	ภูเขาทอง	15				
8801055708178	ครีมเทียมสูตรนม	คอฟฟี่เมท	3				
8801073113800	spicy ramen	Samyang	120				
8809879700262	eatnayo 40 g	eatnayo	40				
8850011074284	Triple Black	เนสกาแฟ	210				
8850011077186	Kit Kat 64 g	Kit Kat	64				
8850011077315	Water		750				
8850016635176	Pu-Bento WINK 100 g	Pu-Bento WINK	50				
8850025060037	UFC 180 ml.	UFC	180				
8850025060105	Almond Milk Drink Unsweetened	UFC Velvet	200				
8850025071002	Velvet Coconut Milk Drink Original	UFC					
8850025071057	chocolate oat milk						
8850025519016	ยูเอฟซี 1 l	ยูเอฟซี	200				
8850026209244	ปลากระปอง Sumago	ซูมาโก	125				
8850038200017	Tempura Flour	Gold Label	30				
8850043123493	ถั่วลิสงเคลือบกาแฟ	เขาช่อง	28				
8850043126456	Coconut Coated Peanuts	Khao Shong Nuts					
8850043200040	เกาซง 42 g	เกาซง	42				
8850043330334	เขาช่อง	เขาช่อง	35				
8850045171584	นมถั่วเหลืองรสจืดผสมฟองเต้าหู้ ตราชินโป	ชินโป	200				
8850045171683	นมถั่วเหลืองสูตรไม่หวาน ตราชินโป	ชินโป	200				
8850045193456	น้ำเต้าหู้	ชินโป	200				
8850051017463	EZY TASTE Jumbo Big Pao Minced Pork with Salted (Steamed Bun)	7fresh	120				
8850051025260	Cashew Nuts	Snack Town	30				
8850051025369	Roasted Unsalted Peanuts	Snack Town					
8850086114007	โอวัลติน 400 g	โอวัลติน	20				
8850086165948	เครื่องดื่มมอลต์สกัดรสช็อกโกแลตปรุงสำเร็จ สูตรน้ำตาลน้อยกว่า	Ovaltine 3 in 1	31				
8850086190506	ovaltine 50 g	ovaltine	50				
8850088100909	ปุ้มปุ้ย หอยลายผัดขี้เมา	Pompui	40				
8850088204805	ปุ้มปุ้ย	ปุ้มปุ้ย	85				
8850088601901	ฉู่ฉี่ปลาแมคเคอเรลทอด	ปุ้มปุ้ย	155				
8850096750035	Pistachios	Sunkist					
8850096860345	อัลมอนด์อบ	บลูไดมอนด์	30				
8850096870344	อัลมอนด์	บลูไดมอนด์	30				
8850096920674	มิกซ์นัท เดอลุกซ์	นัท วอล์คเกอร์	30				
8850096940085	Melon Seeds	Nut Walker					
8850100003713	Hot and Spicy Shrimp Flavour Instant Noodles		55				
8850100101099	ไวไว รสเห็ดหอม	ไวไว	60				
8850100107046	ไวไวควิกรสหมูสับ	ไวไว	60				
8850100107060	ควิกรสต้มยำกุ้ง	ไวไว	60				
8850119726672	Madis fin						
8850120990246	Moniegold Tamarind	Moniegold	30				
8850123111204	ขนมปังธัญพืช 12 ชนิด เนื้อนุ่มสไลด์หนา	Farmhouse	57				
8850123194115	farmhouse 60 g	farmhouse	30				
8850123390135	Farmhouse 60 g	Farmhouse	60				
8850123395321	Farmhouse 40 g	Farmhouse	40				
8850123395628	ฟาร์มเฮ้าส์ 60 g	ฟาร์มเฮ้าส์	60				
8850123396069	โดรายากิ ไส้ครีมอัลมอนด์ ตราฟาร์มเฮ้าส์	Farmhouse	60				
8850124017987	เนสวีต้า สูตรน้ำตาลน้อยกว่า	Nestle	30				
8850124023681	Grounded coffee Nescafe	เนสกาแฟ					
8850124024725	Coffee mate						
8850124041487	Gold White Tea	Nestlé	140				
8850124044617	Nestlé 45 g	Nestlé	30				
8850124046314	MILO 50 g	MILO	50				
8850124065018	แม้กกี้ ซีอิ๊ว	Maggi					
8850125073807	ไอศครีมเอสกิโม	เนสเล่	60				
8850125079472	เนสกาแฟโกลด์ คาปูชิโน	Nestle	20.5				
8850125079496	เนสกาแฟโกลด์ คาปูชิโน	Nestle	20.5				
8850125082779	ไมโล สูตร น้ำตาลน้อยกว่า 30%	เนสเล่	180				
8850125084551	Lychee Flavoured Water Ice Filled With Yogurt Ice Cream	la frutta	54				
8850125087743	Nescafe Blend & Brew No Table Sugar	Nescafe	12				
8850125092884	ไมโลสูตรโปรตีน 2 เท่า	เนสเล่	230				
8850125093331	เนสกาแฟอเมริกาโน	เนสเล่	200				
8850126000819	นมจืด	bear	100				
8850144207030	คนอร์คัพโจ๊ก ส้ม	คนอร์	35				
8850144207870	คนอร์ 35 g	คนอร์	35				
8850144207894	คนอร์ คัพโจ๊ก รสหมู	Knorr	32				
8850144208112	คัพโจ๊ก	คนอร์	32				
8850144226567	Best Foods	Best Foods					
8850151951018	นมข้นหวานมะลิโกลด์	Mali					
8850151961116	Sweeted condensed milk	Mali	20				
8850151961130	นมข้นหวานตรามะลิ	มะลิ	20				
8850153533083	ปลาซาดีนในซอสมะเขือเทศ	สามแม่ครัว	77				
8850154020360	EMERALD 1000ml	EMERALD	15				
8850155012043	Shrimp chips	Maynora	30				
8850157100533	jele L-glutathione	เจเล่ บิวตี้	140				
8850157100557	Jeje Beautie Brand 140 g	Jeje Beautie Brand					
8850157104807	Collagen 1200mg and Vitamin C	Jele Beautie	150				
8850157106382	Jele Vitamin Jelly 500 g	Jele Vitamin Jelly	20				
8850157106634	Chewy Jelly						
8850157108133	เจเล่ไลท์เฟรซชี่ 125 g	เจเล่ไลท์เฟรซชี่	125				
8850157108225	jele fitt 27 g	jele fitt	27				
8850157109451	Jele 108 g	Jele	18				
8850157110785	Grape Lemon flavor Jelly Drink No Sugar	Jele Beautie	240				
8850157110815	JeLe 240 g	JeLe	120				
8850157400022	Squid Seafood Snack	Bento	20				
8850157400077	Bento Squid Seafood Snack Sweet & Spicy Flavour	Bento	4				
8850157405553	หมึกอบ(เนื้อหมึกผสมซูริมิ) รสซอสเผ็ดเป่าปาก	เบ็นโตะ	10				
8850157516488	Lotus 115 g	Lotus	28				
8850157552615	น้ำจับเลี้ยง เมจิกฟาร์ม	MAGIC FARM	240				
8850161161834	Coconut water with pandan	Cocomax	350				
8850183000548	Rolled oats	Sanitarium	30				
8850187012462	กาแฟปรุงสำเร็จพร้อมดื่ม - 330 มล.	RU coco	330				
8850187707726	ฉัตร 2 kg	ฉัตร	50				
8850188100144	My Boy - Sweetened Condensed milk	FrieslandCampina	20				
8850188250207	โฟร์โมสต์ 225 ml	โฟร์โมสต์	225				
8850188250306	Foremost 225 ml	Foremost	225				
8850188271103	นมสดพร่องมันเนยโฟร์โมสต์	โฟร์โมสต์	200				
8850188800150	Foremost Strawberry	โฟร์โมสต์	225				
8850188804158	Protein+ Milk	Foremost	180				
8850189013184	เมล็ดแตงโมแผ่นผสมน้ำผึ้ง	ฟลาวเวอร์ฟูด	40				
8850189014105	เมล็ดทานตะวันแผ่น	ฟลาวเวอร์ฟูด	40				
8850189016383	เมล็ดฟักทองแผ่น	ฟลาวเวอร์ฟูด	40				
8850189024104	งาแผ่นผสมน้ำผึ้ง	flowerfood	20				
8850201452014	กาแฟสกัดเย็นปรุงสำเร็จพร้อมดื่ม	BlueCup Coffee	275				
8850206117055	OYSTER SAUCE HEALTHY	Healthy Boy Brand	100				
8850206252855	Sriracha Hot Chili Sauce	Dek Som Boon	15				
8850206254491	เด็กสมบูรณ์ 20 ml	เด็กสมบูรณ์	5				
8850228003046	เครื่องดื่มกระทิงแดง เอ็กซ์ตร้า ผสมสังกะสี+วิตามินบี12 ตรากระทิงแดงเอ็กซ์ตร้า - 145 มล	กระทิงแดงเอ็กซ์ตร้า	145				
8850228005484	แมนซั่ม ขวดเหลือง	แมนซั่ม	450				
8850228006559	ไฮ่เอ็กซ์ดีเอชซี 150 ml	ไฮ่เอ็กซ์ดีเอชซี	150				
8850228007631	สปอนเซอร์ 420 ml	สปอนเซอร์	210				
8850228007938	Ready 250 ml	Ready	250				
8850228008003	Pomelo Flavour Sparkling	Redbull	250				
8850229101819	เอโร่ 155 g	เอโร่	78				
8850229103028	Nautilus 170 g	Nautilus	55				
8850229103127	ปลาแมคเคอเรลในซอสพริกไทยดำ	มงกุฎทะเล	87				
8850231013353	s-p 55 g	s-p	55				
8850231041622	คุกกี้กลิ่นใบเตย	s-p	85				
8850231042780	S&P 120 g	S&P	30				
8850231063778	เอส แอนด์ พี 1	เอส แอนด์ พี	50				
8850231510111	กล้วยไข่บวดชี	s-p	170				
8850231510135	ข้าวเหนียวดำน้ำกะทิมะพร้าวอ่อน	s-p	150				
8850231510142	ทับทิมกรอบมะพร้าวอ่อน	s-p	160				
8850231510180	ธัญพืชห้าชนิดในน้ำกะทิ	s-p	160				
8850231800427	ข้าวผัดน้ำพริกลงเรือ	s-p	230				
8850231800465	S&P 220 g	S&P					
8850231800472	S&P 200 g	S&P					
8850231800632	ข้าวญี่ปุ่นหน้าไก่ซอสเทอริยากิ	s-p	320				
8850231800854	S&P 240 g	S&P	240				
8850231800861	Spaghetti prawns and black pepper sauce	s-p	240				
8850231800885	ข้าวแกงส้มชะอมกุ้ง - 325 g	s-p	325				
8850248005099	ลำไยแห้ง	ขอบทอง	35				
8850250000358	Birdy Latte	เบอร์ดี้	180				
8850250000365	Birdy Robusta	เบอร์ดี้	180				
8850250002345	AJINOMOTO Lite sugar 80 g	AJINOMOTO Lite sugar					
8850250002482	เบอร์ดี้ โรบัสต้า 3-1	เบอร์ดี้	15.5				
8850250002864	ยำยำ 63 g	ยำยำ	63				
8850250003984	soy sauce	ajinomoto					
8850250006015	Birdy Expresso	เบอร์ดี้	180				
8850250006756	ยำยำ 60 g	ยำยำ	60				
8850250006763	ยำยำ รสต้มยำ	Ajinomoto	60				
8850250006770	Yum yum tomyum seafood cream	Ajinomoto	60				
8850250008491	ยำยำ รสก๋วยเตี๋ยวน้ำตก	ยำยำ	55				
8850250009429	เบอร์ดี้เอสเปรสโซ่ 3-1	เบอร์ดี้	13				
8850250011248	Glutamate monosodique (MSG)						
8850250011774	Yum Yum Sood-ded Instant Noodles Tom Yum Kung Creamy Flavor	Ajinomoto	80				
8850250012405	ยำยำ 75 g	ยำยำ	75				
8850267112181	Soy milk lite plus collagen milk	Lactasoy	250				
8850267900047	แลคตาซอย 1l	แลคตาซอย	200				
8850267900108	Lactasoy 125 ml	Lactasoy	125				
8850267900115	Unsweetened milk	Lactasoy	200				
8850267900412	แลคตาซอย 180 ml per box	แลคตาซอย	180				
8850267900627	แลคตาซอย 180 ml per box	แลคตาซอย	180				
8850269020019	แหนมตุ้มจิ๋ว	ส.ขอนแก่น	60				
8850269522902	Crispy Pork Rinds	S. Khonkaen	9				
8850274011019	ฟาร์มโชคชัย 400 ml	ฟาร์มโชคชัย	200				
8850274013020	ABF Farm Co. 800 ml	ABF Farm Co.	200				
8850277065453	ข้าวโพดอบกรอบรสนม	โจโต้ฟาร์ม	15				
8850284030512	[Only one image]	มือ	31				
8850291010408	Salted Pistachios	Tong Garden	30				
8850291100499	Party Snack	Tong Garden	30				
8850291102455	tong garden mix anchovy	Tong Garden	28				
8850291103797	Yogi blueberry cream stik	Tong Garden					
8850291105548	Noi crispy seaweed	NOI	30				
8850291108792	Unsweetened crunchy peanut butter	Tong Garden	30				
8850291109201	Nutrione macadamia	Tong Garden					
8850291111808	Salted Peanuts	Tong Garden	30				
8850291211607	Salted Cashew Nuts	Tong Garden	30				
8850291290510	อัลมอนด์อบเกลือ ทองการ์เด้น	ทองการ์เด้น	35				
8850309201736	DEWBERRY STRAWBERRY						
8850309202276	dewberty	jacknjill	100				
8850309205253	ขนมเวเฟอร์เคลือบช็อกโกแลต	ทิวลี่	30				
8850309206366	Fun O 15 g	Fun O	15				
8850309212466	แจ็ค-จิลล์ 15.4 g x 5 packs	แจ็ค-จิลล์	15.4				
8850309214361	Dewberry 15 g	Dewberry	15				
8850316070103	Gingen Ginger	Gingen	5				
8850329009275	Cp-meiji	Meiji					
8850329013616	นมสด	เมจิ	200				
8850329041084	เมจิ 200 ml	เมจิ	200				
8850329050086	Bulgaria Yogurt LB81	Meiji	110				
8850329080083	Greek Style Yoghurt Triple Berry Flavour	meiji					
8850329102815	นมสดขาดมันเนย	meiji	200				
8850329104406	นมกลิ่นเมลอน	Meiji	200				
8850329106004	นมรสกล้วย	เมจิ	200				
8850329106400	Japanese Melon Flavoured	meiji	200				
8850329106851	นมแลคโตสฟรี รสช็อกโกแลต	เมจิ	200				
8850329106912	Meiji Brand	Meiji Brand	200				
8850329134434	Premium Quality Milk	CP meiji	236				
8850329145812	นมจืด ไขมัน 0%	เมจิ	200				
8850329145867	เมจิไฮโปรตีน สูตรไม่เติมน้ำตาลกลิ่นอัลมอนด์	เมจิ	350				
8850329183319	นมรสช็อกโกแลต	Meiji	200				
8850329183814	Non-fat milk	cp	200				
8850329803781	Meiji Multi Vitamin Milk	Meiji	100				
8850329859832	Greek style yoghurt	meiji	130				
8850332007138	เชดด้าชีส	Allowvie	30				
8850332112146	Salted Pure Butter Spread	Imperial	15				
8850332162110	เนยจืด						
8850332192117	แป้งทำแพนเค้กตรา Imperial	Imperial					
8850332251340	Imperial 180 g	Imperial	34				
8850332254037	คุกกี้อิมพีเรียล	อิมพีเรียล	25				
8850338024580	Tang Mixed berries	Tang	5				
8850338034305	Xylitol  sugar free gum	Clorets					
8850343000111	HEINZซอสพริก เผ็ดมาก	Heinz	15				
8850343000982	Tomaten ketchup	Heinz					
8850343011322	Mayonnaise	Heinz [Seriously] Good	15				
8850344004545	Coconut milk UHT special cuisine - Suree	Suree					
8850344004682	ซอสพริกศรีราชา	Crying Thaiger	10				
8850344005221	Hoi Sin Sauce	Suree Interfoods- Thailand	15				
8850346101037	โฟร์โมสต์ ช็อกโกแลตมิ้นท์	Foremost	200				
8850346101938	โฟร์โมสต์ 200 ml	โฟร์โมสต์	200				
8850346104106	FOREMOST 800 ml	FOREMOST	200				
8850358040676	Instant Green Tea with Matcha	ITO EN					
8850358371350	Baking Soda Bicarbonate Soda	McGarrett					
8850363300819	Sauce piment et mangue	Thaï foods					
8850363301205	Nouilles Asiatiques						
8850367990399	Mae Ploy 9 oz	Mae Ploy					
8850370421606	ชาตรามือ 80 g	ชาตรามือ	80				
8850388521084	ชาอู่หลงเดลี่เมท	เดลี่เมท	300				
8850388541082	cocodee	unif	200				
8850388541426	ยูนิฟ เฟนช 180 ml	ยูนิฟ เฟนช	180				
8850388545011	น้ำผักผลไม้รวม ตรา ยูนิฟออลยูนีด	ยูนิฟ	300				
8850388545028	Mixed vegetable and fruit juice All you need Unif	ยูนิฟ	300				
8850388545059	All you need	ยูนิฟ	300				
8850388546698	Purple Carrot Juice	Unif	250				
8850388563350	น้ำส้มเขียวหวานผสมเนื้อส้ม	ฟรุตจุซซี่	200				
8850389108277	Mogu mogu noix de coco	Mogu mogu					
8850389111062	Mogu mogu cubes aloe Vera	Sappè	320				
8850389118511	Aloe vera						
8850389121023	Vitamin Water Strawberry Flavor	B'lue	500				
8850389201091	ZEA Max 30 g	ZEA Max	30				
8850389210833	Mogu Mogu	Mogu mogu					
8850389301012	Iced coffee	Prew	180				
8850393800013	บีทาเก้น 140 ml	บีทาเก้น	140				
8850393801881	Kombucha	บีทาเก้น	200				
8850412373559	เอฟเอฟ บะหมี่กึ่งสำเร็จรูปรสต้มยำเนื้อตุ๋น	FF	55				
8850424001778	ทวิสโก้ 34 g	ทวิสโก้	34				
8850424002560	Copp Cereals	European Snack Food Co.	30				
8850425000060	Pipo Jelly	Euro	23.5				
8850425002927	Euro cake	Euro	17				
8850425003290	GUSSEN Crispy Wafers Filled With Chocolate Cream	EURO	30				
8850425004747	Ellse	Euro	15				
8850425006796	Pipo gummy brand	PIPO-GUMMY					
8850425006888	ปีโป๊-กัมมี่ 24 g	ปีโป๊-กัมมี่	24				
8850425008561	ยูโรเค้กครีมกล้วยหอม	ยูโร่	17				
8850425009339	เบเกอร์รี่บอล	ยูโร่	28				
8850426000236	EURO 144 g	EURO	24				
8850468208058	ปลาซาร์ดีนในซอสมะเขือเทศ	ซีเล็ค	85				
8850468208751	ปลาซาร์ดีนในซอสพริก	ซีเล็ค	85				
8850468250040	ปลาเส้นรสแซลมอนรมควัน	ฟิชโช่	20				
8850468290091	แน็คซ์ แน็คซ์ 18 g	แน็คซ์ แน็คซ์	18				
8850468812545	โลตัส 120 g	โลตัส	120				
8850487005126	น้ำพริกนรก	แม่ประนอม	9				
8850487005140	Thai Crushed Chili	Mae Pranom					
8850511121259	ปลาแมคเคอเรลทอดราดพริก	โรซ่า	85				
8850511221140	ห่อหมกทูน่า	โรซ่า	105				
8850511321123	ROZA Tomato Ketchup	ROZA	15				
8850511321727	ซีอิ้วขาวสูตรลดโซเดียม 40% ตราโรซ่า - 200 ml	Roza	15				
8850511421175	โรซ่าพร้อมทาน ข้าวสวยหอมมะลิ	Roza	150				
8850511421281	โจ๊กรสไก่-โรซ่า	โรซ่า	300				
8850511421311	แกงพะแนงไก่พร้อมทาน	ROZA	105				
8850511421335	โรซ่าพร้อม 250 g	โรซ่าพร้อม	250				
8850511421847	พะโล้ไก่ไข่นกกระทาพร้อมทาน	ROZA	120				
8850511621087	โรซ่า	โรซ่า	20				
8850521114128	Flat 10mm rice noodles						
8850524015033	KANI 100 g	KANI	100				
8850524016092	ปูอัดแท่ง โซเดียมน้อย	คานิ แฟมิลี่	100				
8850539610445	Masaman curry paste						
8850575008145	Flour Tortillas						
8850580000226	โชกี้ โชกี้	Choki Choki	36				
8850587000274	จอลลี่แบร์	จอลลี่แบร์	20				
8850587000618	Jolly Cola 55 g	Jolly Cola					
8850587003282	Jolly cola 100 g	Jolly cola	40				
8850620888234	Squid brand fish sauce						
8850620888289	Fishsauce	Squid Brand	15				
8850624131411	Bonko Drink						
8850624144343	Orange juice	กาโตะ	320				
8850632600275	sour punk						
8850632608363	ฮาร์ทบีทกัมมี่ รสสับปะรด	ฮาร์ทบีท	20				
8850639004595	เครื่องดื่มโกโก้ชนิดผง	Cocoa Dutch	8				
8850653203196	สเต็กอกไก่โมชิโอะ	เบญญา	90				
8850653239263	BBQ Pork	ซีพี	100				
8850653432206	ไข่ไก่สด						
8850653793314	CP	CP					
8850653797107	ข้าวไก่เกาหลี	Ezygo	270				
8850653797190	ข้าวกล้องต้มทรงเครื่อง	CP	300				
8850653798586	Cp chese	Cp	16				
8850653833553	Double Chicken Cheeseburger	ซีพี	149				
8850718801152	มันฝรั่งแผ่นทอดกรอบเลย์	Lay's	32				
8850718801237	Lay potato sourcream&onion						
8850718801497	เลย์รสซาวครีมและหัวหอม	Lay's	30				
8850718801886	Lay’s Nori Seaweed - 50 g	Lay’s	30				
8850718803347	Chips Original Flavor YIS STAX KHOAI TÂY MIỆNG VỊ	lay's	30				
8850718805365	ขนมธัญอบกรอบ รสออริจินัล ต้นตำหรับ - 56 g	Sunbites	30				
8850718807925	เลย์ รสเมี่ยงคำครบรส	Lay’s	30				
8850718809806	ตะวันก้ามปูรสปูแซ่บทรงเครื่อง	ตะวัน	30				
8850718809950	Lay Family Pack		30				
8850718812790	ตะวัน รสต้นตำรับ	Pepsico	30				
8850718812905	เลย์รสไข่เค็ม	เลย์	30				
8850718813711	Lay's	Lay's					
8850718813957	เลย์ รสแสร้งว่ากุ้ง	Lay's	26				
8850718814138	Chips	Lay's					
8850718814268	เลย์ รสหม่าล่า บาร์บีคิว	Lay's	30				
8850718816057	LAYS STAX CHIPS SPICY LOBSTER 42G	Lay’s	42				
8850718816071	มันฝรั่งทอดกรอบรสออริจินัล	Lay's	42				
8850718816705	ซันไบท์ส 30 g	ซันไบท์ส	30				
8850718819454	LAY ORIGINAL						
8850718819461	Original 48g						
8850718820177	Sunbites 50 g	Sunbites	30				
8850718820214	Lay's 97 g	Lay's	30				
8850718820573	Potato Chip	Lay's Stax	30				
8850718820917	เลย์ รสน้ำพริกเผาชีส	เลย์	42				
8850718821839	BBQ Plaza Sauce Chips	Lay's	40				
8850718821853	เลย์ 30 g	เลย์	30				
8850718822225	Baked Multigrain Snack	Sunbites	30				
8850718822270	เลย์ 44 g	เลย์	44				
8850721010114	เต้าหู้ถั่วเหลือง	นางพยาบาล	110				
8850743010284	Textured soy protein	เจวี	50				
8850765010941	ปูไทย	ปูไทย	14				
8850773104038	Dehydrated Strawberry	Doi Kham	45				
8850773107107	น้ำขิงสำเร็จรูปดอยคำ	ดอยคำ	9				
8850773510273	Passion fruit juice	ดอยคำ	200				
8850773510327	ดอยคำน้ำมะเขือเทศ		200				
8850773510594	ดอยคำ 200 ml	ดอยคำ	200				
8850773510679	เครื่องดื่มธัญพืชถั่ว	ดอยคำ	250				
8850779555995	Aura 100% natural	aura	1000				
8850781703605	Sauce cacahuètes	Thai héritage	100				
8850783000047	ถั่วมารูโจ้ รสไก่	มารูโจ้	35				
8850783001211	มารูโจ้ 35 g	มารูโจ้	35				
8850813200904	เกลือเสริมไอโอดีนสูตรลดโซเดียม	กู๊ดไรฟ์					
8850813400809	วี-ฟิทสูตรข้าวกล้องงอก	vfit	250				
8850885151715	Garlic powder						
8850885221654	Kaffir-Limettenblattpulver	Nguan Soon					
8850885341666	Sternanispulver	Nguan Soon					
8850901020018	จิตรลดา 400 ml	จิตรลดา	200				
8850901020353	นมรสกาแฟ	จิตรลดา	200				
8850901050015	นมปรุงแต่งชนิดเม็ดรสหวาน ตราสวนดุสิต	Royal Thai Palace	6				
8850901320033	น้ำนมโค UHT	จิตรลดา	200				
8850939912460	แวน ฮูเต็น มิลค์ ช็อกโกแลต ดริงค์	แวน ฮูเต็น	28				
8850940017888	ลินด์ ลินเดอร์ แอสซอทเต็ด 180 g	ลินด์ ลินเดอร์ แอสซอทเต็ด	37				
8850943541519	Milk corn snack stick	Bigga					
8850944980089	สมุดปกอ่อน						
8850952030646	น้ำลิ้นจี่ 20% กลิ่นลิ้นจี่จักรพรรดิ ผสมวิตามินซี	DeeDo	200				
8850952033548	Deedo	น้ำแคนตาลูป	225				
8850952033647	ดีโด้	ดีโด้	200				
8850987128622	mama 90 g	mama	90				
8850987131707	Mi Goreng	Mama					
8850987141522	Instant Noodles Stew Beef Flavour	Mama					
8850987143731	Creamy Tom Yum Minced Pork Flavour	MAMA	60				
8850987144998	บะหมี่กึ่งสำเร็จรูป รสสไปซี่ชีส - 63 g	mama	63				
8850987146619	Oriental Style Instant Noodles	MAMA					
8850987149870	บะหมี่แห้งกึ่งสำเร็จรูป ออเรียลทัลคิทเช่น รสหมูบะช่อทรงเครื่อง - 85 g	mama	85				
8850987149986	Oriental Style Instant Noodles 5 Pack	Mama					
8850987193118	มาม่า 85 g	มาม่า	85				
8850987201295	Mama rice vermicelli clear Soup	mama	55				
8850987351372	บิสชิน 100 g	บิสชิน	33				
8850987369476	บิสชัน 29 g	บิสชัน	29				
8850999001449	น้ำ purra						
8850999001913	สาหร่ายมาชิตะ สไปซี่	mashita	27				
8850999007502	มาซิตะ 15 g	มาซิตะ	15				
8851004199595	ปาร์ตี้ 48 g	ปาร์ตี้	24				
8851004402268	ridge cut potato chips	Tasto	23				
8851004408307	เทสโตมันฝรั่งหยักรสปลาสามรส	Tasto	23				
8851004418054	เดวิลมันฝรั่งแท้ทอดกรอบแผ่นหยักรสพริกจักรพรรดิ์	Tasto	23				
8851004498780	เทสโต 42 g	เทสโต	21				
8851004498810	Tasto 42g	Tasto	21				
8851004801184	Dozo	โดโซ่	28				
8851004843252	ข้าวอบกรอบผสมข้าวไรซ์เบอร์รี่ รสไข่เค็มอิโนะซิเกะ - 36 g	Dozo	36				
8851012103706	กาแฟ เอสเปรสโซ โรสต์	Nescafé	180				
8851013748494	น้ำผักผลไม้รวม โปรไฟเบอร์ 5x สีม่วง	ทิปโก้	200				
8851013755492	Tipco lychee	Tipco					
8851013760496	100% Veggie - 32 veggie & mixed fruit juice	Tipco					
8851013765347	ทิปโก้มี มัลเบอร์รี่	ทิปโก้	250				
8851013771492	น้ำส้มแมนดาริน	ทิปโก้	200				
8851013773496	Cherry Berry & Grape Juice	ทิปโก้	200				
8851016006034	Harvest snaps						
8851016011106	Calbee prawn cracker BBQ	Calbee	30				
8851016211032	Jagabee 40 g	Jagabee	40				
8851019001142	Unsweetened Almond Milk	Glico	180				
8851019010151	ป๊อกกี้ รสนม	กูลิโกะ	25				
8851019010366	Strawberry Pocky	ป๊อกกี้	21				
8851019020815	คาปูลิโกะสติ๊กรสช็อกโกแลต	กูลิโกะ	12				
8851019030210	เพรทซ์ ฮาร์เวซท์ รสมันม่วง	กูลิโกะ	34				
8851019030517	Glico Colon Cream	กูลิโกะ	27				
8851019030975	เพรทซ์ ออริจินัล	กูลิโกะ	23				
8851019210223	Pocky	Glico	33				
8851028000303	V-soy Soya Bean Milk - 1 Lit	milk					
8851028000525	ไวตามิลค์ แชมป์	ไวตามิ้ลค์	180				
8851028000723	วี-ซอย รสงาขาวและงาดำ	วีซอย	230				
8851028001539	VITAMILK 110 ml	VITAMILK	110				
8851028002758	Thai tea	ไวตามิ้ลค์	300				
8851028003571	V-Soy Golden Grain	V-SOY					
8851028004578	นมถั่วเหลือง สูตรน้ำตาลน้อย	ไวตามิ้ลค์ แชมป์	180				
8851028005384	วีซอย สูตรธัญพืชรวม	วี-ซอย	230				
8851028006053	วีซอย สูตรงามอลต์	วีซอย					
8851028006442	วี-ซอย 180 ml	วี-ซอย	180				
8851028006466	วี-ซอย 180 ml	วี-ซอย	180				
8851028007012	ไวตามิลค์	ไวตามิลค์	300				
8851028007050	High Protein Black Sesame Soymilk	vitamilk	250				
8851028110019	ไวตามิ้ลค์ สูตร ออริจินัล	ไวตามิ้ลค์	250				
8851042926030	Aro 5 kg	Aro	50				
8851081283002	sriracha hot chilli sauce	ox brand	15				
8851081480111	Pickled Red Chili	Penta	50				
8851123222600	Shark energy drink						
8851123237000	Vitamin C Lemon	C-vitt	140				
8851123238007	คาลพิสแลคโตะ รสนมเปรี้ยว	คาลพิสแลคโตะ	245				
8851123240918	เครื่องดื่มผสมกาเฟอีนอัดก๊าซ รสออริจินอล	M-150	245				
8851123240956	M-150 Sparkling Energy Drink Pink Lemonade Zero Sugar	M-150	245				
8851123241236	M-150 245 ml	M-150	245				
8851123441087	Slimma	Slimma					
8851156001289	เยลลี่มะขามรสบ๊วย	แก้ว	35				
8851212052002	คุณยุ้ย 300 g	คุณยุ้ย	20				
8851234310173	Cuttlefish Flavored Crispy Green Peas	กรีนนัท	35				
8851234310180	ถั่วลันเตาเคลือบรสบาร์บีคิว	กรีนนัท	82				
8851234310272	Roasted salted green peas	กรีนนัท	22				
8851243100338	Sesame coated peanuts	Pele	32				
8851351008618	จัมโบ้บิ๊กเปามังสวิรัติ	7เฟรช	140				
8851351012127	เกี๊ยวกุ้ง	เจด ดราก้อน	110				
8851351081598	EZY TASTE 92 g	EZY TASTE	92				
8851351131804	เบอร์เกอร์หมู	7เฟรช	93				
8851351132009	เบอร์เกอร์ข้าวเหนียวหมูปิ้ง	7-11	141				
8851351132238	เบอร์เกอร์ข้าวเหนียวอัญชันสเต็กไก่ซอสแจ่ว	7เฟรช	136				
8851351132665	อีซี่เทส 146 g	อีซี่เทส	146				
8851351133426	EZYGO 126 g	EZYGO	126				
8851351343375	ข้าวผัดปู	CP	200				
8851351344792	ข้าวผัดปู	อีซี่โก	200				
8851351345348	ข้าวกะเพรามังสวิรัติ	อีซี่โก	210				
8851351345850	สปาเก็ตตี้ขี้เมาหมู	ezygo	180				
8851351383920	ข้าวหมูซีอิ๊ว ไข่เจียว	ezygo	255				
8851351384101	Stir-Fried Basil Chicken + Fried Egg with Rice	7-ELEVEN	270				
8851351384118	EZYGO 400 g	EZYGO	400				
8851351385085	Stir-Fried Chicken and Basil with Rice	EZYGO	320				
8851351385160	ข้าวผัดหมู	Ezygo	300				
8851351385610	ข้าวญี่ปุ่นผัดกระเทียมไก่เทริยากิ	EZGO	300				
8851351385801	CHEF CARES EAT WELL DO GOOD	CHEF CARES EAT WELL DO GOOD					
8851351385863	บะหมี่เกี๊ยวหมูแดง	อีซี่โก	260				
8851351386211	ข้าวปลาหมึกผัดไข่เค็ม	7-Eleven	350				
8851351386587	ยำวุ้นเส้นทะเล	อีซี่โก	320				
8851351388079	เส้นหมี่คลุกลูกชิ้นไก่และไก่ฉีก	EZYGO	280				
8851351388734	EZYGO 125 g	EZYGO	125				
8851351391444	ข้าวแกงเขียวหวานไข่เจียว	อีซี่โก	300				
8851351391741	ข้าวมันไก่ซีอิ๊ว น้ำจิ้มสไตล์ฮ่องกง	อีซี่โก	215				
8851351392878	ข้าวผัดกะเพราขี้เมาหมู - 280 g	อีซี่โก	280				
8851351394117	ข้าวผัดปู	อีซี่โก	215				
8851351610491	ขนมปังลูกเกด	เลอแปง	125				
8851351621107	Sausage bread Ezybake	EZY Bake	120				
8851351621145	7-11 120 g	7-11	120				
8851351621619	อีซี่เบค 80 g	อีซี่เบค	80				
8851351633810	7-Eleven 60 g	7-Eleven	60				
8851351680814	แซนด์วิชสลัดไข่	Ezy Taste	80				
8851351750753	พายไส้ข้าวโพด	ezybake	85				
8851351752658	7-Eleven 100 g	7-Eleven	100				
8851351760622	EZY BAKE	EZY BAKE	60				
8851351801097	โลปัง 60 g	โลปัง	60				
8851351801349	LaaDin 1 pack	LaaDin	50				
8851351810082	เลอแปง 100 g	เลอแปง	50				
8851351810433	เลอแปง	เลอแปง	50				
8851351820210	Resin Pumpkin Bread	เลอแปง	52				
8851351901049	ขนมปังแพไส้ครีม	7-11	120				
8851351903883	ขนมปังแพใส่ไส้สังขยา (Le Pan B 80 g	ขนมปังแพใส่ไส้สังขยา (Le Pan B	120				
8851351911154	Le Pan 200g	Le Pan	65				
8851351932807	คัพเค้กช็อกโกแลต	เลอแปง	50				
8851351933446	เลอแปง 1 แพ็ค	เลอแปง	55				
8851351933941	เลอ ปอง เบรด	เลอ ปอง เบรด	35				
8851351976399	EZY SWEET	EZY SWEET	35				
8851351976566	Dorayaki Matcha	EZY SWEET Brand	65				
8851359984419	นมจืด ไฮคิว3พลัส ซูเปอร์โกลด์	Hi-Q3	180				
8851359984525	Protinex Vanilla flavor	Protinex					
8851683000274	ไร่ทิพย์ 500 g	ไร่ทิพย์	100				
8851683000694	พริกไทย						
8851717060014	8851717 060014&quot;						
8851717060595	นมจืด	ดัชมิลล์	200				
8851717200038	Dutch Mill Yoghurt Drink with Orange Juice	Dutch Mill	90				
8851717200649	DNA soymilk with sesami	ดัชมิลล์	230				
8851717901881	Dutch Mill Selected	Dutch Mill	200				
8851717903953	ดัชมิลล์ 150 ml	ดัชมิลล์	150				
8851717904356	คาราเมลมัคคิอาโต้	arabus	200				
8851717905476	ดัชมิลล์ 400 ml	ดัชมิลล์					
8851717910708	ดัชชี่	ดัชชี่	125				
8851717911187	Drinking Yogurt	Dutch Mill	150				
8851727020121	kare 14 g	kare	14				
8851876001439	Spicy shrimp soup	MAMA	70				
8851876001552	Meal kit pad thai	Mama					
8851876001576	มาม่า 55 g	มาม่า	55				
8851876004638	mama 30 g	mama	30				
8851876004744	โจ๊กคัพ 48 g	โจ๊กคัพ	48				
8851876005116	Cup Instant Rice Soup Garlic Shrimp Flavour	มาม่า	40				
8851886019752	บัตเตอร์เค้ก	ซันเมอรี่	50				
8851912040002	เต้าเจี้ยวสูตร 1	ง่วนเชียง	15				
8851919590074	คอร์นซอยสูตรหวานน้อย	bsc	180				
8851919610024	นมถั่วเหลือง 100%  ไม่มีน้ำตาลทราย	marusan	250				
8851932115896	Cornetto Royale Strawberry	Miko	88				
8851932346238	ไอศกรีมดัดแปรงรสโอวัลตินผสมเกล็ดช็อกโกแลต	Wall's	49				
8851932348225	ไอศครีมกลิ่นวนิลา ตราวอลล์	วอลล์	80				
8851932348232	ไอศครีม รสเผือก	Wall's	80				
8851932366892	ไอศครีมรสช็อกโกแลตชิบและรสช็อกโกแลต	วอลล์	80				
8851932382458	ไอศกรีมดัดแปลงกลิ่นวานิลลาและกลิ่นครีมผสมคุกกี้ - 240 g	Wall's	80				
8851932387675	Cookies and cream	Ice cream	67				
8851932391825	CLEAR						
8851932421812	โมจิ มิลค์กี้	Wall's	35				
8851932478670	วอลล์	วอลล์	45				
8851932483544	Unilever Thai Trading Co.	Unilever Thai Trading Co.	80				
8851952131234	เอส เพลย์ ซอลตี้ลิ้นจี่	est	200				
8851954101013	ภูเขาทอง 110 ml	ภูเขาทอง	15				
8851959001318	แฟนต้า 500 ml	แฟนต้า	200				
8851959001899	มินิทเมด สแปลช รสสตรอเบอร์รี กลิ่นเลมอนบิงซู	Minute Maid	250				
8851959003466	oo ha 330 ml	oo ha	330				
8851959003626	โค้ก ซีโร่ กลิ่นไลม์	Coca-Cola	200				
8851959003862	Coca-Cola 330 ml	Coca-Cola	330				
8851959003985	Schweppes Mandarin Yuzu Flavored Soda	Schweppes					
8851959004203	โคคา-โคลา 325 ml	โคคา-โคลา	325				
8851959122174	Fanta Jordbær	Coca-Cola Company					
8851959127360	Sprite Lemon Lime	สไปร์ท					
8851959132197	แฟนต้ากลิ่นองุ่น	แฟนต้า	325				
8851959132647	Eau gazeifiee	Schweppes					
8851959135075	โค้ก ซีโร่	Coca-Cola	245				
8851959135167	แฟนต้า น้ำส้ม	Fanta	245				
8851959141366	สไปรท์	สไปรท์	200				
8851959142073	โคคา-โคลา	โคคา-โคลา	200				
8851959144015	โค๊ก	โค๊ก	200				
8851959144176	แฟนต้า น้ำเเดง	Fanta	200				
8851959144183	น้ำอัดลมกลิ่นผลไม้	แฟนต้า น้ำเขียว กลิ่นฟรุตพันช์	1250				
8851959144367	Sprite 200 ml	Sprite	200				
8851978804068	Coconut Milk	Thai-Choice					
8851993623019	Chang Bier						
8851994112017	Soda Rock						
8851994612012	Chang Soda Water	Chang	325				
8852008000030	Lotte Xylitol Line Mint Flavor	Lotte					
8852008300680	โคอะลามาร์ช รสครีมมี มิลค์	โคอาล่ามาร์ช	41				
8852008511239	Lotte 40g	Lotte					
8852018807087	Pollo	Yum Yum					
8852018991021	YumYum nudler med biffsmak	YumYum	380				
8852019002634	Glutinous Rice Flour	Erawan					
8852021220019	Tuna steak in brine	Sealect	55				
8852021230018	ทูน่าสเต็กในน้ำแร่	ซีเล็ค	55				
8852021291477	Tuna Chanks						
8852021707572	ทูน่าสเต็กในนํ้ามันถั่วเหลือง	ซีเล็ค Fitt	55				
8852022032871	น้ำสลัดทาวซั่นไอร์แลนด์	KEWPIE					
8852022090307	Mayonnaise	Kewpie	15				
8852022092226	Mayonnaise Mild Type	Kewpie	15				
8852022110159	ซุปครีมผสมเห็ด	คิวพี	170				
8852022150049	สลัดไข่ผสมฟักทองญี่ปุ่น	คิวพี	110				
8852023008059	แครกเกอร์มันฝรั่ง รสซาวครึมและหัวหอม	เนลี่	40				
8852023008936	Sriracha Chilli Sauce Flavour Coated Green Peas						
8852023664507	ถั่วลิสงอบกะทิ	Koh-kae	30				
8852023667751	Roasted almonds no salt	Nut natur	30				
8852023667959	Peanuts coffee flavor	Koh kae	15				
8852023668383	ถั่วทอด	Koh-Kae	30				
8852023668970	ถั่วปากอ้าเคลือบรสไข่ปู	โก๋แก่	30				
8852023668987	koh kae 82g	koh kae	30				
8852023669106	ถั่วลันเตาอบกรอบรสวาซาบิ	โก๋แก่	70				
8852023669113	ถั่วลันเตาอบกรอบรสซอสพริกศรีราชา	โก๋แก่	30				
8852023671352	Roasted peanuts	Koh-Kae					
8852023672397	Peanuts Tomyum	Koh-kae					
8852044110168	Fish Snacks Orginal	ทาโร่	25				
8852044110267	ทาโร่รสเข้มข้น	ทาโร่	30				
8852044349612	ทาโร่รสปลาหมึกเผ็ดน้อย	ทาโร่	22				
8852044351325	ทาโร่ โรล รสสาหร่ายเกาหลี	Taro	15				
8852044477612	Fish Snack Hot Chilli Flavoured	Taro	30				
8852044553415	ทาโร่รสลาบอีสานทรงเครื่อง	ทาโร่	20				
8852044583528	ทาโร่รสหม่าล่า	ทาโร่	20				
8852044929432	Taro 22 g	Taro	22				
8852047333212	Gap Salad	แก๊ป	15				
8852047333243	แก๊ป แบล็คเคอร์แรนท์	แก็ป	15				
8852047333267	แก๊ป 15 g per box	แก๊ป	15				
8852047600376	ยูบิ 555 2.75 g	ยูบิ 555					
8852052130202	คุกกี้อาร์เซนอล	อาร์เซนอล	33				
8852052135306	Cookie		20				
8852084110333	Ton mărunțit în ulei vegetal	Home Garden					
8852098700582	Nouilles instantanées						
8852098703422	Rice Crackers	ชินมัย	30				
8852099046825	เขาช่อง 100g	เขาช่อง					
8852116060957	L Intelligence Des Ecritures T4 Annee B Temps Ordinaire	SHAOLIN					
8852116799307	ซีลีโกะบิ๊กไบค์ เกล็ดขนมปัง	ซีลีโกะ	4				
8852116807729	สาหร่ายทอดรสออริจินัล	ซีลีโกะ	3.2				
8852116809778	สาหร่ายม้วนอบกรอบ รสปลาหมึกย่าง	Seleco					
8852117000853	บิสกิตรสผักรวม	พิคมี	38				
8852124011200	อัลมอนด์เคลือบช็อกโกแลต	Cafe Amezon	30				
8852124014454	Cafe Amazon 30 g	Cafe Amazon	30				
8852124016359	คุกกี้เนยสายรุ้ง	Amazon	37				
8852124017721	Instant Matcha Latte Tea Powder	คาเฟ่ อเมซอน	20				
8852240010514	ข้าวตังหน้าหมูหยองพริกเผา	Chao sua	27				
8852240010965	ข้าวตังหน้าไก่ทอดซอสเกาหลี	เจ้าสัว	38				
8852240020186	เจ้าสัว 150 g	เจ้าสัว	20				
8852240040450	เจ้าสัว 16  g	เจ้าสัว	18				
8852269400709	โกลด์เบรด 170 g	โกลด์เบรด	50				
8852269660042	โกลด์เบรด 120	โกลด์เบรด	70				
8852348201005	VISET-NIYOM Traditional Tooth Powder	VISET-NIYOM					
8852528002835	นิสชิน รสสไปซี่ต้มยำกุ้ง	Nissin	55				
8852528002934	Instant Nudel Moo Manao	nissin	60				
8852528003870	นิสชิน รสไก่เผ็ดเกาหลีชีส	nissin	60				
8852528004037	Nissin cup noodles Tom  Yum Shrimp	Nissin	77				
8852528004754	บะหมี่กึ่งสำเร็จรูป รสกุ้งมังกรผัดกะปิพริกแห้ง ตรานิสชิน	Nissin	71				
8852528005218	삼양식품	삼양식품	69				
8852537011118	Thai-Denmark milk	Thai-Denmark	200				
8852537031413	นมจืด	ไทย-เดนมาร์ค	180				
8852537031611	Thai-Denmark Brand 2000 ml	Thai-Denmark Brand	200				
8852537033417	นมรสช็อกโกแลต	ไทย-เดนมาร์ค	180				
8852537034414	นมกลิ่นสตรอเบอร์รี่	ไทย-เดนมาร์ค	180				
8852537038412	นมรสกาแฟ	ไทย-เดนมาร์ค	180				
8852537051312	นมเปรี้ยวรสสตรอเบอร์รี่	ไทย-เดนมาร์ค	180				
8852537053316	นมเปรี้ยวรสส้ม	ไทย-เดนมาร์ค	180				
8852537054313	นมเปรี้ยวรสมะนาว	ไทย-เดนมาร์ค	180				
8852646010255	Getrocknete Limettenblätter	Thai Dancer					
8852646503009	sweet chilli Mangosauce	Thai Dancer					
8852756304046	Froot loops	Kellogg's					
8852756304497	Special K vanilla almond	Kellogg's					
8852756315059	Kellogg's Corn Flake	Kellog's	30				
8852756602289	Oaty puffs	Kellogg's					
8852756705331	Soy Protein Granola (Honey Almond)​	Kellogg's	45				
8852756865165	Berry and Nut bar	Kellogg's	30				
8852756958362	Granola Super Berry	Kellogg's	40				
8852796230343	Abbott 237 ml	Abbott	237				
8852959005764	เกษตร 70g	เกษตร	35				
8852966000097	นีโอพิซซ่า ซีฟู๊ด	นีโอพิซซ่า	100				
8852966000110	นีโอพิซซ่า สุพรีม - 100 g	Alfredo	100				
8852966000837	Pizza puff	Alfredo	90				
8852966002282	ชีสบันไก่สไลซ์ ซอสหัวหอม	อีซี่โก	90				
8852966003272	Alfredo 100 g	Alfredo	100				
8852966003289	WRAP'N Roll 80 g	WRAP'N Roll	80				
8852977000208	999 50 g	999	25				
8853002300454	ดีมอลต์ รสมอลต์ช็อกโกแลต สูตรมอลต์พลัส	Dmalt	180				
8853002302823	ดัชมิลล์ 180 ml	ดัชมิลล์	180				
8853002303240	นมโคเกรดคัดสรร	ดัชมิลล์					
8853002303943	ดัชมิลล์ไลฟ์	ดัชมิลล์	180				
8853002304223	Dutch Mill Soy Secretz UHT Soy Milk with Sweet Corn	Dutch Mill	230				
8853002312228	น้ำเต้าหู้ออร์แกนิค สูตรน้ำตาลน้อย	Dina	180				
8853002314505	กาแฟอาราบัส เอสเปรสโซ	อาราบัส	230				
8853002314857	Ducth Mill Gooddy	ดัชมิลล์					
8853282002451	Ve-pro-bar Chocolate	granovibes	40				
8853333000436	เงาะในน้ำเชื่อม	มาลี	140				
8853333004618	Malee 300 ml	Malee	300				
8853333013580	Sainampeung Orange Juice	มาลี	200				
8853333014945	น้ำส้มทรีโอ	มาลี	200				
8853333015836	มาลี นํ้าองุ่นแดง	Malee	200				
8853333025255	MALEE COCONUT 350ML	Malee	350				
8853421011313	ชิฟฟ่อนเค้กรสวนิลา	คาร่าเบเกอรี่	30				
8853445000003	Thai Coconut Roll Original	Suthera	16				
8853445022579	ชีสเค้กโอริโอ้	7/11	53				
8853447017115	ข้าวกล้องหอมมะลิ	Tesco	50				
8853474005956	หมูยอ (หมูผสมไก่)	Tops	50				
8853474015160	Meusli	My Choices	33				
8853474015702	แบล็คฟอเรสแฮม	มายช้อยส์	30				
8853474015733	Rosemary Ham	มายช้อยส์					
8853474015764	คลับบาโลน่าหมู	มายช้อยส์	50				
8853474046379	ไส้กรอกจูเนียร์	มายช้อยส์	53				
8853474055920	นมถั่วเหลืองรสจืด	มายช้อยส์	350				
8853652019034	KING CHEF 380g	KING CHEF	380				
8853662023601	oystersauce						
8853662057880	Sriracha super hot sauce	Nhan con ngong bay	100				
8853662060613	Sriracha Sauce Whisky	Flying Goose					
8853815003535	ไอศครีมดัดแปลงผสมรสนมและช็อคโกแลต	ก็อตช่าแพนด้า	45				
8853925000073	ลูกชิ้นปลากรายแท้ - 200 g	โกเนี้ยว	55				
8853958099938	ธรรม คัลเจอร์ 525 g	ธรรม คัลเจอร์	50				
8854157000893	สาลี่สุพรรณ 100 g	สาลี่สุพรรณ	47				
8854241003205	smile heart 1 kg	smile heart	53				
8854419001507	Tasco Iced Coffee						
8854419007455	Noodles, rice	Tas	10				
8854480001253	TSBetterFoods Co.	TSBetterFoods Co.	30				
8854561003350	Hydro Whey	Maximus	320				
8854570003020	ลิน 1 Kg	ลิน	4				
8854649001063	เปเล่ 150 g	เปเล่	30				
8854692000204	น้ำพริกกุ้งกลางดง	น้ำพริกคลองรังสิต(เจ๊เล็ก)	15				
8854692001973	Teriyaky	J Lek					
8854692008378	น้ำจิ้มซีฟู้ด	aro	17				
8854692009467	Červená kari omáčka	J-Lek	250				
8854761000418	Milk Tea	Ochasan	230				
8854761000920	Oatmilk barista - Goodmate - Goodmate		200				
8854761000937	The original oatmilk	goodmate	200				
8854761050215	ชบา 180 ml	ชบา	180				
8854761330614	น้ำทับทิมผสมน้ำบลูเบอร์รี่ - 180 ml	Chabaa	180				
8854761951420	Напиток 137 degrees фисташка	137 degrees	180				
8854761951567	Real Pistachio Milk	137 degrees	180				
8854913000334	RIMSUAN 150 g	RIMSUAN	150				
8855044053534	Boisson aux graines de chia saveur de mangue	Nit@					
8855199132368	Sprite Soft Drink 325 ML.						
8855237000208	massaman curry paste						
8855399000023	Citronnelle	Excel Fruits					
8855416332229	เอพลัส 1	เอพลัส	40				
8855416332359	เอพลัส 75 g	เอพลัส	75				
8855521000235	Boiled egg	CP	100				
8855550002972	ปลาแผ่นอบกรอบรสบาร์บีคิว	ฟูฟิช	17				
8855550003825	ปึงหงี่เชียง 100 g	ปึงหงี่เชียง	33				
8855550006277	Rice Cracker		30				
8855550006970	PUENG NGEE CHIANG 35 g	PUENG NGEE CHIANG	35				
8855689002195	น้ำพริกคั่วกลิ้งเจ	ป้าแว่น					
8855689003338	Crispy Gourami Fish Tom Yum Flavor	ป้าแว่น	30				
8855702006858	Roasted Chicken Strips 5-7mm	Kitchen Joy	100				
8855740000184	Khao Thalu 560 g	Khao Thalu	20				
8855790000530	คาราบาวเอสเพรสโซ	คาราบาว	180				
8855796015132	โอแกะ โอแกะ 320 ml	โอแกะ โอแกะ	320				
8855815003652	เต้าหู้ถั่วเหลือง	Big C	220				
8855917001204	Bake Corn Snack						
8855917006520	โคโครี่ 10 g	โคโครี่	10				
8855917010602	7-Eleven 10 g	7-Eleven	10				
8856017000067	น้ำฝรั่งเขียว	Green garden	200				
8856294073457	ข้าวผัดกะเพราไก่	Betagro	245				
8856294073464	ข้าวผัดต้มยำหมูนุ่ม - 215 g	Betagro	215				
8856294075062	ข้าวคั่วกลิ้งหมูไข่ต้ม	เบทาโกร	200				
8856294075086	ข้าวพะแนงไก่ไข่เจียว	เบทาโกร	225				
8856307002757	Pineapple Slices						
8856439000096	VIDA 9.34 g (14 capsules)	VIDA					
8856891000368	natural black sesame paste	HappyMate	100				
8856891000641	Peanut Butter, Unsweetened, Crunchy	แฮปปี้เมท	35				
8856901001569	Rice Buddy	Rice Buddy	30				
8856977000176	Xongdur 125 g	Xongdur	25				
8857072000443	ฟอร์แคร์ บาลานซ์ รสสตรอเบอร์รี่ ตราไอแคร์ บาลานซ์	ฟอร์แคร์	180				
8857101711326	Lait de coco						
8857103210254	ศรีภา 30 g	ศรีภา	30				
8857103837260	XOCute 20 g	XOCute					
8857105190103	ไส้อั่วสมุนไพร	Sunisa Donmaung	80				
8857107230081	สาหร่ายทอด ตรา เถ้าแก่น้อย รสพริก	เถ้าแก่น้อย					
8857111540046	โมจิ ไส้ถั่วไข่เค็ม ตรา เอ็มเอ็ม	เอ็มเอ็ม	50				
8857112520252	Solar Dried Natural Banana	Jiraporn Banana	25				
8857118730013	น้ำปลา	เมกาเชฟ	15				
8857119484793	ชาเขียวนมกลิ่นมะลิ	ชูใจ	250				
8857119489651	None 29 g	None	300				
8857119700985	Genie's 80 g	Genie's	50				
8857121846534	น้ำนมถั่วเหลือง ผสมฟองเต้าหู้	ฟองฟอง	260				
8857121846633	Soy Milk With Bean Curd Skin No Sugar	ฟองฟอง					
8857122410581	กล้วยปิ้ง	7Fresh					
8857122646157	Mango with sweet shrimpaste	7-11	125				
8857122646584	สลัดครีม	โอ้ เวจจี้	90				
8857122646652	อีซี่เฟรช 60 g	อีซี่เฟรช	60				
8857122695537	กล้วยตากเคลือบครีมสตอเบอรี่	บานาน่าโซไซตี้	25				
8857123232014	ฟรุตชั่น	ฟรุตชั่น	290				
8857123502179	มิสเตอร์แชมป์	มิสเตอร์แชมป์	25				
8857124063150	ปูอัดอบกรอบรสต้มยำซีฟู้ด	แม็กซ์โอเชี่ยน	30				
8857124188037	Grainey plus Multi Grain Bar	Grainey	20				
8857124188167	Popchip Sourcream Onion	Grainey	32				
8857124970038	Organic Chia Seeds	HEALTHY CHOICE	12				
8857124997103	ภูตตา 270 ml	ภูตตา	270				
8857125000062	ชิฟฟอนเค้กรวมรส	วรรณวนัช	160				
8857125174077	กาแฟปรุงสำเร็จรูปพร้อมดื่ม	บองเต้	180				
8857125174725	Boon Tree 105 g	Boon Tree	105				
8857126105063	ยังเกอร์ ฟาร์ม 7 x 23 g	ยังเกอร์ ฟาร์ม	23				
8857126131369	ขนมปังเนยอบกรอบ - 80 g	COKY	40				
8857126243239	น้ำเก๊กฮวยใบเตย ลูกตาล	มะลิ	280				
8857126568721	ก๋วยจั๊บเวียดนาม	ครัวไทย	120				
8857126635836	น้ำพริกตะไคร้หอม	เอมโอชา	10				
8857126952032	จิโกะ 220 ml	จิโกะ	220				
8857126952070	จิโกะ 250 ml	จิโกะ					
8857128834039	JAMSAI 200 g	JAMSAI	10				
8857200000826	ไชโป้วหวาน ชนิดเส้น	แม่บุญส่ง	30				
8857200000833	Mae Boonsong Sweet Radish Fact 200 g	Mae Boonsong Sweet Radish Fact	30				
8857200358910	ปิยากร 100 g	ปิยากร	30				
8857200362931	ชาร์แน็ค 90 g	ชาร์แน็ค	30				
8857200444613	แม่อิพิม 400 ml	แม่อิพิม	15				
8857200598910	อัลฟ่าโกรว์ 30 g	อัลฟ่าโกรว์	30				
8857200655880	Latiao						
8857200733434	ผลิตภัณฑ์เสริมอาหารอทิส	Atis Amarit Brand	15				
8858011508938	Sate Art	Asiastique	280				
8858050016029	ไร่กำนันจุล 60 g	ไร่กำนันจุล					
8858096006046	A my ุ60 g	A my	60				
8858096006657	เอแคลร์ วานิลลา		90				
8858185004595	GOOD EATS	GOOD EATS	30				
8858223015613	Coconut Milk Biscuits with Pineapple Jam	M&K	30				
8858223020617	ขนมปังกรอบรูปเอบีซี เทสโก้	Tesco	30				
8858223023410	หมีช็อก	Vfoods	30				
8858223025049	Vfoods Mix Imp						
8858279001028	Voiz Waffle 21 g	Voiz Waffle	21				
8858279002247	มินิคุกกี้ แอนด์ ครีม	ซูโม่	14				
8858306005661	white rice	Savepak					
8858313009447	ตรา บี 180 ml	ตรา บี	180				
8858463002596	ซีซูเปอร์เชฟ ปลาซาบะในซอสเทริยากิ	C Super Chef	100				
8858492003427	ไอศกรีม	ete	50				
8858585001460	Bee Chioce 45 g	Bee Chioce	45				
8858598006858	Fresh Longan						
8858638005223	ไบโอเลมอน	เอเจ	200				
8858661110024	Tofu Mix Black Sesame Seeds	MOKI	100				
8858661110215	เต้าหู้ 1200g	เต้าหู้	100				
8858668801468	ปังสยาม 315 g	ปังสยาม	35				
8858668841112	ปังสยาม None	ปังสยาม	33				
8858669408314	malado sticks 55 g	malado sticks	30				
8858684503155	บริษัท ซีพี มอร์ 100 g	บริษัท ซีพี มอร์	50				
8858684510252	Plant-Based Nugget	Meat Zero	100				
8858684510382	Plant based Bologna	ซีโร่มีท	45				
8858684515967	อกไก่นุ่มกะเพรา	CP	80				
8858684518203	EZY TASTE 120 g	EZY TASTE	60				
8858684519071	Ezy Choice 275 g	Ezy Choice	270				
8858684519248	Tender Chicken Breast	CP	80				
8858684520695	ไส้กรอกน้ำซุป	Bucher					
8858684521784	Tender Chicken Fillet	CP	72				
8858684522194	Sliced Fresh Chilli Chicken Breast	ซีพี	80				
8858684523528	Meat Zero 85 g	Meat Zero	43				
8858702410311	สาหร่ายม้วนรสเผ็ด	เถ้าแก่น้อย	3				
8858702410816	Classic Flavour Grilled Seaweed Roll	Tao Kae Noi	3				
8858702411226	Big Roll Grilled Seaweed Roll	Taokaenoi	3				
8858702419369	BIG SHEET CHEESE						
8858702425124	สาหร่ายอบปรุงรส รสเผ็ด - 1.65 g	เถ้าแก่น้อย					
8858702425339	เครื่องดื่มเวย์โปรตีนรสกาแฟคาปูชิโน่	MyWhey	49				
8858702428132	Tempura seaweed						
8858702433860	ชานม	Just drink	275				
8858702438728	Baked Seaweed	Tao Kae Noi	6				
8858705600009	Milk 0 FAT	Nestle	140				
8858705604618	F&N 180 ml.	F&N	180				
8858705605592	คาร์เนชั่น	Carnation	15				
8858705606537	นมตราหมีสูตรโฟเลตสูง	เนสเล่	140				
8858709101991	Pasteurized LACTOSE FREE Milk Product (DAIRY HOME brand)	DAIRY HOME	300				
8858736918999	เครื่องดื่มสมุนไพรพญานาค	เพ็ญภาค	150				
8858741290226	riz blanc thaï	Dr Roots					
8858744401711	Ryziu makaronai	AJI					
8858744800064	Red Curry Paste	Kanokwan Food Products Co.  Lt	50				
8858752601554	MM Elephant Thai Roasted Seaweed-Cool Spicy Flavour	Mammoth	6				
8858753741310	Coconut Milk Drink with Nata de coco	City fresh	290				
8858768093541	SanoVita Băutură vegetală din nucă de cocos	SanoVita					
8858768830306	ฟรุ๊ตมาเนีย 30 g	ฟรุ๊ตมาเนีย	30				
8858776300259	น้ำมันปาล์มโอเลอินจากเนื้อปาล์มผ่านกรรมวิธี	ทับทิม	15				
8858783101580	UNCLE NONG 140 g	UNCLE NONG	140				
8858786601117	น้ำส้ม 25% - 1 L	สายน้ำผึ้งศิริชิน	200				
8858790900183	ปลากระป๋อง ไฮเชฟ	Hi Chef	145				
8858816888884	D-Chan 200 ml	D-Chan	200				
8858820018390	Mag Mag	Mag Mag	40				
8858820100231	นมถั่วเหลืองรสหวานน้อย ตราโทฟุซัง	โทฟุซัง	200				
8858820100279	Tofusan 225 ml	Tofusan	225				
8858820100309	น้ำเต้าหู้	โทฟุซัง	200				
8858820100323	น้ำเต้าหู้ สูตรน้ำตาล 2%	TOFUSAN	225				
8858820100354	น้ำเต้าหู้ บุกธัญพืช 5 สี	tosufan	225				
8858820100545	นมถั่วเหลือง สูตรโปรตีนสูง น้ำตาล 50%	Tofusan	350				
8858820100927	Unsweetened Soy Milk	โทฟุซัง	320				
8858826663884	น้ำมันงาจีน	มังกรคู่	12				
8858829601111	iMee instant noodles	Chokchaipibul Co. Ltd	70				
8858829603627	โคคารสปรุงสำเร็จ	โคคา					
8858830800213	ว้อนท์มอร์ มินิเบรด	เถ้าแก่น้อย	24				
8858836201106	เห็ดเข็มทอง	โปรเห็ด	100				
8858842028742	Sanhee Foods 38 g	Sanhee Foods	38				
8858842028773	ต้มกุ๊ย 37 g	ต้มกุ๊ย	37				
8858843204312	โยกี้ 300 g	โยกี้	25				
8858850000549	ปลาแมคเคอเรลในซอสมะเขือเทศ	ซื่อสัตย์	77				
8858862800373	นมรสช็อกโกแลตหนองโพ	หนองโพ	200				
8858862801318	หนองโพ 225 ml	หนองโพ	225				
8858862801332	UHT Chocolate Flavored Milk	หนองโพ	225				
8858867801092	เอแคลร์ ครีมนมสด	ซีพี	90				
8858867803126	โมจิชูครีม	7เฟรช	64				
8858867803188	แฮมและผักโขมอบชีสเดนิช	เคลเซ่	76				
8858867804307	เดนิชผักโขมแฮมชีสแซนวิช	7เฟรช	113				
8858867822202	อีซี่โก 115 g	อีซี่โก	115				
8858867822301	ezysweet 28 g	ezysweet	28				
8858867822370	อีซี่เทส 83 g	อีซี่เทส	83				
8858867822615	อีซี่โก 106 g	อีซี่โก	106				
8858867822660	EZY TASTE 72 g	EZY TASTE	72				
8858867826491	NSL BAKERY 80 g	NSL BAKERY	80				
8858867828624	EZYGO 115 g	EZYGO					
8858891301537	เย็นเย็น จับเลี้ยง	เย็นเย็น	400				
8858891301728	น้ำเก๊กฮวยผสมน้ำผึ้ง	เย็นเย็น	400				
8858891301872	ICHITAN GREEN TEA HONEY LEMON FLAVOR	ICHITAN					
8858891301971	น้ำส้มวาเลนเซีย	ไบเล่	290				
8858891304507	น้ำชาเขียว ชิซึโอกะ	ชิซึโอกะ บาย อิชิตัน	440				
8858891308659	เครื่องดื่มน้ำสมุนไพรรวม 8 ชนิด	Ichitan	200				
8858891309229	โซจู โยเกิร์ต	ตันซันซู	360				
8858893904507	แนคซ์แนคซ์ 290 g	แนคซ์แนคซ์	30				
8858893908000	ปูอัด	Lotus	100				
8858893917491	ขนมปังขาวแผ่น	เทสโก้	48				
8858893924581	ทูน่าชิ้นเล็กในน้ำแร่	เทสโก้	70				
8858893930681	Frozen Pangasius Potion Cut Skin-off	Lotus's	100				
8858894100137	CUBIC 19 Grains Wheat Loaf	Cubic	40				
8858894100472	Original wheat loaf	Cubic fit	20				
8858894104739	คิวบิก ขนมปังชุปเปอร์โฮลวีต	คิวบิก	55				
8858894105019	Cubic 110 g	Cubic	55				
8858950704804	Baan Suntiras 210 g	Baan Suntiras	35				
8858954200357	บิสกิต ขนมปังกรอบรสชีส ชนิดแผ่นบาง	OK	25				
8858954202412	OK รส กล้วย	OK	25				
8858981500680	น้ำปลาร้าต้มสุกปรุงสำเร็จ	แม่บุญล้ำเจ้าเก่า					
8858984836021	plant based southern fried goujons	Meat Zero	87				
8858995811543	คุณแป้ง 10 g	คุณแป้ง	40				
8858998581047	น้ำอัดลม - Pepsi		200				
8858998581115	เป๊ปซี่แม๊ก	เป๊ปซี่	550				
8858998581214	เป๊ปซี่	Pepsi	200				
8858998581443	เป๊ปซี่ กลิ่นไลม์	เป๊ปซี่	245				
8858998581818	เป๊ปซี่ 1.95 L	เป๊ปซี่	200				
8858998582662	Mirinda	Mirinda					
8858998582747	มิริด้า กลิ่นมิกซ์เบอรรี่และแตงโม	Pepsico	200				
8858998583126	เซเว่น-อัพ ฟรี(เครื่องดื่มปราศจากน้ำตาล) ตรา เซเว่น-อัพ - 325 ml	7up	325				
8858998583140	เครื่องดื่มไม่มีน้ำตาล	7up	200				
8858998585038	Lipton Ice Tea Peach Flavour						
8858998585328	ลิปตัน ไอซ์ที เลมอน ซีโร่ ชูการ์	Lipton	200				
8858998585427	ลิปตัน ไอซ์ที เลมอน ซ่า	Lipton	200				
8858998585496	ลิปตัน	ลิปตัน	200				
8858998588008	กู๊ดมู้ด รสมะนาวผสมน้ำผึ้ง	กู๊ดมู้ด	450				
8858998589005	Boss coffee	บอส	250				
8859007201819	Sour Sweet	Fruitasy					
8859014011579	ไข่นกกระทาต้มปอกเปลือก	KCF	10				
8859015701394	วิตอะเดย์ ธาตุเหล็ก	วิตอะเดย์	155				
8859015702162	Eau de coco avec sa noix						
8859015703251	Collagen	VIT A DAY	480				
8859015703862	น้ำเก๊กฮวย	if	350				
8859015705132	C200%	Vitaday	480				
8859026511265	ข้าวไรซ์เบอร์รี่	หงษ์ทอง	150				
8859031285199	โลตัส 120 g	โลตัส	120				
8859042000132	ครัวซองท์เนย	A-my	40				
8859042006677	ชูครีสไส้คัสตาร์ดครีมสด	Lawson	50				
8859042007032	ครัวซองท์สลัดไก่และผัก	Lawson	45				
8859047700693	Biovitt Whey Protien Isolate Chocolate Flavor	ไบโอวิต	40				
8859047701829	biovitt 907.2 g	biovitt	40				
8859057400019	นมแพะพาสเจอร์ไรส์ รสจืด ยานาฟาร์ม	Yana farm	300				
8859060303055	instant Noodles Chicken Flavour	Lumlum	375				
8859062500407	90 g Jeed jard	90 g	25				
8859067620056	HENG HENG 150 g	HENG HENG	50				
8859069908237	bruno 22 g	bruno	22				
8859077810126	นํ้าพีชผสมลิ้นจี่ ดับเบิ้ล ซี	Double C	160				
8859077811123	FruJuice 250 ml	FruJuice	250				
8859078002599	アーモンドチップス シーソルト	De La Lita	25				
8859102130359	เถ้าฮงไถ้ 60 g	เถ้าฮงไถ้	15				
8859102130724	เขาช่อง 85 g	เขาช่อง	17				
8859102130892	เขาช่องคาปูชิโน่ 3-1	เขาช่อง	20				
8859103400109	นายประมง 20g	นายประมง	20				
8859114905396	Granola Choco Crunch	Diamond Grains Walt	35				
8859123404972	ขนมโตเกียวทรงเครื่อง ไส้กรอกไก่ผสมหมูสับไก่สับ	7-11	60				
8859123415701	ขนมโตเกียวไส้กรอก	Bow	68				
8859127600325	BlendDee Quik 175 gm.	BlendDee Quik	175				
8859147800064	ไข่ขาวแท่ง	FITIZM	60				
8859154100225	JUST BAKED 60g	JUST BAKED	30				
8859159800434	น้ำยันฮี กัญชา						
8859173304505	สารัช 35 g	สารัช	30				
8859176600703	Chicken Breast Garlic Pepper	Grill & Grill	75				
8859183512112	คาลพิสแลคโตะ ฮันนี่เลมอน	คาลพิสแลคโตะ	300				
8859212600742	อกไก่นึ่ง รสพริกไทยดำ	Nh Foods	90				
8859212602654	NH Foods 90 g	NH Foods	90				
8859217400231	Green tea powder	choui fong					
8859220400655	น้ำชาเขียวคั่ว สูตรธรรมชาติ	HOJICHA	500				
8859220400945	ออลลี่ 350 ml	ออลลี่	350				
8859220400952	mixed berries	aees					
8859220412269	เคย่า 43.5 g	เคย่า	14.5				
8859242900737	Sukishi 110 g	Sukishi	110				
8859250630473	สามเกลอเสมอใจ	เทพา	15				
8859253100041	บราวนี่เฮาส์ ดิ ออริจินัล 30 g	บราวนี่เฮาส์ ดิ ออริจินัล	30				
8859253100058	บราวนี่เฮาส์ ดิ ออริจินัล 30 g	บราวนี่เฮาส์ ดิ ออริจินัล	30				
8859253501107	White Pomelo (Peeled)	Spinneys food	500				
8859257900012	ข้าวหมากรสสุคนธ์	Otop	100				
8859268755588	ปลาแมคเคอเรลในซอสมะเขือเทศ	ยูเชพ	145				
8859290400197	Caramel Flavoured Bun	MARUNAKA	75				
8859290400593	D-PLUS 50g	D-PLUS	50				
8859295000019	PLASTEURIZED MILK, PLAIN FLAVOUR	mMilk	200				
8859295001245	Cocoa + Strawberry	mMilk	180				
8859296300170	Lin sugar sweet						
8859296301344	Syrup 0 KCAL	ดีไลท์	4				
8859296301351	Delite pust 200 g	Delite pust	4				
8859315510061	prim ministers						
8859333723641	กินดะ 30 g	กินดะ	30				
8859350900032	เเซลมอนปรุงรส	Sealife	75				
8859380311204	กู๊ดดี้ 114 g	กู๊ดดี้					
8859386700811	Zuvies padazas	Aji					
8859389701914	มิยุ 12 g	มิยุ	12				
8859389703574	A-LIU BRAND 18 g	A-LIU BRAND	18				
8859394400123	Granola honey almond	daily me	35				
8859400301901	chew & juice jelly	sunsu	16				
8859400301918	Chewy Konjac Jelly	sunsu	16				
8859407600328	Litttle Blossom Organic Brown Rice Puffs | Strawberry	Little Blossom	8				
8859407685882	โอฟิฟ 25 g	โอฟิฟ	25				
8859446500054	Thai Crispy Chilli Truffle Flavor [Only one image]	Drama Queen	6				
8859453983512	โพคารี่สเวท	โพคารี่สเวท	350				
8859453985011	POCARI SWEAT	POCARI SWEAT	500				
8859453985028	Pocari Sweat	Pocari					
8859457400145	หัวเห็ด 16 g	หัวเห็ด	16				
8859465500455	ดิโอเว่นฟาร์ม	ดิโอเว่นฟาร์ม	30				
8859465500493	ดิ โอเว่น ฟาร์ม	ดิ โอเว่น ฟาร์ม	28				
8859473100036	นมจืดไม่มีแลคโตส	เอสเซ็นเชียลลี่	180				
8859473100050	น้ำเก๊กฮวย	หวานใจ	300				
8859473100227	ฮัลโหลแมงลักกลิ่นองุ่น	ฮัลโหล	300				
8859473100937	นมโปรตีนสตอเบอรี่ - 180 ml	7-11	180				
8859473101286	นม พาสเจอร์ไรส์ กลิ่นเมลอน	ซันชายน์ แดรี่	200				
8859474900086	ขนมตุ๊บตั๊บ งาดำ	มังกร	35				
8859479405449	Matcha green tea powder	Kawami					
8859488111157	Protein shake	Hooray!	340				
8859488115063	เครื่องดื่มน้ำนมอัลมอนด์ผสมงาดำ รสกลมกล่อม	ฮูเร่	250				
8859501300049	Oishi 264g	Oishi	132				
8859501320078	แซนวิชไส้ปูอัดอลาสก้ายำสาหร่ายญี่ปุ่น	โออิชิ	73				
8859501320177	แซนวิชไส้ไข่คนและอกไก่มิโสะ	โออิชิ	86				
8859501320559	แซนวิชอกไก่รมควันสลัดไข่ - 96 กรัม	Oishi Eato	96				
8859501350006	Oishi 250g	Oishi	250				
8859501350099	ราเมนแฮมผัดซอสหม่าล่า	โออิชิ	250				
8859513600267	Vitamin gummy	Mk	24				
8859520303144	Edamame Corn Mix	KC	160				
8859520303236	Corn cheese		140				
8859522800603	ขนมเปี๊ยะจิ๋ว ไส้ถั่ว - 100 g		50				
8859522802324	Aprils'bakery 143 g	Aprils'bakery	35.8				
8859522804717	April's Bakery 35.75 g	April's Bakery	35.8				
8859526804546	ซุปเสฉวน	Tesco	225				
8859532700061	ก๋วยเตี๋ยวเรือเส้นเล็กแห้ง (สูตรน้ำตก)	ท่าสยาม	60				
8859559600238	Sunflower seeds	ChaCha	30				
8859559600375	เมล็ดทานตะวัน	ชาช่า	45				
8859559600467	เมล็ดทานตะวัน	Cha Cha	20				
8859577501135	Smoothie Probiotic	QminC	250				
8859577502422	Orange Juice	QminC					
8859578604323	บีกิน 9 g	บีกิน	4.5				
8859578608253	Play more 22 g	Play more	6				
8859589403014	KOIKEYA	KOIKEYA	22				
8859589403038	มันฝรั่งทอดกรอบ รสเกลือและพริกไทยดำ	POTATO GOKOCHI	22				
8859600810005	nacket 55 g	nacket	30				
8859600810036	คุกกี้สิงคโปร์	แน็คเก็ต	30				
8859601603804	Natural Toasted & Unsalted Mixed Nuts	nut walker	30				
8859636810215	นมอัลมอนด์ 137 ดีกรี	137 degree	180				
8859636810246	Almond Milk with Avocado	137 Degrees	180				
8859636810888	น้ำนมแมคคาเดเมีย	137 Degrees	180				
8859644900533	ขนมปังไส้เนยสด	After you	50				
8859667600052	Coconut water	Jiak	100				
8859682600877	Turtle 90 g	Turtle	90				
8859695600116	Plant Protein	Plantae	350				
8859695697857	Plant Protein Milk tea Flavor	Plantaé	350				
8859706500145	ขนมปังเนย	ขนมปังบ้านปังปอนด์	25				
8859745200372	ซันซุ หมึกกรุบ ก๋วยเตี๋ยวเรือ	SUNSU	8				
8859745300348	Voiz Waffle 19 g	Voiz Waffle	19				
8859745300676	Monde	Monde	25				
8859773101528	เนสไลน์ 300 g	เนสไลน์	30				
8885019060182	เครื่องดื่มอัดก๊าซกลิ่นลิ้นจี่	CHI FOREST	165				
8886336941277	เอเชีย ฟาร์ม 300ml	เอเชีย ฟาร์ม	300				
8886467103681	Pringles bites american style sour cream & onion	Pringles	20.5				
8906001384045	แครกเกอร์รสดั้งเดิม	Creamica	28				
8934609801145	Bibica 288 g	Bibica	12				
8934680033282	Ritz Wafer Roll Cheese	ริทซ์	18				
8934680033305	Oreo Wafer Roll	Oreo					
8935001705444	Mentos Chewing Gum Ice Peppermint 11.44G	Mentosเมนทอส					
8936047444786	วาฟเฟิลกรอบและคุกกี้รสบัตเตอร์	Richy	15				
8936135431186	ดาร์กช็อกโกแลต 71%	Mr.Viet	30				
8938561870072	BÀN F&B 180 g	BÀN F&B	100				
8993175540995	รีชีสอาร์	Richeese	10				
8994592305341	Dark Chocolate Compound	Tulip					
8994755040041	เวเฟอร์ชนิดแท่งรสวานิลลา	อาร์นอดส์	30				
8996001350881	MAYORA 36 g	MAYORA	36				
8998389134459	ขนมปังกรอบโรยน้ำตาล	โคโคล่า	30				
9106596300010	ศุภลักษณ์ 220 g	ศุภลักษณ์	50				
9300650451919	ครีมชีส	Philadelphia	100				
9300657278823	Chopped Tomatoes In Puree	Watties	75				
9310155001731	Elbow macaroni	San remo					
9310232100500	Soy Milky Regular	Vitasoy	250				
9311000999555	Australian Cream Cheese	Bega	25				
9555192507864	Doublemint	Wrigley's	12				
9555319103030	Corn Snack With Pandan Filling - 70 g	Win2	30				
9555673400004	คุ้กกี้สอดไส้ครีมช็อกโกแลต	มิลดูร่า	25				
9556001317346	Kit Kat - Milo flavor	Milo	16				
9556001670717	Wafer Fingers in Milk Chocolate	kitkat	17				
9556121009220	Butter Waffles	Julie's					
9556121020188	Julie's cocoro	Julie's	30				
9556121026234	RICH TEAOAT	จูลี่ส์					
9556173390215	ขนมเวเฟอร์แท่งไส้ครีมรสนม - 200 g	Snackie	28.6				
9556173390338	เวเฟอร์แท่งไส้ครีมรสเฮเซลนัท - 200 g	Snackie	28.5				
9556174702123	Quick Cook Oatmeal	Quaker	35				
9556191061401	Campbell's 63.3 g (3 x 21.1g)	Campbell's	21.1				
9556622102970	มันฝรั่งทอดรสชีส	ดีแจ็ค	30				
96083864	ฟิชเชอร์แมนส์ เฟรนด์ ชูการ์ฟรี สเปียร์มิ้นท์ เฟลเวอร์ กลิ่นสเปียร์มิ้นท์	ฟิชเชอร์แมนส์ เฟรนด์					
9900000099268	นางเล็ดเค็ม	s-p	40				
00001042	คุกกี้สเปลท์เนยสดผสมข้าวกล้องงอก	Vistacafe					
0000409340176	Loading…่						
00104001	ขนมบัวหิมะไส้รวม - 162 g	ตั้ง เซ่ง จั้ว	18				
00117580	Protein chocolate	Nutrilite					
0015205720301	Asian home gourmet, spice paste for indian butter chicken, mild	Asian Home Gourmet	13				
0020201115273	Coconut oil	Gourmazia	15				
0025077234134	Glucosamine Chondroitine MSM	Puritan's Pride					
00310264	นมถั่วเหลือง ผสมอัลมอนด์และข้าวโอ๊ต	แพลนท์ ทู เทเบิล	250				
0041244102501	Martinellis sparkling applecranberry juice	Martinelli's	240				
0041390061363	Organic soymilk	Kikkoman	240				
00466189	APETINA	ARLA	30				
0050255030000	Milk Chocolate with chopped hazelnuts	Ritter Sport					
0051000027955	Prego sauces tomato & mushroom	Prego	120				
0051500000816	Cherry preserves	สมัคเกอร์ส	20				
0051500000861	Preserves	สมัคเกอร์ส	20				
0051500051115	แยมราสเบอรี่	สมัคเกอร์ส	20				
0052100007380	Parsley Flakes	Mccormick	15				
0052100023571	Mccormick Black Peppercorn Grinder Shaker	McCormick					
00587730	มาร์ค แอนด์ สเปนเซอร์	Marks & Spencer	30				
0070450021955	Sunsweet Pitted Prunes	ซันสวีท	40				
0074312047503	Time Released Vitamin C 500mg						
0074880061727	CURRY SAUCE WITH VEGETABLES HOT (S&B BRAND)	S&B	210				
0084909006660	Fried garlic	Cock Brand					
0086600240701	Lemon Sesame & Ginger Seasoned Tuna	Bumble Bee	71				
0093856990458	Lychee i sirup	Chef's Choice					
00991841	Italian dessert chocolate assortment	มาร์คส์ แอนด์ สเปนเซอร์					
01003319	คาเฟ่อเมซอน	คาเฟ่อเมซอน	45				
01003323	cafe amazon 100 g	cafe amazon	50				
01003331	เปี๊ยะนมสดไข่เค็ม - 120 g	Patra sweet house	60				
01151747	ปลาแมคเคอเรล	Tops	78				
02000940	บะหมี่หมูหม่าล่า	เทอร์เทิล	230				
02228745	คนอร์						
03241521	Special flakes with red berries	Tesco	30				
04172512	Langers 750 ml	Langers	237				
0445029875060	Sweet Strawberry Swirl	VX Nutrition					
0667222410118	TUNA.TON  Flaked light/Pale emietté	Easy Eats					
0693413100735	Extended Nutrition bar	Extend Nutrition	42				
0733603099132	ฮันเตอร์กรูเมท บาร์บีคิว	Hunter Foosa	25				
0801193006080	Iso Soy Chocolate Flavour	BAAM!!	40				
08044273	โกโก้ 3-1	ดัชต์	22				
0814784024202	Protein classic plus	Sunwarrior	25				
0830232672016	น้าดื่ม คริสตัล	คริสตัล					
0855950106360	GOLDEN MOUNTAIN 900 g	GOLDEN MOUNTAIN	20				
0857410621635	Jumbo Blackcurrant	Sugus					
0858955025476	Vfoods	Vfoods					
0885037200090	ต้นสน 40 g	ต้นสน	40				
0885460000605	Vegetable medley	Church brothers farms	85				
0885704508911	Pad Thai Coscto - Asiatique	Asiatique	280				
0885898330251	IMUNE+ Super Orange	Emergen-C	9.5				
0885936981584	Dai Jai by Huahed	Dai Jai by Huahed	30				
09000558	Brownie almond flourless	Starbucks	64				
09040020	คุกกี้อเมริกัน	The deli house	33				
10003985	[Only one image]						
11101224	Wrong Barcode						
12340004	ท๊อฟฟี่เค้ก	โฮมเบเกอรี่	25				
1682720011390	Lindt Swiss Luxury Selection Boxed Chocolate	Lindt	40				
17116763	7-Eleven 240 g	7-Eleven	240				
18271441	To be deleted						
18527179	Pierre Biscuiterie 135 g	Pierre Biscuiterie	27				
1856589870706	โฟร์โมสต์ 1 l	โฟร์โมสต์	200				
1868075304060	เคลล็อกส์ ฟรอสตี้	เคลล็อกส์	30				
18712322	พริกทอดกรอบ รสกากหมูต้มยำ - 100 กรัม	แม่อิพิม	30				
18859089801522	นมอัดเม็ด	ใจฟ้า	12.5				
18973114	บลั้นซ์ โรเซ่	บลั้นซ์ โรเซ่					
2000000029863	Magic cracker	Jack‘in Jill					
2000000108474	To be deleted	BeMe	84				
2000000109159	To be deleted	BeMe	84				
2000000120988	โดนัท น้ำตาล	Lucky ducky	60				
2000000124989	To be deleted	Nutrilite	51				
2000000151225	Mulberry Wine	Little Home Winery					
2000000997223	มันฝรั่งแผ่นทอดกรอบ รสดั้งเดิม	พริงเกิลส์	25				
20000027	ข้าวมันไก่	Turtle	325				
20000030	ข้าวผัดต้มยำไก่	Turtle	275				
20000036	บะหมี่หมูแดง	Turtle	220				
2000003703081	ไข่ไก่	We are Fresh	50				
20000061	TURTLE 130 g	TURTLE	33				
20000077	TURTLE 150 g	TURTLE	30				
20000574	TURTLE 165 g	TURTLE	55				
20000937	TURTLE 320 g	TURTLE	230				
20000939	Turtle 230 g	Turtle	230				
20000941	TURTLE KITCHENERY 360 kcal	TURTLE KITCHENERY	230				
20001035	TURTLE KITCHENERY 170 g	TURTLE KITCHENERY	170				
20001111	TURTLE KITCHENERY	TURTLE KITCHENERY	200				
20001135	EVERY DAY 50 g	EVERY DAY	50				
20001159	TURTLE KITCHENERY 27g	TURTLE KITCHENERY	250				
20001161	KING CHEF None	KING CHEF					
20001162	TURTLE KITCHENERY	TURTLE KITCHENERY					
20001163	TURTLE KITCHENERY 390 g	TURTLE KITCHENERY					
20001257	TUR TLE KITCHENERY	TUR TLE KITCHENERY	150				
20001303	TUR TLE KITCHENERY 280 g	TUR TLE KITCHENERY	280				
2001009905257	ไข่ไก่ เบอร์2	WeareFresh	50				
2062000640004	Ham Cheese Bun	7 Eleven					
2085006290004	BROWN SHIMEJI MUSHROOM 150 g	BROWN SHIMEJI MUSHROOM	100				
2091021720006	AQ	AQ					
21113109	ถั่วลันเตาอบกรอบรสวาซาบิ ตรากรีนนัท	กรีนนัท	30				
21610929	Shreiber 454 g	Shreiber	5				
24765848	Salat-Fein Garten-Kräuter	Timbu	100				
2500008654055	Hahne	Hahne					
2502011379543	เครปโรลฝอยทอง	Cake Mania	75				
28150398	Kiwifruit	Zespri					
28939245	เดลิ เฟรช 228g	เดลิ เฟรช	38				
29001163	เอโร่ 600 g	เอโร่	60				
29021345	Dose Ochsenschwanzsuppe	Marks & Spencer	400				
3045320077698	abricot preserve						
3228020481846	Petit Camembert	President					
3347874712767	ซานกาเลีย รีกูลาร์ คอฟฟี่ ลาเต้	ซานกาเลีย	190				
3415581117189	Caramel Biscuit & Cream Ice Cream	Häagen-Dazs	100				
3415589445185	Crispy sandwich caramel	Häagen-Dazs	67				
3834682002734	Granola chocolate hazelnut	A-grains					
3885644064277	ลองก้า เครื่องดื่มสปาร์คกิ้งลำไย	P80 Longa	250				
3913334686338	ช็อกโกแลต เวเฟอร์โรล	โอรีโอ	36				
3922389162025	โคโคล่า 30 g	โคโคล่า	30				
4000539030406	Lindt Milchshake Maracuja	Lindt	100				
4002309006147	Delfi Choco Hazelnut Spread	Delfi					
4003084843347	Rainbow sticks	Trolli					
4014400259452	schweppes 330 ml	schweppes	330				
4014400921519	smile gummi (only one image)	Storck					
4018077690440	salttlets	Lorenz	100				
4200367088048	โกโก้ครั้นช์	Nestlé	25				
42256236	Kleiner feigling	Kleine Frigling					
4549660224556	ช็อกโกแลตนมผสมบิสกิต		29				
4571133740010	โฟรเซ่น สแกลลอบ หอยเชลล์แช่แข็ง	Donki	100				
4580622658361	株式会社BAKE 48 pcs (280 g)	株式会社BAKE	23				
4582409182588	พอคคาซุปฟักทอง49.5ก						
4710022064022	Viva 120 g	Viva	20				
4710777239874	เอสเซนซ์ ออฟ ชิคเก้น วิท บีซีเอเอ แอนด์ วิตามิน บีส์	ซุปไก่สกัดผสมบีซีเอเอและวิตามิ	50				
4710887944286	ชิวแลกซ์ 40 g	ชิวแลกซ์	30				
4712391020197	เทียนซู	เทียนซู	30				
4716908627756	น้ำแอปเปิ้ล 100% - 1 L	Tree Top	200				
4719850936020	Ace saltine cracker	Crown	18.6				
4719850936037	Ace saltine cracker	Crown	18.6				
4738975744044	gold standard whey	Optimum Nutrition	30.4				
4800024580009	Italian style spaghetti sauce	Del monte					
4800092114823	ฮานเซล พีนัต บัตเตอร์ แซนด์วิช	ฮานเซล พรีเมี่ยม	32				
4800361002844	To be deleted	Nestlé					
4800361399906	ครีมนมคอฟฟี่เมท	Nestlé	15				
4809015133705	HENRY'S HARVEST 260g	HENRY'S HARVEST	17				
4850422120314	นมรสช็อกโกแลต	เมจิ	200				
4894375009616	วีท บิสกิตไฟว์เกรน	เปปปิโต	15.6				
4894475100732	ช็อกโกแลตรวมรสสอดไส้ทรัฟเฟิล	LINDT	50				
4894475200098	Lindt noir dark	ลินด์	22				
4895138305129	สไตร์กิ้ง ป๊อปปิ้ง แคนดี้ วอเตอร์เมล่อนเฟลเวอร์	สไตร์กิ้ง					
4895217701408	759Store 100 g	759Store	100				
4895230200353	Beef Jerky 100 g	Beef Jerky	100				
4895230200490	Pork Jerky Black Pepper Flavour	Pork Jerky	100				
4897053640569	นิสชิน เมเปิ้ลไซรัป กราโนล่า	Nissin	40				
4901005100473	Pocky Almond Crush	Glico	22.5				
4901005117648	ป๊อกกี้ ช็อกโกแลต ครัช อัลมอนด์	Glico	41				
4901005126312	ป๊อกกี้ โกกูโบโส	กูลิโกะ	35.5				
4901005135192	เพรทซ์รสสลัด	กูลิโกะ	36.5				
4901005135215	เพรทซ์รสออริจินัล	กูลิโกะ	32.5				
4901005530911	glico	Glico					
4901050115170	แองกูลี ช็อกโก	อิโตะ	30				
4901050115187	แลงกูลี วานิลลา	อิโตะ	30				
4901111597761	Ajinomoto	Ajinomoto					
4901170020392	ไอศกรีมดัดแปลงผสมรสพุดดิ้งอิตาเลียน - 73.9 g	Akagi	73.9				
4901201102004	UCC sumiyaki coffee						
4901201154645	Black Coffee Non Sugar Deep & Rich	Ucc	274				
4901326040137	Muscat Gummy Candy	Kasugai	40				
4901360272969	BOURBON CHOCO & COFFEE BISCUIT	BOURBON	32				
4901360278770	BOURBON 700 g	BOURBON	31				
4901360279142	BOURBON 1	BOURBON					
4901360361588	BOURBON 108g	BOURBON	9				
4901830164701	SANROTSU SANRITSU	SANROTSU SANRITSU	100				
4901963010678	Takaokaya Grilled Seaweed Laver Spicy	Takaokaya	25				
4902201175548	คิทแคท ซากุระโมจิ	เนสเล่	31				
4902201178846	ネスレ	ネスレ	11.6				
4902201180214	Nestlé	Nestlé					
4902201426350	ネスカフェ	ネスカフェ	11				
4902430255974	มันฝรั่งแผ่นทอดกรอบ รสซาวครีมและหัวหอม	พริงเกิลส์	28				
4902430255998	มันฝรั่งแผ่นทอดกรอบรสชีสซี่ ชีส	พริงเกิลส์	25				
4902705051515	เมจิ 56 g	เมจิ	28				
4902713115162	Miso	Marukome	100				
4902750690073	UHA 7 pieces	UHA	4.7				
4902775038942	คริสปี้ นูเดิ้ล สแน็ค บาร์บีคิว	เบบี้สตาร์	90				
4902775049580	ขนมอบกรอบบะหมี่เส้นใหญ่ปรุงรส รสดั้งเดิม	เบบี้สตาร์ คริสปี้ ไวด์ นูเดิ้	37				
4902888219498	Milk Chocolate Sticks	Morinaga					
4902888256226	DARS white	森永製菓	3.9				
4902888972232	ขนมเวเฟอร์ไส้ครีมรสนม	โมรินากะ มันนา	35				
4904561032004	田中食品株式会社 20 g	田中食品株式会社	5				
4915015319114	B BAANNA BANANA 120 g	B BAANNA BANANA	25				
4930726606889	Soymilk unsweetened	kikkoman					
4930726607282	Kikkoman Soymilk Japanese Melon	Kikkoman	200				
4955559343732	JONETZ 1kg	JONETZ					
4977113612252	ผลิตภัณฑ์เสริมอาหารไฟเบอร์	Forica	6				
4980938205851	โอกุระ โดรายากิ	Shimizu	90				
4980938205868	โอกุระ บาตะโดระ	Shimizu	30				
5000169194256	WRฮอลลันไดซอสครีม	Waitrose					
50043217	MANDARIN 25 g	MANDARIN					
50043224	Fisherman's friend Mint	Fisherman's friend					
50168903	Digestive crackers original flavor	McVities	14.8				
5024769540077	Shortbread with warming stem ginger	Shortbread house of Edinburgh	30				
5099466176898	Honeycomb Crisp Milk Chocolate	Butlers Chocolates	100				
51246181	อู-ฮ่า 330 ml	อู-ฮ่า	330				
5300618810240	เรกกูล่าร์ ซอย มิลค์	SO GOOD	250				
5410316962193	Electric Blue	Smirnoff					
5410976293019	ลา ทรัฟลินา (ช็อกโกแลตนมสอดไส้พราไลน์) กีเลียน	กีเลียน	45				
5701215035027	Shredded red cheddar	Emborg	25				
5711018033588	เครื่องดื่มอัดก๊าซผสมคอลลาเจน	JIEGA	250				
5905741542152	EatyX mango	Oshee	300				
6688173230123	เงาะสอดไส้สับปะรด	พีเจี้ยน	140				
6850891306880	Ichitan 400 ml	Ichitan	200				
6886157880054	Sweet dried coconut milk						
6901073080156	เห็ดแชมปิญองในน้ำเกลือ	กู่หลง	100				
6901668007612	Ltd. 95 g	Ltd.	30				
6909493102809	Magnum 64 g	Magnum	64				
6912669958124	กานาฉ่าย	อีเลย์	100				
6914849201006	เวเฟอร์สอดไส้ครีมรสสตอเบอร์รี่ - 22 g	Chocobear	22				
6914849201013	เวเฟอร์โรล์สอดไส้ครีมรสสตอเบอร์รี่ - 264 กรัม	Choco bear	22				
6920603988892	Haw flakes	Haw flakes	57				
6921211113157	Chupa Chups - Cotton Bubble Gum	Chupa Chups					
6921667894310	jelly						
6921956645388	ซอสมะเขือเทศ	ไฮนซ์					
6923250618808	โปเตโต้ แคร็กเกอร์	A-Taste	27				
6923250632767	เอ เทสท 108 g	เอ เทสท	30				
6924187843011	เมล็ดทานตะวันกลิ่นมะพร้าว	chacha	30				
6924513908407	Dentyne 38.7g	Dentyne					
6924513908421	หมากฝรั่งชูการ์ฟรีกลิ่นเลมอนเคลือบกลิ่นราสพ์เบอร์รี - 37.8 g	Dentyne					
6925425474271	ทรอลลี่ 80 g	ทรอลลี่	10				
6935270655718	白象	白象	41				
6935855700840	7-Eleven 12 g	7-Eleven	6				
6935855702073	MK	MK	30				
6936003514685	Wangzai Milk​ Candy Jumbo size	Wangzai	518				
6937298355090	otago 9 g	otago	9				
6937298366812	otago	otago	9				
6937298366843	ซุปไข่และผักโขม	otago	9				
6942031700525	ช็อคโกลิโต้ (ขนมหวานรสช๊อคโกแลตนมแผ่นสีเหลี่ยม)						
6942836704261	Hershey’s nuggets creamy milk chocolate	Hershey's	28				
6942836704322	เฮอร์ชี่ส์ 28g	เฮอร์ชี่ส์					
6942836722265	Hershey nugget CreamyYogurt	Hershey's					
6944284650756	To be deleted						
6944639060025	BROWN SHIMEJI MUSHROOM 150 g	BROWN SHIMEJI MUSHROOM	100				
6945006300621	Chilli oil	Cuihong	5				
6947929617602	法丽兹 85 g	法丽兹					
6956426020105	moyugocai 15 g	moyugocai	15				
6956588500439	ฮาวลี่หยวน 67 g	ฮาวลี่หยวน	7.2				
6966944196350	โออิชิฮันนี่เลมอน	โออิชิ	380				
6970645310908	V-Loong 90 g	V-Loong	30				
6971988760108	day day 100g	day day	100				
6973064660807	เมล็ดทานตะวันอบ	Tatota	19				
6973064660869	เมล็ดทานตะวันอบ รสมะพร้าว	Tatota	19				
6973064662917	ตาโตต้า 30 g	ตาโตต้า	15				
6973064667387	TATOTA 95 g	TATOTA	15				
6973064669329	TATOTA 95 g	TATOTA	15				
6974613130680	โอ๊ตลี่ 250 ml	โอ๊ตลี่	250				
6974729973683	obalab 120 g	obalab	120				
6974854974999	โต้โซล	โต้โซล	300				
6975268400883	เค้ก-ลี่ 24 g	เค้ก-ลี่	24				
6976239650252	drinkNOD 355ml	drinkNOD	355				
7394376619533	นมโอ๊ต	Oatly	250				
7610400012997	Lindt 36 g	Lindt	36				
7610400069502	ช็อกโกแลตรวมรส	Lindt	37				
7610400987172	Lindor Heart Chocolate Tin 50g	Lindt					
7610700016206	ริโคล่า 17.5 g	ริโคล่า					
7610700922231	เลมอน มินต์ ชูการ์ฟรี (ลูกอมสมุนไพรปราศจากน้ำตาลรสมินต์กลิ่นเลมอน) ตราริโคลา	ริโคลา	17.5				
7610700948378	Ricola 40 g	Ricola					
7610700948408	ริโคลา	Ricola					
7612100000144	โอวัลติน 28g	โอวัลติน	28				
7612100053829	โอวัลติน ยูเอชที	โอวัลติน	225				
7612100061015	โอวัลตินสมาร์ท	โอวัลติน	110				
7612100500040	โอวัลติน ซอย	โอวัลติน	35				
7613033432057	Lungo	Dolce Gusto	7				
7613036943437	คาปูชิโน่ Rich & Creamy - 120 g	Dolce Gusto	20				
7613036943505	คาราเมลมัคคิอาโต กาแฟแท้คั่วบดผสม	Starbucks	21.3				
7622201678234	แทงก์ 20 g	แทงก์	20				
7622201704225	โอรีโอ 110.4g	โอรีโอ	3				
7622201755447	HALLS 25.2 g	HALLS	5.6				
7622202274060	Halls 20 pieces	Halls					
7622210605573	Ritz crackers chocolat	Ritz	100				
7622210605733	แครกเกอร์เปล่า	ริทซ์	27				
7622210816634	CAD MILK CHOC 80G						
7630486401256	Equal 50 g	Equal	5				
7640110704868	อิควล สตีเวีย	Eqaul					
7851054338983	ทิปโก้ 200 ml	ทิปโก้	200				
7855823000019	เต้าหู้ถั่วเหลือง	เกษตร	220				
7952014664675	โก้-คำ 30 g	โก้-คำ	30				
7997253270218	Ellenka 20g	Ellenka	3				
8000380000241	ล็อคเกอร์ วานิลลา	ล็อคเกอร์	45				
8000380000265	Loacker 45g	Loacker	45				
8000380000272	ล็อคเกอร์ มิลค์	ล็อคเกอร์	45				
8000380202843	ล๊อคเกอร์ 152g	ล๊อคเกอร์	30				
8000380204274	ล็อคเกอร์ มินิส์ ดับเบิ้ลช็อก	Loacker	30				
8000500227671	เฟอเรโร รอชเชอร์	Ferrero Rocher	37				
8001200023556	Agnesi 400 g	Agnesi	100				
8001200033340	AGNESI 500 g	AGNESI					
8001200139387	Chifferini Regati No 38	AGNES					
8002590007683	Misura FibrExtra	Misura	32				
8002996337797	Assorted Chocolates	Venchi					
8006290804740	sparkling water	Ferrarelle					
8011780000953	Vermicelloni spagetti [no image]	Riscossa					
8018440000889	Olio extravergine di oliva	Luglio	100				
8054615339873	ทาร์ทฟีเรียอิตาเลียน่า 35 g	ทาร์ทฟีเรียอิตาเลียน่า	35				
81007806	โคฟี่ 320 ml	โคฟี่	320				
81221103	ปลาเส้นทาโร่	ทาโร่	30				
84110176	ทอฟฟี่กลิ่นมิ้นท์ - 225 กรัม	Marks & Spencer	100				
84110190	M&S Food	M&S Food	30				
84126948	Only one image	Marks & Spencer					
84187086	Marks & Spencer	Marks & Spencer	5.8				
84527653	Mini bread sticks	Marks & Spencer	30				
8690533014869	ETİ GRAX PATLAYAN LEZZET	ETİ	50				
8691216018921	ฮารืโบ โกลด์แบร์	haribo	30				
8691216099579	Haribo	Haribo	30				
8691216100558	HARIBO MIX ZOURR	HARIBO Goldbears	30				
8691216104235	วุ้นเจลาตินสำเร็จรูป กลิ่นผลไม้รวมรูปหมี รสเปรี้ยว	ปาเมียร์ ซิต้า ซาน เอเอส (ฮาร์	30				
8691216104624	Happy Cola	Haribo	30				
8691570002031	Sekerci HACI BEKİR 500 g	Sekerci HACI BEKİR	40				
86940040	สวีทโปเตโต้ 40 g	สวีทโปเตโต้	40				
8710428006134	Abbott 220 ml	Abbott	220				
8710428021137	เอนชัวร์กลิ่นวนิลา	Abbott	230				
8710448564065	น้ำสลัดเฟรนซ์	เรมิอา	20				
8710448565659	น้ำสลัดเทาซันไอส์แลนด์	เรมิอา	20				
8710448584780	เรมิอา 250 ml	เรมิอา	15				
8710448588771	สาลาต้า อิตาเลียน เดรสซิ่ง	Remia	100				
8716265200537	GRAND'OR GIOVANNIES	Prika	100				
8718800017792	สตีนแลด์ ซ็อกโก คอยน์ 20 g	สตีนแลด์ ซ็อกโก คอยน์	20				
8719200183780	สเปรด รสหวาน	Blue Band	12				
8721274641264	Magnum 144 g	Magnum	36				
87749809	ลูกอมเคี้ยวหนึบรูปหมู กลิ่นแอปเปิ้ล	Marks & Spencer	42.5				
8801007166445	โคชูจัง						
8801037091113	Thins Vanilla Mousse	Oreo	42				
8801043062183	Nongshim (KR)	Nongshim (KR)	72				
8801047222972	Seaweed Roasted with Olive Oil	Yangban	5				
8801047223160	YANGBAN 5 g	YANGBAN	5				
8801047223207	สาหร่ายทะเลปรุงรสด้วยน้ำมันเมล็ดองุ่น	Yangban	5				
8801047228820	crispy seaweed topping	ยังบัน	10				
8801062897124	Lotte	Lotte					
8801069186559	กาแฟเอสเปรสโซ่	เฟรนช์ คาเฟ่					
8803807881313	คิมส์ 40 g	คิมส์	10				
8809184832924	Cheese Puff	No Brand	100				
8809256676838	Choco Cream Sandwich Cookies		100				
8809257334508	lemon kombucha						
8809408021615	Trouble Cure Pimple Patch	Acropass					
8809617940349	Peach Almond - 210 g	Tom's	30				
8809653560044	บินดาริน 20 g	บินดาริน	4				
8809713917412	OKF 355 ml	OKF	355				
8836000005002	Tea Leaf Salad	Yuzana	64				
8836000124130	tree food 115  g	tree food	10				
8850002016958	KODOMO	kodomo					
8850006493038	Palmolive	Colgate-Palmolive					
8850006590348	tender care						
8850006593172	แคร์ บลิ๊ง แอนด์ ไบร์ท กลิ่นซากุระ						
8850007012511	J,J  sleep time powder 500g 2yrs prod						
8850011052770	Triple Espresso	Nestlé	220				
8850011058772	Blueberru cheesecake icecream	Nestle	65				
8850011060645	กาแฟ						
8850011060973	Nescafe โรบัสต้า Black Roast	Nestcafe	180				
8850011061161	นมถั่วเหลืองยูเอชที รสโกโก้มอลต์	ไมโล	180				
8850011070842	น้ำแร่มิเนเร่						
8850011072976	ไมโล สูตรรถโรงเรียน	Milo	110				
8850011076707	เนสกาแฟ โกลด์ เครมมา คราฟท์ ลาเต้	เนสท์เล่	210				
8850011076745	Cornflakes - Nestle - Nestle - Nestle - Nestle - Nestle		30				
8850011077209	Nestle 60 g	Nestle	60				
8850015080472	Tastee Sweet corn	Tastee					
8850016084899	ปูอัด	คานิจัง	50				
8850016634872	เนื้อปลาบดปรุงรสผสมกลิ่นปู	tvi	50				
8850016635268	Imitation crab - Tvi - Tvi - Tvi	Tvi	60				
8850016635565	เนื้อปลาบดปรุงรสสอดไส้ครีมชิสไข่ปลาบิน - 90 g	TVI	90				
8850016635688	ชีสชี่ คานิโรล 100 g	ชีสชี่ คานิโรล	50				
8850016635909	เนื้อปลาบดปรุงรสย่าง	ชิคุวะ	80				
8850016661083	Imitation Crab Stick with Seasoned Salad, Japanese Style	tvi (ทวี)	100				
8850016783006	Tvi 300 g	Tvi	100				
8850016889005	Gen Tree 30 g	Gen Tree	30				
8850024102585	นมจืด	เอ็นฟาคิด	180				
8850024105241	Sustagen ( Chocolate Flavored)	Mead Johnson Nutrition					
8850024108495	UHT เอนฟาโกร ซุพีเรียร์ สูตร3 จืด	Enfagrow					
8850025000521	Soya Milk Unsweetened	Home Soy	200				
8850025062000	Velvet Unsweetened Oat Milk	ufc					
8850025062017	UFC velvet 180 ml	UFC velvet	180				
8850025062031	เวลเวท นํ้านมข้าวโอ๊ตรสช็อคโกแลต	ยูเอฟซี เวลเวท	180				
8850025070012	Refresh water melon	UFC	200				
8850025070029	Refresh 100% Watermelon Water	UFC					
8850025123817	เงาะยัดไส้สับปะรด UFC						
8850025333414	Green peas	UFC	115				
8850025523365	UFC 240 ml	UFC	240				
8850025556127	Mangosteen wit mixed juice	ชูส	200				
8850025561268	ยูเอฟซี กาแฟดำ	UFC	180				
8850025562265	กาแฟเย็น	ยูเอฟซี	180				
8850029028521	test						
8850030003081	Lobo	Lobo					
8850030006648	LOBO STIR-FRY CURRY SAUCE	Lobo					
8850030006723	Panang Curry Paste with Creamed Coconut	Lobo 2 in 1					
8850030007669	thai style bbq sauce						
8850030031862	Green curry cooking kit	Globo Foods Ltd.	100				
8850030033804	Rinderbrühe	Larco					
8850030110215	Pate Curry Kao Soi Lobo						
8850030116415	Lobo	Lobo					
8850035080629	Pickled Mustard Green	นกพิราบ	20				
8850035081237	PIGEON 145 g	PIGEON	20				
8850035081626	ผักกาดดองยำเกี่ยมฉ่าย	นกพิราบ	20				
8850035103083	Baby corn in brine	Pigeon Brand					
8850043330556	Khao Shong Nuts 30 g	Khao Shong Nuts	30				
8850043335209	ถั่วลิสงเคลือบกลิ่นเบียร์	Khao Shong Nuts	30				
8850043338385	ทิวสน 80 g	ทิวสน	30				
8850044612507	Trozos de Piña en Almíbar	El puritano					
8850045193852	น้ำเต้าหู้	ชินโป	200				
8850051020944	อีซี่เทส 120 g	อีซี่เทส	120				
8850051021569	Corn Snack เอเช้าอเดอบกรอบ รส ช็อกโกแลต	Snack Town	25				
8850051025307	Black Raisins	Snack Town	32				
8850051025949	Baked Cuttlefish	7-Eleven	16				
8850051029305	จัมโบ้บิ๊กเปามังสวิรัติ - 140 g	Ezy Taste	140				
8850051029343	Iced Americano	All Cafe	473				
8850051031360	Rolled Cuttlefish Snack	Snack Town	10				
8850051031735	KanomJeepKung	EZY TASTE Brand	120				
8850051031872	Green Raisins	Snack Town					
8850051056998	ทุเรียนทอดกรอบ	แฮปปี้ฟาร์มส	15				
8850051073384	Mixed Nuts With Rice Crackers	Snack Town	40				
8850051073407	สแน็ค ทาวน์ 40 g	สแน็ค ทาวน์	40				
8850051073421	SNACK TOWN 35 g	SNACK TOWN	35				
8850058000536	Pantai Norasingh 134g	Pantai Norasingh					
8850058003346	น้ำจิ้มสุกี้พันท้าย						
8850058004060	Hot Chili Sauce	Norasingh					
8850058009652	น้ำจิ้มสุกี้พันท้าย	pantainorasingh	35				
8850081410050	ปลาซาร์ดีนทอดราดพริก	TCB	85				
8850081410067	ปลาซาร์ดีนทอดรสเผ็ด	TCB	85				
8850086111006	โอวัลติน 300 g	โอวัลติน	20				
8850086130359	โอวัลติน 3-1	โอวัลติน	29				
8850086133008	ovaltine 300 g	ovaltine	20				
8850086139000	Ovaltine 750 g	Ovaltine	20				
8850086141706	ovaltine 170 ml	ovaltine	170				
8850086141843	โอวัลติน โกลด์ สูตรใบแปะก๊วย	โอวัลติน	180				
8850086141911	โอวันติน ดาร์ค โกโก้	โอวันติน	180				
8850086142307	โอวัลติน 180 ml	โอวัลติน	230				
8850086142970	โอวัลติน 3-1 สูตรสวิส	โอวัลติน	29.6				
8850086143021	Ovaltine	Ovaltine					
8850086143809	Ovaltine	Ovaltine	200				
8850086150333	โอวัลตินสูตรน้ำตาลน้อย 30%	โอวัลติน	31				
8850086152962	โอวัลติน สวิส ริช ช็อกโกแลต	โอวัลติน	29.6				
8850086164514	Ovaltine Thai Less Calories TT	Ovaltine	25				
8850086191411	Ovaltine						
8850086192012	Ovaltine	oVo-VITA	30				
8850086193019	Ovaltine						
8850086220012	Ovaltine Malt Drink - Chocolate Flavour						
8850086250316	Ovaltine Chocolate Malt Cookies	Ovaltine	30				
8850088000971	ปลาแมคเคอเรลในซอสมะเขือเทศรสเข้มข้น	ปุ้มปุ้ย	155				
8850088002890	ปลาแมคเคอเรลในซอสมะเขือเทศเข้มข้นพิเศษ	ปุ้มปุ้ย	155				
8850088003613	ปลาซาร์ดีนในซอสมะเขือเทศเข้มข้น	ปุ้มปุ้ย	85				
8850088100961	ปุ้มปุ้ย 40 g	ปุ้มปุ้ย	40				
8850088101029	ปุ้มปุ้ย หอยลายผัดนํ้าพริกเผา	Pompui	40				
8850088101265	ปุ้มปุ้ย	ปุ้มปุ้ย					
8850088101388	ปุ้มปุ้ย	ปุ้มปุ้ย	40				
8850088150003	ปุ้มปุ้ย 60 g	ปุ้มปุ้ย	60				
8850088150300	ปุ้มปุ้ย 60 g	ปุ้มปุ้ย	20				
8850088150362	ปุ้มปุ้ย 60 g	ปุ้มปุ้ย	20				
8850088204621	PUMPUI 85 g	PUMPUI	85				
8850088204683	ปุ้มปุ้ย	ปุ้มปุ้ย	85				
8850088204744	Red Curry Mackerels (Chuchee)	ปุ้มปุ้ย	85				
8850088204867	ปุ้มปุ้ย 90 g	ปุ้มปุ้ย					
8850088550643	ข้าวสวยหอมมะลิ	ปุ้มปุ้ย	150				
8850088550803	Jasmine rice	Pumpui	150				
8850088550841	ปุ้มปุ้ย 150 g	ปุ้มปุ้ย	150				
8850088600409	ปุ้มปุ้ย 155g	ปุ้มปุ้ย	155				
8850088602007	Fish Paste	ปุ้ยปุ้ย	80				
8850088602458	pumpui 90g	pumpui	90				
8850088602601	ปลาแมคเคอเรลทอดรสเผ็ด	pumpui	90				
8850088603004	ปุ้มปุ้ย คั่วพริกแกง	ปุ้มปุ้ย	55				
8850088605435	Fried Baby Clams With Chilli	ปุ๋มปุ้ย	40				
8850088605602	ปุ้มปุ้ย หอยลายทอดรสเผ็ด	Pompui	70				
8850088815360	ผัดกะเพราไก่	Pompui	85				
8850088815421	ไก่ผัดกระเทียมพริกไทย	Pumpui	85				
8850088815544	แกงมัสมั่นไก่	Pompui	120				
8850088816565	แกงคั่วพริกไก่	Pompui	120				
8850088816749	ไข่พะโล้ใส่ไก่พร้อมทาน	Pumpui	120				
8850096310062	NATURE'S SENSATION 946 ml	NATURE'S SENSATION					
8850096310550	Berries granola						
8850096310581	Cocoa granola		30				
8850096730532	Sunkist 180 ml	Sunkist	180				
8850096750028	Sunkist	sunkist	40				
8850096750066	Mixed Nuts	Sunkist					
8850096750073	Pistachios	Sunkist	15				
8850096760515	Lait de Pistache						
8850096760522	Real Pistachio Milk Unsweetened	Sunkist	180				
8850096760539	Pistachio milk	Sunkist	180				
8850096770064	Mixed Nuts	Sunkist	30				
8850096818575	Almond Milk Barista	บลูไดมอนด์	180				
8850096820141	Calmond	Blue Diamond	30				
8850096830027	Roasted Cashew Nuts	Blue Diamond					
8850096830096	บลูไดมอนด์ 150 g	บลูไดมอนด์					
8850096830348	Almond Natural Toasted	Blue Diamond	30				
8850096848503	Almond milk	Blue Diamond	180				
8850096848534	Almond breeze chocolate	Blue diamond	180				
8850096848558	อัลมอนด์บรีส	บลูไดมอนด์	180				
8850096930048	Macadamias	Walker					
8850096940047	แมคคาดาเมียอบเกลือ	Nut Walker	20				
8850096940139	Cashews	Nut Walker	35				
8850096940306	Mixed Nuts Natural toasted & salted	Nut Walker	30				
8850096950022	Cashew nuts	Nut Walker	30				
8850096950305	Mixed Nuts	Nut walker	30				
8850096970303	Mixed Nuts	Nut Waljer					
8850097189391	citron jus	Savepak					
8850100003409	ไวไวควิกต้มยำมันกุ้ง	ไวไว	60				
8850100004468	ไวไว รสต้มยำกุ้ง	ไวไว	50				
8850100004871	ไวไวหมูสับทรงเครื่อง	ไวไว	70				
8850100005960	Serda tom klong cup	ซือดะ	60				
8850100007032	ไวไว 70 g	ไวไว	70				
8850100007230	ซือดะ รสหอยลายผัดฉ่า	ซือดะ	60				
8850100007452	ไวไวรสต้มยำสูตรดั้งเดิม	ไวไว	80				
8850100007612	ไวไว	ไวไว	30				
8850100101013	บะหมี่ไวไวปรุงสำเร็จ	ไวไว	55				
8850100101044	ไวไวรสหมูสับ	ไวไว	60				
8850100101075	Instant Ramen Shrimp Flavor	Wai Wai Quick					
8850100101143	Tom Yum Going Flavor Instant Noodles	Wai Wai	60				
8850100111500	ไวไวเป็ดพะโล้	Waiwai	60				
8850100113368	Waiwai 60 g	Waiwai	60				
8850100119018	ไวไว รสต้มยำ เจ	ไวไวWaiwai	60				
8850100121011	ไวไว รสต้มโคล้ง	ไวไว	60				
8850100121042	ไวไวควิกรสต้มโคล้ง	ไวไว	60				
8850100127013	ไวไว รสหอยลายผัดฉ่า	ไวไว	60				
8850100128362	ควิก หมูสับต้มยำ	Quick	60				
8850100205032	Instant rice vermicelli - crab flavour	ไวไว	55				
8850100205049	เส้นหมี่น้ำใสรสหมูสับ	ไวไว	55				
8850100206039	Dry rice noodle Wai wai	waiwai	45				
8850100218018	เส้นหมี่ข้าวกล้อง	ไวไว	50				
8850112061732	เต่าทอง 10 g	เต่าทอง	10				
8850112121719	ปลาหมึกบดปรุงรส - 10 g	เต่าทอง	10				
8850120991274	Moniegold Bangkok Sweet Tamarind						
8850122101053	วุ้นเส้น						
8850122101060	Bean vermicelli	Double Dragon Brand	40				
8850122364151	สาคูขาว						
8850122801175	มังกรคู่ 51 g	มังกรคู่	51				
8850122801243	Double Dragon 35 g	Double Dragon	35				
8850123110191	ฟาร์มเฮ้าส์ 280 g	ฟาร์มเฮ้าส์	40				
8850123110382	ขนมปังบัตเตอร์สก็อต	Farmhouse	62.5				
8850123110399	ฟาร์มเฮ้าส์ บัตเตอร์สก็อต	Farmhouse	62.5				
8850123110535	Hokkaido milk flavored bread		48				
8850123110801	Farmhouse	Farmhouse					
8850123110856	ขนมปังแซนวิชไส้ไก่หยองน้ำพริกเผา	ฟาร์มเฮ้าส์	50				
8850123111303	Farmhouse 65 g	Farmhouse	65				
8850123111334	แซนด์วิชไส้แฮมไข่มายองเนส	ฟาร์มเฮ้าส์	65				
8850123111952	Corn Pie	Farm House	80				
8850123122002	ขนมปังโฮลวีตไส้ปูอัดมายองเนส	ฟาร์มเฮ้าส์	60				
8850123122019	ขนมปังโฮลวีตไส้ไก่ไข่มายองเนส ตราฟาร์มเฮ้าส์	ฟาร์มเฮ้าส์	60				
8850123122811	ขนมปังไส้สังขยา	ฟาร์มเฮ้าส์	80				
8850123130427	ขนมปังแพเผือก	ฟาร์มเฮ้าส์	46				
8850123135507	Farmhouse 130 g	Farmhouse	46				
8850123150500	โดนัทเค้ก ไส้คัสตาร์ดวานิลลา	Farmhouse	60				
8850123150586	ฟาร์มเฮ้าส์ 60 g	ฟาร์มเฮ้าส์	60				
8850123150593	ฟาร์มเฮ้าส์	ฟาร์มเฮ้าส์					
8850123160226	ขนมปังโฮลวีตชนิดแผ่นผสมข้าวโอ๊ตและน้ำผึ้ง	ฟาร์มเฮ้าส์	50				
8850123392603	Farmhouse 45 g	Farmhouse	30				
8850123392627	Farmhouse	Farmhouse	170				
8850123392634	บัตเตอร์คุกกี้มอคค่าอัลมอนด์	ฟาร์มเฮ้าส์	30				
8850123396045	โดรายากิ ไส้ช็อกโกแลต	ฟาร์มเฮ้าส์	60				
8850123396151	โดรายากิไส้โอวัลติน ครันชี่ ตราฟาร์มเฮาส์ - 50 g	Farmhouse	50				
8850123515828	Deliya 390 g	Deliya	40				
8850123515835	Deliya 390 g	Deliya					
8850123519277	Deliya 800 g	Deliya					
8850123519284	deliya 23 g	deliya	40				
8850124006011	ครีมเทียม คอฟฟีเมต	Nestle	3				
8850124006691	Coffee mate	nestle					
8850124010728	Coffeemate Creamer Gold Jar 400G.	คอฟฟี่เมท	6				
8850124012272	nestle coffee mate						
8850124012296	Ideal	F&N					
8850124018205	Evaporated milk	Carnation	15				
8850124020321	Coffee mate	Nestlé					
8850124020550	Coffee Mate Original	Nestle					
8850124021991	นมสดพร่องมันเนย สเตอริไลส์ ตราหมี	Nestlé	140				
8850124025555	Carnation Full Cream Evaporated Milk	Nestle	100				
8850124032379	Hokkaido Milk Ice Cream	เนสท์เล่	58				
8850124041494	เนสท์เล่ 140 ml	เนสท์เล่	140				
8850124041517	White Molt Milk Beverage Bear Brand Gold	Nestlé	140				
8850124045461	Starbucks Frappuccino	Starbucks					
8850124065025	Seasoning	Maggi					
8850124070999	นมข้นจืด	คาร์เนชั่น					
8850124072849	ESPRESSO CONCENTRATE Rich Arabica Blend Sweet Vanilla	NESCAFÉ	50				
8850124073396	Sweet Creamer						
8850124080615	Coffee mate						
8850124095008	เนสกาแฟ ลาเต้	Nescafé	200				
8850125002609	แม็กกี้ 5 ml	แม็กกี้	5				
8850125006812	Nestle 50	Nestle	30				
8850125009264	เนสท์เล่ 80 g	เนสท์เล่	80				
8850125010376	แม็กกี้ 40 g	แม็กกี้	17				
8850125069503	Mocha Coffee Drink Frappuccino	Starbucks	280				
8850125070875	Party Mix Classic Mix 60g						
8850125072350	Blend & Brew…	เนสกาแฟ	17				
8850125072374	เนสกาแฟ เบลนด์ แอน บลิว เอสเปรสโซ โรสต์	Nescafé	15.8				
8850125075115	หมี	หมี	170				
8850125075184	เอสกิโม นมเย็น เนสเล่	Nestlé	50				
8850125076471	Maggi Classic Fish Sauce	Maggi					
8850125078680	เนสกาแฟ โกลด์	เนสเล่					
8850125078918	เนสกาแฟ เบลนด์ แอนด์ บลิว สูตรน้ำตาลน้อย	Nescafé	15.6				
8850125078925	เนสกาแฟ เบลนด์ แอนด์ บลิว สูตรน้ำตาลน้อย	เนสกาแฟ	15.6				
8850125079458	Gold cappuccino 3 in 1	Nescafé	20.5				
8850125081895	เนสกาแฟ แบล็คไอซ์	Nescafé	180				
8850125082342	Milo	Milo					
8850125082717	Nestlé 340 g	Nestlé	17				
8850125083813	Nestle Milo		230				
8850125088115	เนสกาแฟ	เนสท์เล่	9.6				
8850125088160	เนสกาแฟ อเมริกาโน่	เนสกาแฟ	9.6				
8850125088207	ไมโลโฮลเกรน	เนสเล่	30				
8850125090453	Gold honey flakes						
8850125090538	ไอศครีมโอรีโอ	เนสเล่	60				
8850125091504	Nestlé 180 ml	Nestlé	180				
8850125092297	น้ำกลิ่นมิกซ์เบอร์รี่	เนสเล่	340				
8850125092921	Nestlé 316 g	Nestlé	15.8				
8850125093737	Nescafé 18 g	Nescafé					
8850125093768	อเมริกาโน่ ผสมอาราบิก้าคั่วบดละเอียด - 54 g	Nescafé					
8850125096820	Nescafé 2 g	Nescafé					
8850125099906	Cold brew black coffee	เนสเล่	22				
8850127003567	Nesvita [only one image]	เนสเล่					
8850127003574	Nesvita เครื่องดื่มธัญญาหารสำเร็จรูป	Nestle	25				
8850127003598	เนสวีต้า สูตรน้ำตาลน้อยกว่า	Nestlé	26				
8850127003697	Nestlé 25 g, 1 sachet	Nestlé	25				
8850127003888	เนสกาแฟ ดาร์คโรส	เนสกาแฟ	180				
8850127005196	กาแฟ เอสเปรสโซ่ โรสต์	เนสเล่	18.5				
8850127007176	Nestlé 13 g	Nestlé	6.5				
8850127008739	คอฟฟี่เมด	Nestlé	3				
8850127008869	เนสท์เล่ คอฟฟีเมต ซอยย์	Nestlé	3				
8850127010077	Nestlé 140g	Nestlé	20				
8850127044003	Milo	Nestlé	30				
8850127044034	เนสเล่ไมโล 3-1	Nestlé	35				
8850127057980	Minere Drinking Water	Nestlé	500				
8850127058666	เนสกาแฟ 20 g	เนสกาแฟ	20				
8850127061598	Thai Milk Tea	Nestea	33				
8850127061604	Nestea Milk Tea Instant Mixed Powder 35G. Pack	Nestea	33				
8850127061697	เนสกาแฟ สมูฟ ลาเต้	Nescafé	190				
8850127061901	เนสวีต้า รสข้าวโพด	Nestlé	23				
8850127061918	เนสวีต้า รสข้าวโพด 12ซ	เนสท์เล่	23				
8850127063424	Coffee mate	Coffee-Mate					
8850128030067	เนสกาแฟเรดคัพ	Nestlé					
8850128030074	เนสกาแฟเรดคัพ	Nescafe					
8850128030104	เนสเล่ 25 g	เนสเล่					
8850131518774	ML	ML					
8850135557335	Joiner Strawberry Juice						
8850135880129	Organic Mixed Jasmine Rice Cereal						
8850138518821	ML	25000៛					
8850144003045	Best Foods	Best Foods					
8850144107040	พีนัทบัตเตอร์	สกิปปี	15				
8850144206552	Chicken cubes	Knorr					
8850144206576	Knorr	Knorr					
8850144208792	Shrimp Jok Cup		35				
8850144211440	ម្សៅស៊ុប ធំ	5500៛					
8850144212980	โจ๊กรสไก่	คนอร์	55				
8850144213673	ผงรสมะนาว	คนอร์	4				
8850144213963	คนอร์คัพโจ๊ก	คนอร์	35				
8850144214007	คัพโจ๊ก	คนอร์	35				
8850144215400	Knorr	Knorr					
8850144220169	คนอร์คัพโจ๊กปลาซอง	คนอร์	50				
8850144223887	โจ๊กรสแซลมอนและแครอท	Knorr	35				
8850144223917	Congee	Knor	35				
8850144223924	โจ๊กรสไก่และข้าวโพด	Knorr	35				
8850144224396	พาสต้า ไวท์ ครีม อัลแฟรโด้ รสเห็ดและไก่ - 40 g	Knorr	40				
8850144224792	Knorr	Knorr					
8850144226086	บิ๊กคัพโจ๊ก รสไก่	คนอร์	50				
8850144226093	คนอร์ บิ๊กคัพโจ๊ก รสกุ้ง-ปูอัด	คนอร์	50				
8850144226536	STRAWBERRY SPREAD (BEST FOODS BRAND)	เบสท์ฟู้ดส์	18				
8850144226574	แยมเบสฟู๊ดสตรอเบอร์รี่						
8850144226581	Best Foods mixed berry spread	Best Foods	19				
8850144226727	Hot Meals Beef Goto Mix	Knorr	35				
8850144227656	คนอร์ 35 g	คนอร์	35				
8850144228189	Chicken Powder	Knorr	6				
8850144228943	คนอร์ข้าวต้มกุ้งซอง	คนอร์	35				
8850144231592	ยูนิลิเวอร์ 26 g	ยูนิลิเวอร์	26				
8850144232629	คนอร์ 28 g	คนอร์	28				
8850144232667	คนอร์ 28 g	คนอร์	28				
8850151951377	มะลิ 170 g	มะลิ	20				
8850151951391	นมข้นหวานไขมัน 0%	Mali	20				
8850151951513	Easy Squeeze						
8850151951612	นมข้นหวาน	Mali	20				
8850151951827	มะลิ	มะลิ	20				
8850151965114	นมข้นหวานเบิดวิงซ์	เบิร์ดวิง					
8850153333096	ปลาแมคเคอเรลในซอสมะเขือเทศ	สามแม่ครัว	77				
8850153901028	ฉู่ฉี่ปลาแมคเคอเรล	สามแม่ครัว	95				
8850154000027	Palm oil	มรกต	15				
8850154000041	มรกต 1 l	มรกต	15				
8850154071041	มรกต	มรกต	15				
8850155001481	กันดี 150 ml	กันดี	150				
8850155011022	ข้าวเกรียบกุ้ง	มโนราห์	15				
8850155011121	Manora Fried shrimp chips	Manora	30				
8850155011923	ข้าวเกรียบกุ้ง	มโนห์รา	15				
8850155012142	ข้าวเกรียบกุ้ง ชนิดไม่ทอด	มโนราห์	30				
8850155111043	MANORA 32 g	MANORA	32				
8850155112040	ข้าวเกรียบเผือก ชนิดไม่ทอด	มโนราห์	30				
8850155121073	มาโนรา 85 g	มาโนรา	28				
8850155122025	มโนห์รา 200 g	มโนห์รา	30				
8850157000420	ขนมปังบัตเตอร์มะพร้าวอบกรอบ รสงาทอง ดอกบัว	ดอกบัว	35				
8850157000864	Squid Seafood Snack Bento	Bento	4				
8850157100700	Jele beautie vitamin c 200% lemon		150				
8850157101646	Lichee juice						
8850157105859	อควาวิตซ์	อควาวิตซ์	320				
8850157105910	jele 240 g	jele	240				
8850157106603	เจเล่	เจเล่ ชิววี่ เยลลี่	18				
8850157106818	jele 120 g	jele	120				
8850157106870	เจเล่ ไลท์ เฟรช์ชี่	jele					
8850157106931	Fresshy Lychee Flavour	Jele					
8850157107136	Jele Chewy Jelly 108 g	Jele Chewy Jelly	18				
8850157107181	JELE BEAUTIFUL ACAI BERRY	Jele beautie	140				
8850157107310	เจเล่ไลท์เฟรซชี่ 125 g	เจเล่ไลท์เฟรซชี่	125				
8850157107372	Jele Chewy Jelly 18 g	Jele Chewy Jelly	18				
8850157107501	Jele Chewy Jelly 18 g	Jele Chewy Jelly	18				
8850157107532	Jele Chewy Jelly 18 g	Jele Chewy Jelly	18				
8850157107907	เจเล่ 80 g	เจเล่	80				
8850157108164	jele fitt 27 g	jele fitt	27				
8850157108195	jele fitt 27 g	jele fitt	27				
8850157109543	เจเล่ ฟิตต์	เจเล่ ฟิตต์	50				
8850157110129	Jele Chewy 108 g	Jele Chewy	18				
8850157110150	เจเล่ 108 g	เจเล่	18				
8850157400206	Namprik Thai original	Bento	4				
8850157403030	เบนโตะ 30 g	เบนโตะ	30				
8850157403580	เบนโตะรสซีฟู้ด	เบนโตะ	5				
8850157404150	Squid Seafood Snack Extreme Spicy Flavour	เบนโตะ	20				
8850157404204	Squid Seafood Snack Sweet & Spicy Flavour (Squid Mixed Surimi)	Bento	36				
8850157405874	Mixed Seafood snack	Bento					
8850157407328	หมึกอบอร่อยเต็มแมกซ์	Bento					
8850157408523	Bento หมึกบดหม่าล่า	Bento					
8850157500371	ขนมขาไก่	โลตัส	28				
8850157511452	ขนมขาไก่ รสเบคอน	โลตัส	25				
8850157513791	ขนมขาไก่โลตัส	Dorkbua	25				
8850157514507	Korean Barbecue and Seaweed Biscuit	โลตัส	28				
8850157514996	Dorkbua Lotus	Lotus					
8850157527248	โลตัส หนังไก่กรอบ (แซ่บซี๊ด)​						
8850157528047	โลตัส 30 g	โลตัส	30				
8850157528207	ดอกบัว 60 g	ดอกบัว	30				
8850157529235	โลตัส Chicken Skin (Hat-Yai Styled)​	Srinanaporn	36				
8850157530170	Lotus drumstick grilled chicken with jaew sauce flavor	Dorkbua	40				
8850157550819	40% Coconut Juice with nata de coco	Magic Farm Fresh	240				
8850157552585	น้ำเต้าหู้ทรงเครื่อง	เมจิคฟาร์ม	220				
8850157553599	Coconut Juice	Magic Farm	250				
8850161155048	Lait de coco						
8850161161193	โคโค่แม็ก นํ้ามะพร้าวผสมลิ้นจี่	Cocomax	350				
8850161161339	COCOMAX	COCOMAX					
8850161163036	Jus de Coco						
8850161163081	Coco						
8850161166068	Coconut Milk						
8850161166259	Kokosnussmikch						
8850161230417	Coconut drink	Member‘s mark	310				
8850161230752	COCO Munch 30g	COCO Munch	30				
8850161230769	Coconut Snack With Pea Protein	COCOMUNCH Brand	30				
8850167009666	Sweet Potato Snack	Shi-Tori	50				
8850167009680	มันหนึบ	Shi-tori	50				
8850173320137	Curry paste						
8850175007012	Mr Muschle	KM : 7500៛  or  EN : 1.875					
8850180010052	Soybean oil						
8850180020013	หนองโพ 250 ml	หนองโพ	250				
8850180040011	Tempura Mehl	Gogi					
8850180040035	Crispy flour						
8850180040158	Gogi 2in1 Farine Et Chapelure Ho	โตกิ	108				
8850180050058	Fiskesaus	Tra Chang					
8850180051031	น้ำปลาแท้ตราชู ตราชั่ง						
8850180060019	กะปิ - 90 g	ตราชั่ง	16				
8850180060057	Trachang Brand Shrimp Paste	ตราชั่ง	15				
8850186100061	Equal						
8850186100078	อิควล คลาสสิค	อิควล					
8850186100139	equal CLASSIC 15 g	equal CLASSIC	15				
8850186910011	Pure Via	Sanko					
8850187000087	Riz gluant						
8850187001589	Royal umbrella new Crop 5kg	Royal Umbrella					
8850187003118	Thai Jasmine Rice	Royal Umbrella					
8850187004863	Rice stick	four elephants					
8850187011779	บีเค เพอร์ฟอร์แมนซ์ เดอะสโนว์ เครื่องดื่มกลิ่นฮันนี่ไลม์ - 170 มล.	BK performance	170				
8850187903203	Lait de Coco						
8850188140201	นมข้นหวาน	falcon	20				
8850188170208	นมข้นจืด	นกเหยี่ยว ฟอลคอน	45				
8850188221108	นมพร่องมันเนย	โฟร์โมสต์	180				
8850188242103	To be deleted						
8850188242301	[Only one image]						
8850188251105	Low fat milk	Foremost	225				
8850188800051	นมคืนรูป รสจืด	โฟร์โมสต์	180				
8850188804134	นมรสช็อกโกแลตนัตตี้พราลีน	โฟร์โมสต์	200				
8850188804141	โฟร์โมสต์ ช็อกโกแลตคาราเมล	โฟร์โมสต์	200				
8850188804165	โฟร์โมสต์โปรตีนพลัสกลิ่นวานิลลา	โฟร์โมสต์	180				
8850188804219	นมเย็นบิงซู	โฟร์โมสต์	225				
8850188804257	โฟร์โมสต์ช็อกโกแลตคลาสสิก	Foremost	180				
8850188804677	Foremost 180 ml	Foremost	180				
8850188804806	โฟร์โมสต์ 110 ml	โฟร์โมสต์	110				
8850188805056	Foremost  UHT Non Fat Milk	Foremost	225				
8850188805445	ผลิตภัณฑ์นม ยูเอชที รสจืด	Foremost	180				
8850189011609	Sunflower Kernels	Flower Food					
8850189012101	Honey roasted sunflower kernels	ฟลาวเวอร์ฟู๊ด	30				
8850189015249	เมล็ดทานตะวัน อบไม่ใส่เกลือ	Flower food brand	30				
8850189015256	เมล็ดฟักทองอบไม่ใส่เกลือ	ฟลาวเวอร์ฟู๊ด	30				
8850189071139	Flower Food 30 g	Flower Food	30				
8850189071221	Roasted pumpkin kernels	ฟลาวเวอร์ฟู๊ด	30				
8850199584933	นมอัดเม็ด	โรสเซล่า	6				
8850199585275	นมอัดเม็ด มิลค์โก้	มิลค์โก้	5.5				
8850199587521	เยลลี่ ปาร์ตี ABC	บริษัท ชวนพัฒน์ จำกัด					
8850201450515	เจลิโอ รสลิ้นจี่ผสมหญ้าหวาน	s-p	85				
8850206010127	Mushroom soy sauce preparation	Healthy boy brand					
8850206011032	ซีอิ๊วขาวสูตร 1	เด็กสมบูรณ์	15				
8850206015023	Thin soy sauce	Healthy boy brand					
8850206015030	ซีอิ๊วขาวฉลากแดง	เด็กสมบูรณ์	15				
8850206016037	Pad Thai	Healthy boy brand					
8850206061495	Black Soy Sauce	Dek Som Boon					
8850206066032	Black soy sauce orange label	เด็กสมบูรณ์	20				
8850206068487	BLACK SOY SAUCE						
8850206110179	น้ำจิ้มไก่	เด็กสมบูรณ์	19				
8850206110476	Sweet Chilli Sauce	Healthy Boy					
8850206111121	Sweet and sour plum sauce- sauce aigre-douce aux prunes	Healthy boy brand					
8850206115501	Chili Paste In Oil						
8850206117659	ซอสหอยนางรม	เด็กสมบูรณ์	16				
8850206212040	ซอสปรุงรสฝาเขียว	เด็กสมบูรณ์					
8850206230518	เด็กสมบูรณ์ 700 ml	เด็กสมบูรณ์	15				
8850206231041	Yellow curry stir-fry sauce	I-chef					
8850206250424	Monosodium Glutamat	Yan Wal Yun					
8850206250738	ซอสหอยนางรม - 200 g	Healthy Fit	15				
8850206250790	ซอสเหยาะจิ้ม healthy fit less sodium40%	เด็กสมบูรณ์	17				
8850206252527	Organic soy sauce	Healthy boy brand					
8850206253562	น้ำปลาคีโต	เด็กสมบูรณ์	15				
8850206254545	Pad thaï cooking sauce	dek som boon					
8850208450112	เต้าหู้ ถั่วเหลือง	Mountain	220				
8850208450143	เต้าหู้ก้อนญี่ปุ่น(ชนิดเนื้อนิ่ม)	SAKURA TOFU	140				
8850210000022	น้ำมันถั่วเหลือง	องุ่น	15				
8850213102006	Nam pla	Pichai Fish-Sauce Co.  Ltd.	15				
8850213107001	Nam Prat OYSTER Fish Sauce	Nam Prat					
8850213130122	หอยนางรมไลท์ 300 ml	หอยนางรมไลท์	15				
8850213770007	น้ำปลาแท้	หอยนางรม	15				
8850225503167	นำ้ปลาแท้ หอยเป๋าฮื้อ	Abalone	15				
8850227021287	Coconut Cream						
8850227022000	Lait de coco	Golden Valley	400				
8850227022949	Coconut beverage mango flavor						
8850227023069	Coconut chips original						
8850227023267	Thai coco, coconut milk, original	Thai Coco	280				
8850227023946	AJI	AJI	400				
8850227024141	Coconut Crispy Rolls						
8850227027548	Coconut milk light	Chef's	80				
8850227040196	100%椰子水	Thai Coco					
8850228000083	Redbull Toplex L	Redbull	100				
8850228001028	PURIKU CHRYSANTHEMUM						
8850228002698	เมล็ดทานตะวันเคลือบธัญพืชอบกรอบ รสต้นตำรับ - 28 g	ซันสแนค ดั๊งค์	28				
8850228003961	แมนซั่ม กลูต้าขวดแดง	แมนซั่ม	450				
8850228004593	mansome	mansome	450				
8850228004678	8850228004678						
8850228005248	เครื่องดื่มโสมเกาหลีสกัดและน้ำผึ้ง	โสมพลัส	95				
8850228005521	Red bull nước tương tăng lực						
8850228005668	เพียวริคุฟรุ๊ตไวท์ที รสทับทิม	เพียวริคุ	350				
8850228006078	To be deleted	643216					
8850228006733	Nước Tăng Lực Warrior Nho	Warrior					
8850228006993	เครื่องดื่มฮอปอัดก๊าซ รสออริจินัล ตราฮอปสเตอร์ - 330 ml	Hopster	330				
8850228007013	เครื่องดื่มฮอปอัดก๊าซ รสพลัมญี่ปุ่น ตราฮอปสเตอร์ - 330 ml	Hopster	330				
8850228007556	Red Bull with High Vitamins	Red Bull	250				
8850228007693	เรดบูล 250 ml	เรดบูล	250				
8850228007914	เรดดี้ 250 ml	เรดดี้	250				
8850228008249	มะปี๊ดโซดากลิ่นน้ำผึ้ง	ฟาร์มซ่า	250				
8850229100010	Tuna	Natures					
8850229100102	นอติลุส 170 g	นอติลุส	55				
8850229100966	นอติลุส 85 g	นอติลุส	117				
8850229102595	ทูน่าชนิดก้อนในน้ำเกลือ	ซีคราวน์	50				
8850229103042	ทูน่าแซนวิชในน้ำเกลือ	นอติลุส	55				
8850229103288	ปลาแมคเคอเรลในน้ำปลาร้าปรุงรส	มงกุฎทะเล	72				
8850229103301	ปลาแมคเคอเรลในซอสพริกศรีราชา	มงกุฎทะเล	72				
8850229103400	Tuna Steak in Spring Water	nautilus (Small)	60				
8850229103714	ทูน่าในน้ำมันรสเผ็ด	นอติลุส	56				
8850229103813	นอติลุส นํ้าพริกทูน่ากรอบ	นอติลุส	30				
8850229103837	น้ำพริกทูน่ากรอบ รสต้มยำ - 30 g	Nautilus	30				
8850229104728	ปลาแมกเคอเรลในซอสยำรสเผ็ด	Mongkut Talay	78				
8850229104766	Crispy salmon skin salted egg	Titan	30				
8850229104780	Titan 30 g	Titan	30				
8850229104919	Tuna Steak In Olive Oil	Nautilus	150				
8850229105480	Truffle Tuna Spread with Crackers	nautilus	107				
8850229105534	ปลาแมกเคอเรลในซอสมะเขือเทศ	Nautilus	78				
8850231000254	s-p 300 g	s-p	55				
8850231000582	S&P 300 g	S&P	55				
8850231010130	โรลกาแฟ	s-p	20				
8850231010222	เค้กบัตเตอร์ วานิลลา	s-p	32				
8850231010802	อัลมอนด์เค้ก	s-p	50				
8850231010901	เค้กนุ่มรสส้ม	S&P	55				
8850231012264	s-p 60 g	s-p	60				
8850231015708	คัพเค้ก ผลไม้รวม	s-p	35				
8850231016569	s-p 530 g, 22 pieces	s-p	53				
8850231032989	S&P 160 g	S&P	40				
8850231035782	ขนมปังสอดไส้รสบลูเบอรี่	s-p	60				
8850231040908	คุกกี้อัลมอนด์ - 150 g	s-p	25				
8850231041929	s-p 220 g	s-p	30				
8850231041967	เอสแอนด์พี 85 g	เอสแอนด์พี	30				
8850231041974	คุกกี้เนย - 85 กรัม	s-p	30				
8850231041981	S&P 85 g	S&P	30				
8850231041998	S&P 85 g	S&P	30				
8850231042582	Delio 220 g	Delio	30				
8850231042742	เอส แอนด์ พี 30 g	เอส แอนด์ พี	30				
8850231042766	เอส แอนด์ พี 30 g	เอส แอนด์ พี	30				
8850231042797	เอส แอนด์ พี 30 g	เอส แอนด์ พี	30				
8850231043046	เอส แอนด์ พี 30 g	เอส แอนด์ พี	30				
8850231043053	เอส แอนด์ พี 30 g	เอส แอนด์ พี	30				
8850231043084	แอ็ซซอทเต็ด คลาสสิคสไตล์ คุกกี้	เดลิโอ	30				
8850231043473	s&p 85 g	s&p	30				
8850231043497	s&p 85 g	s&p	30				
8850231044012	เอส แอนด์ พี	เอส แอนด์ พี	30				
8850231044029	เอส แอนด์ พี 85 กรัม	เอส แอนด์ พี	30				
8850231044036	เอส แอนด์ พี 85 g	เอส แอนด์ พี	30				
8850231044777	คุกกี้คิดส์ รสนม	S&P	18				
8850231046856	คุกกี้เนยคลาสสิคสไตล์ - 220 g	s-p	30				
8850231049666	s&p 90 g	s&p	30				
8850231050549	S&P	S&P					
8850231060104	ขนมไหว้พระจันทร์ไส้ไส้เมล็ดบัว	s-p	55				
8850231060111	s-p	s-p					
8850231060210	ขนมไหว้พระจันทร์ไส้ทุเรียนหมอนทอง	s-p	55				
8850231060944	ขนมไหว้พระจันทร์ไส้แปดเซียน	s-p	55				
8850231062030	s-p 170 g	s-p	55				
8850231062238	S&P Mooncake	S&P	55				
8850231063761	เอส แอนด์ พี	เอส แอนด์ พี	50				
8850231130029	น้ำส้มวาเลยเซีบ ตราเอส แอนด์ พี	s-p	200				
8850231130128	น้ำแครอทม่วง	s-p	200				
8850231170018	Original Thai Coconut Crispy Roll	S&P	16				
8850231170414	Delio 17 g	Delio	17				
8850231170421	Puff Cake with Orange Flavored Cream	Delio	17				
8850231520356	เอส แอนด์ พี 160 g	เอส แอนด์ พี	160				
8850231521025	เอส แอนด์ พี 200 g x 4	เอส แอนด์ พี					
8850231521032	S&P 160 g	S&P	160				
8850231521056	S&P 170 g	S&P	170				
8850231521537	S&P 150 g	S&P	150				
8850231521544	S&P 110 g	S&P	27.5				
8850231800007	ข้าวกะเพราไก่	s-p	295				
8850231800151	Taro pearls in coconut cream	Quick Meal					
8850231800380	ข้าวหมูไข่พะโล้	s-p	340				
8850231800656	สปาเก็ตตี้ขี้เมาไก่	s-p	250				
8850231800878	ข้าวผัดน้ำพริกปลาซาลมอน	s-p	250				
8850231802834	ข้าวผัดไรซ์เบอรี่ไก่และธัญพืช	s-p	280				
8850231821521	S&P 230 g	S&P	230				
8850231840362	s-p 210 g	s-p	210				
8850231840386	ข้าวผัดพริกขิงเจ - 200 g	s-p	200				
8850231840584	สปาเก็ตตี้พอร์คบอล	s-p	210				
8850231910218	วาฟเฟิล รสเมเปิ้ล	Delio	50				
8850233260137	โลชั่นเภชั่น						
8850248009080	งาดำ	krungsrifood	100				
8850248009165	ถั่วดำ	krungsrifood	100				
8850250001713	Würz-Mix mit Hühnergeschmack für Suppen und Gebratenes	AJINOMOTO					
8850250002215	Ajinomoto	Ajinomoto					
8850250002338	ไลท์ชูก้า	ไลท์ชูก้า	4				
8850250002895	mama 63 g	mama	63				
8850250004165	เบอร์ดี้ เอสเปรสโซ่ 3-1	เบอร์ดี้	13				
8850250004486	ยำยำจัมโบ้รสเย็นตาโฟ	ยำยำ	67				
8850250006329	ยำยำจับโบ้รสต้มยำทะเลหม้อไฟ	ยำยำ	67				
8850250007340	Glutamate de sodium	Ajinomoto					
8850250007654	เบอร์ดี้โรบัสต้า 3-1	เบอร์ดี้	28.2				
8850250007739	รสดีต้มยำ						
8850250007746	Preparation Sauce Basilic Epice	Ajinomoto					
8850250007975	รสดีแกงเขียวหวาน	Thailand					
8850250008279	บะหมี่กึ่งสำเร็จรูป รสสุกี้ทะเล	Ajinomoto	60				
8850250008361	เบอร์ดี้บาริสต้า เอสเพลสโซช็อต	เบอร์ดี้	150				
8850250008453	Ajinomoto 30g	Ajinomoto					
8850250008460	Ajinomoto	Ajinomoto					
8850250009153	yum-yum ุ60 g	yum-yum	60				
8850250010951	Pork flavour seasoning powder	Ajinomoto					
8850250010968	Ajinomoto	Ajinomoto					
8850250011521	Amino Vital Apple Gel	อะจิโนะโมะโต๊ะ					
8850250011613	ยำยำ รสต้มยำกุ้ง	Ajinomoto	80				
8850250011958	ยำยำรส spicy lobster แบบแห้ง	Ajinomoto	75				
8850250012023	Birdy 180 ml	Birdy	180				
8850250012238	อายิโนะโมะโต๊ะ 80 g	อายิโนะโมะโต๊ะ	80				
8850250012931	บะหมี่กึ่งสำเร็จรูป หมูสับ	ยำยำ	75				
8850250012979	บะหมี่กึ่งสำเร็จรูป รสผัดฉ่าทะเล - 75 g	Yumyum	75				
8850250013020	Ajinomoto	Ajinomoto					
8850250013372	Monosodium glutamat	Ajinomoto					
8850250013600	ชิคเก้นเชดด้าชีส	Plus+	62				
8850250013648	แซลมอนซุปโชยุ	Plus+	60				
8850250014195	yum-yum 75 g	yum-yum	75				
8850250014294	Birdy 250 ml	Birdy	250				
8850250014317	เบอร์ดี้ คาเฟ่ ลาเต้	เบอร์ดี้	200				
8850250014683	Yumyum Sood-ded Spicy Scallop XO Sauce Flavor	ยำยำ	75				
8850250015017	Msg	Ajinomoto					
8850250015840	เบอร์ดี้ คาเฟ่ คาราเมลมัคคิอาโต	birdy	200				
8850250016410	เบอร์ดี้	เบอร์ดี้	180				
8850250028123	ยำยำ ช้างน้อย รสข้าวโพด	ยำยำ					
8850256000659	มิตรผล น้ำตาลอ้อยผสมน้ำตาลมะพร้าว						
8850256510066	Natural Cane Sugar	Mitr Phol					
8850256511087	MITR PHOL SUGAR						
8850256610056	มิตรผล 500 g	มิตรผล	4				
8850256650069	Lin Half Calorie Sugar	Lin	4				
8850260020148	กรีน เมท นํ้าส้ม	Green Mate	200				
8850267112242	Soymilk hi calcium	lactasoy	200				
8850267112624	Lactasoy soymilk original	Lactasoy	125				
8850267112631	Chocolate soy milk	Lactasoy	125				
8850267112648	Lactasoy 125 ml	Lactasoy	125				
8850267112679	Lactasoy	Lactasoy					
8850267112839	Soymilk - Chocolate	Lactasoy	250				
8850267112846	Soy milk high calcium	แลคตาซอย	200				
8850267117124	Lactasoy original 6 packs						
8850267117636	เเลคตาซอยช็อคโกเเลต						
8850267122326	Soymilk	Lactasoy					
8850267900016	Lactosoy milk black sesame	Lactasoy					
8850267900146	Lactasoy unsweetened	แลคตาซอย	250				
8850267900603	แลคตาซอย 180 ml, per box	แลคตาซอย	180				
8850267900801	ซังซัง 300 ml	ซังซัง	300				
8850267900832	sing sing 200 ml	sing sing	200				
8850267901112	HIGH PROTEIN Lactose Free Chocolate HIGH PROTEIN Milk Product	เบเนฟิตต์	350				
8850269010447	หมูสวรรค์อบ	ส.ขอนแก่น	44				
8850269010508	Crispy Pork	ส.ขอนแก่น	20				
8850269010577	Fermented Sausage	ส.ขอนแก่น	50				
8850269010898	หมูยอ(หมูผสมไก่)	ส.ขอนแก่น	50				
8850269016562	กุนเชียงรสซีอิ๊ว (หมูผสมไก่)	ส. ขอนแก่น	45				
8850269018078	Crispy Flossy Pork With Fried Shallot	Thai Brand	30				
8850269018986	หมูยอโบราณ ส.ขอนแก่น						
8850269019174	ส.ขอนแก่น 100 g	ส.ขอนแก่น	100				
8850269019273	ส. ขอนแก่น	ส. ขอนแก่น	16				
8850269019570	แคปหมูไร้มัน	ส. ขอนแก่นฟู้ดส์ จำกัด (มหาชน)	16				
8850269520113	Entree	Entree	16				
8850269521684	ออง-เตร่ 70g	ออง-เตร่	16				
8850269522438	Everee 14 g	Everee	14				
8850269522759	Crispy Pork Rinds	Entrée	14				
8850269740399	ข้าวเหนียวหมูฝอย	ส.ขอนแก่น	120				
8850269740467	ข้าวหมูสับผัดไข่เค็ม	อีซี่โก	236				
8850271381016	NECTRA 310 ml	NECTRA	330				
8850274010005	นมจืด ตราโชคชัย	โชคชัย	200				
8850274010012	นมวัว	Chokchai Farm	200				
8850274016052	PASTEURIZED WHOLE MILK	CHOKCHAI DAIRY FARM	200				
8850274020004	น้ำนมโคยูเอชที ผลิดจากน้ำนมโค 100% รสจืด	ฟาร์มโชคชัย	200				
8850274024002	Chokchai Farm 200 ml	Chokchai Farm	200				
8850274024484	นมอัดเม็ด	โชคชัย	12.5				
8850277000010	แฮ็คส์ เรกูลาร์	แฮ็คส์	3				
8850277001413	Hacks 20.5 g	Hacks					
8850277001512	Hacks 20.5 g	Hacks	3.6				
8850277006241	ลูกอมโคล่า	ชินจัง					
8850282392179	こめ油	King					
8850282811250	ชอร์ตเทนนิ่งน้ำมันรำข้าวคิง	คิง	12				
8850283813185	เต้าหู้ยี้ (แดง)	แดง	10				
8850284010415	มือ 45 g	มือ	22.5				
8850284020315	เมล็ดทานตะวันอบเกลือ	ตรามือ	24				
8850284020544	Dry Roasted Sunflower Seeds with Herbs	มือ	22.5				
8850284030116	Watermelon seed						
8850284060137	ไก่ย่าง 35 g	ไก่ย่าง	35				
8850287000222	บอนช็อกโก เครื่องดื่มรสช็อกโกแลตสำเร็จรูป	Bonchoco	35				
8850291100192	Salt Broad Beans	TONG GARDEN	25				
8850291100512	Salted cashew nuts						
8850291100529	Salted Cocktail Nuts	Tong Garden					
8850291100567	Salted almonds	Tong Garden	30				
8850291100598	Salt pistachios [only one image]	Tong Garden	30				
8850291101175	Salted Cocktail Nuts	Tong Garden					
8850291101908	Amandes cerise	Tong Garden	30				
8850291101922	organic Chestnuts	TONG GARDEN					
8850291102110	ถั่วลิสงอบกะทิ ตราทองการ์เด้น	Tong Garden	30				
8850291102684	Mexican style peanuts	Tong Garden					
8850291102721	Cashew nuts mixed macadamias salted Tong garden		30				
8850291102738	Cashew nuts mixed macadamias honey roasted Tong garden		30				
8850291102745	Tong garden chili Flavoured	Tong Garden					
8850291102752	Tong Garden Onion and Garlic	Tong Garden					
8850291102790	TONG GARDEN SUNFLOQER KERNELS MIXED ANCHOVY						
8850291102998	Thai Chili Coated Peanuts	Tong Garden	45				
8850291103094	ถั่วลันเตา รสปลาหมึก	ทองการ์เด้น	25				
8850291103803	โยกิ 36 g	โยกิ	36				
8850291104084	Baked Cocktail Nuts	Tong Garden	30				
8850291104374	อามอเร่ 250 g	อามอเร่	30				
8850291104459	นูทริวัน 75 g	นูทริวัน	30				
8850291105296	Tong Garden 20 g	Tong Garden					
8850291105555	Noi 40 g	Noi	40				
8850291105562	Crispy seaweed with popping grains original	Noi	40				
8850291105630	Board beans	ทองการ์เด้น	40				
8850291106750	ถั่วปากอ้าเคลือบรสผัดขี้เมา ตราทองการ์เด้น	ทองการ์เด้น	40				
8850291107634	ถั่วปากอ้าอบเกลือ ตราทองการ์เด้น						
8850291108525	เนยถั่วลิสง ชนิดหยาบ	Tong Garden	15				
8850291108617	NutriOne: Hearty Mix	Tong Garden					
8850291108631	Nutrione Breakfast Mix Baked Nuts & Dried Fruits	Tong Garden	30				
8850291109003	Salted green pees	Tong Garden					
8850291109034	Salted faba beans  [only one image]	Tong garden	50				
8850291109607	คุกกี้ข้าวโอ๊ตผสมช็อกโกแลตชิพส์	อามอเร	36				
8850291109621	คุกกี้ข้าวโอ๊ตผสมแบล็คเคอร์แรนท์ช็อกโกแลตชิพส์	amore	36				
8850291110313	Nutrione Breakfast mix	Tong Garden					
8850291110825	Roasted pumpkin kernels	Tong Garden	30				
8850291111082	Peanuts Mixed Anchovy	Tong Garden	28				
8850291111556	Baked Nuts & Dried Fruit	Nutrione Berry Mix	28				
8850291111563	Baked nuts & dried fruit	Tong Garden	28				
8850291112416	Tong garden Noi มันสำปะหลังทอดกรอบ (รสสาหร่ายวาซาบิ)​						
8850291112508	TONG GARDEN Noi มันผสมเผือกชนิดแผ่นทอดกรอบ (เกลือทะเล)​	เอ็นเอโอ	30				
8850291112515	TG mixed root chips						
8850291140655	ถั่วลิสงอบรสน้ำผึ้ง	Tong Garden	42				
8850291150906	Coconut flavour coated peanuts	Tong Garden					
8850291160318	Salted Sunflower	ทองการ์เด้น	30				
8850291160356	Honey Sunflower	TOMG GARDEN	30				
8850291209185	Wasabi Broad Beans	Tong garden	30				
8850291211409	cashew nuts	Tong Garden					
8850291281815	Salted Pistachios	ทองการ์เด้น	35				
8850291300417	อัลมอนด์ รสน้ำผึ้ง	Tong Garden	35				
8850291530463	ทองการ์เด้น 40 g	ทองการ์เด้น	40				
8850294060301	โคฟี่ 320 ml	โคฟี่	320				
8850294100519	บะหมี่กึ่งสำเร็จรูป	Aro	48				
8850294165303	กาแฟโคฟี่	โคฟี่	250				
8850297605066	นํ้าหวานเข้มข้น กลิ่นสละ ตรา เฮลโหลบอย	เฮลโหลบอย	40				
8850297605073	นํ้าหวานเข้มข้น กลิ่นครีมโชดา ตรา เฮลโหลบอย	เฮลโหลบอย	40				
8850298305002	Erawan rice vermicelli	erawan	100				
8850304103707	Mentopas	KM: 2000៛  or  EN: 0.5$					
8850305310425	ลูกอมรสมะขาม	อมีร่า	3				
8850305380022	Tamarid Candy						
8850309003330	มันฝรั่งทอดรูปวง รสหัวหอมทรงเครื่อง - 57g	Roller coaster	30				
8850309003354	โรลเลอร์โคสเตอร์ รสหัวหอมทรงเครื่อง	โรลเลอร์โคสเตอร์	14				
8850309011106	Lausanne						
8850309011113	Lausanne						
8850309011212	โลซาน รสนม	โลซาน	30				
8850309150195	Cream O chocolate						
8850309200258	Majic cracker	Jack’in Jill					
8850309200319	Magic Sandwich Cracker	Jack 'n Jill	30				
8850309200913	ทิวลี่ ทวิน	ทิวลี่ทวิน	14				
8850309201347	ฟันโอ 45g	ฟันโอ	30				
8850309202269	Dewberry 36 g	Dewberry	36				
8850309202573	Magic twin butter						
8850309203020	ดิวโบอร์รี่ 72 g	ดิวโบอร์รี่	36				
8850309203037	ดิวเบอร์รี่ 36 g	ดิวเบอร์รี่	36				
8850309203211	Cream O strawberry						
8850309203600	Chocolate sandwich cookies filled with chocolate cream						
8850309203877	Fun-O Power	Fun-O	25				
8850309203945	FunO DoubleChoc	Jack'n Jill	17				
8850309204041	Cream o strawberry						
8850309204911	ฟันโอ 40.5 g	ฟันโอ	30				
8850309205826	JACK N JILL SPICY BBQ						
8850309207189	ฟันโอ ช็อกโกแลต เค้ก	ฟันโอ	17				
8850309207196	ฟันโอ ช็อกโกแลต เค้ก	ฟันโอ	17				
8850309207516	Jack’njill	Jack’njill	120				
8850309207639	ทิวลี่ทวินจัมโบ้	ทิวลี่	38				
8850309211834	ฟัน-โอ 40.5 g	ฟัน-โอ	40.5				
8850309213241	Creamo Gold Red Velvet	Jack'nJill	35				
8850309213289	แซนวิชคุกกี้ไส้ครีมและแยมสตรอเบอรรี่ ตราดิวเบอร์รี่	ดิวเบอร์รี่	18				
8850309213296	คุกกี้ดิวเบอร์รี่ รสบลูเบอร์รี่	ดิวเบอร์รี่	18				
8850309213937	ครีมโอกลิ่นคาปูชิโน่	ครีมโอ	30				
8850309214163	ทิวลี่ช็อกโกแลต	ทิวลี่	22				
8850309214392	ทิวลี่บิ๊กแบง สอดไส้คุกกี้กรอบ	ทิวลี่	25				
8850309216013	โรซ่า 57 g	โรซ่า					
8850309216211	Dewberry	Dewberry	17				
8850309217300	โลซาน ทูโทนมะพร้าวและใบเตย	Lausanne	30				
8850309217379	Lausanne โลซาน	JACK&JILL	18				
8850309217737	ยูอาร์ซี (ประเทศไทย)	ยูอาร์ซี (ประเทศไทย)	15				
8850309217751	ดิวเบอร์รี่ พัฟเค้กกลิ่นใบเตยสอดไส้ครีมกลิ่นใบเตยมะพร้าว	Dewberry	17				
8850309219106	เวเฟอร์รสช็อกโกแลต - 14 g	ทิวลี่	14				
8850309220249	ทิวลี่ทวิน 10 g	ทิวลี่ทวิน	10				
8850309220782	Lush sour 39.6 g	Lush sour	3.6				
8850309222328	Pie Cake with Orange Jam Filling and Orange Cream Coating	Dewberry Fruit Pie	18.5				
8850310000724	Kite Floor						
8850313000899	มะขามเปรี้ยว [Only one image]						
8850316010048	จินเจ็น 180 g	จินเจ็น	9				
8850316070110	Gingen Ginger With Honey Instant Powder	VATAN ENGROS AS					
8850316070370	Gingembre						
8850325807820	Chew Lounge 30 g	Chew Lounge	30				
8850329003624	Lactose Free Milk	Meiji	200				
8850329020409	Bulgaria Golden Hobey	Meiji	110				
8850329031023	ผลิดภัณฑ์นมพาสเจอไรส์ กลิ่นคุกกี้แอนด์ครีม	meiji	280				
8850329031030	นมพาสเจอร์ไรส์ กลิ่นรสสตรอเบอร์รี่ชิสเค้ก	Meiji	280				
8850329031078	Meiji 280 ml	Meiji	280				
8850329031627	เมจิ บัลแกเรีย	Meiji	110				
8850329032648	Kyoho Grape Flavoured Yoghurt with Nata De Coco	Meiji					
8850329047475	Greek yoghurt Light&Mild	Meji Bulgaria	110				
8850329051083	YOGURT	67cal	110				
8850329051144	meiji 946 ml	meiji	60				
8850329063765	Meiji	Meiji					
8850329073610	Skimmed milk	Meiji					
8850329102310	meiji 2000 ml	meiji	200				
8850329102532	Barista ตราเมจิ 2 L	Meiji	200				
8850329103003	100% Fresh Milk Pasteurized whole milk	Meiji	200				
8850329103034	Pasteurised Low Fat Chocolate Flavour Milk	Meiji	200				
8850329103737	เมจิแลคโตสฟรี	เมจิ	200				
8850329104000	ซีพีเมจิ	Meji	200				
8850329104734	เมจิแลคโตสฟรี	Meiji	200				
8850329104994	Matcha Latte Milk	meiji	200				
8850329106318	Meiji Brand	Meiji Brand	200				
8850329106585	นม กลิ่นมะม่วงอกร่อง	Meiji	200				
8850329106899	นมรสขนมรวมมิตร	Meiji	200				
8850329120314	Chocolate Milk	Meiji					
8850329120512	Coffee flavored milk Meiji	เมจิ	200				
8850329120819	meiji Low fat milk	meiji	200				
8850329123575	Melon Milk	Meiji	200				
8850329132706	0% fat yoghurt with prune	Meiji					
8850329134663	Skimmed milk	Meiji	100				
8850329145317	Chocolate Milk	เมจิ	200				
8850329145515	Meiji	CP	200				
8850329145560	เมจิไฮโปรตีน	เมจิ	350				
8850329145614	Low Fat Strawberry Flavour Milk	Meiji	200				
8850329145690	เมจิ ไฮโปรตีน สูตรน้ำตาลลด 40%	เมจิ	350				
8850329183418	นมไขมันต่ำ ตราเมจิ	เมจิ	200				
8850329230730	Meiji 1 bottle	Meiji	300				
8850329310173	Yoghurt	meiji					
8850329315314	โยเกิร์ต ผลไม้รวม	Meiji	135				
8850329349784	yoghurt with Probiotic	meiji	135				
8850329436187	ไพเกน โปร5 145 ml	ไพเกน โปร5	145				
8850329446308	Drinking yoghurt 0%	เมจิ ไพเกน	155				
8850332193572	japanese purin caramel pudding	imperial					
8850332202113	Imperial	Imperial					
8850332221084	เวเฟอร์สอดไส้ครีมรสโยเกิร์ตนํ้าส้มซันควิก	Imperial	33				
8850332222128	สตรอเบอร์รี่ เวเฟอร์	Imperial	33				
8850332234121	STRAWBERRY FRUIT SPREADABLE	อิทมพีเรีย					
8850332234220	แยมส้ม อิมพีเรียล						
8850332241143	Rosy original crakers		80				
8850332242140	อิมพีเรียล 80 g	อิมพีเรียล	40				
8850332244038	milk flavoured baked crackers with almonds	Baker's CHOICE	35				
8850332244137	Cream crackers	อิมพีเรียล	30				
8850332247848	ไวอเลต 64 g	ไวอเลต	32				
8850332250169	อิมพีเรียม 200 g	อิมพีเรียม	34				
8850332250381	IMPERIAL 85 g	IMPERIAL	32				
8850332250411	Imperial 100 g	Imperial	31				
8850332251685	อิมพีเรียล บัตเตอร์คุ้กกี้ สูตรเดนมาร์ค	Imperial	34				
8850332252354	คุ๊กกี้แซนวิชไส้ครีมกลิ่นช็อกโกแลต	อิมพีเรียล	27				
8850332254013	บัตเตอร์คุกกี้กลิ่นกาแฟ	คุกกี้ช้อยส์	30				
8850332254044	Chocolate chip butter cookies - 50 g	Cookie	25				
8850332254419	Cookie choice 20 g	Cookie choice	20				
8850332280050	ขนมปังกรอบผสมผักรสดั้งเดิม	อิมพีเรียล	30				
8850332311877	shredded cheese pizza&pasta	Imperial					
8850332413021	ไวโอเลต ออเรนจ์	Violet	33				
8850332501070	น้ำส้มซันควิก	ซันควิก	200				
8850332501087	น้ำส้มซันควิก	ซันควิก	200				
8850332505054	โฮลวีท แครกเกอร์	Rosy	41				
8850338003738	หมากฝรั่งรสมะนาว - 11.2 g	Dentyne					
8850338005572	HALLS Honey Lemon	Halls					
8850338007477	Halls	Halls					
8850338009440	Halls XS	Halls					
8850338009471	Halls XS เมนโทลิปตัส						
8850338016172	Clorets 2 pcs	Clorets					
8850338018206	คลอเร็ท มินต์ แท็บ	clorets					
8850338019029	Halls XS 15g	Halls XS					
8850338020513	Dentyne Splash	Trident					
8850338020711	หมากฝรั่งไม่มีน้ำตาล	Trident	3.8				
8850338026904	ฮอลล์ Lemon Lime Salt	ฮอลล์	6				
8850338027154	ฮอลล์ เอ็กซ์เอส คัลเลอร์ส	Halls					
8850338027895	Lychee tang						
8850338031137	Halls 28 g	Halls	6				
8850338036491	Dentyne ice 11.2 g	Dentyne ice					
8850343000012	Chili sauce	Heinz	15				
8850343000173	ซอสมะเขือเทศ	Heinz	15				
8850343003532	สลัดครีมลดไขมัน	ไฮนซ์	30				
8850343011254	วินเซนซ์ ฟู้ด 150 g	วินเซนซ์ ฟู้ด	150				
8850344000158	Oyster Sauce						
8850344001629	Pinapple sweet chili sauce	Suree					
8850344002503	Sauce teriyaki à l'ail	Suree					
8850344004187	กะทิ	มะพร้าวหอม	80				
8850344040130	Sweet Chili Sauce	my Chef					
8850344200145	Coconut milk	Autre					
8850344633714	coconut milk	le supreme					
8850344805005	Sweet Chilly Sauce	Monkey Brand	15				
8850344810290	Sweet Chilli	Monkey Brand					
8850346101129	7-Eleven 200 ml	7-Eleven	200				
8850346101136	ช๊อกโกแลตร๊อคกี้โรด	โฟร์โมสต์	200				
8850346101600	Ovaltine 200 ml	Ovaltine	200				
8850346103109	นมจืด	โฟร์โมสต์	200				
8850346103307	นมรสช็อกโกแลต	โฟร์โมสต์	200				
8850346105608	Ovaltine Pasteurized Milk	โอวัลติน	200				
8850346112606	โอวัลติน พร้อมดื่ม	Ovaltine	200				
8850346113108	นมจืด	โฟร์โมสต์	200				
8850346114105	โฟร์โมสต์ 400ml	โฟร์โมสต์	200				
8850346114143	นมจืด	โฟร์โมสต์	200				
8850346114600	โอวัลตินสูตรมาตรฐาน	Ovaltine	200				
8850346116147	โฟร์โมสต์ยัมมี่ รสจืด	โฟร์โมสต์	185				
8850346116246	นมรสครีมมี่ช็อกโกแลต	โฟร์โมสต์	185				
8850346116444	นมรสครีมมี่แฟลทไวท์คอฟฟี่ ตราโฟร์โมสต์ยัมมี่	โฟร์โมสต์	185				
8850357000022	ข้าว มาบุญครอง 5 Kg	ข้าว มาบุญครอง	50				
8850357000046	ข้าวกล้องหอมนพคุณ	Mah Boonkrong Rice	45				
8850357000992	มาบุญครอง 1 kg	มาบุญครอง	46				
8850358370605	Ground cinnamon	McGarrett					
8850358372739	Baking Powder	McGarrett					
8850358373002	แป้งเทมปุระ						
8850358373262	Instant Oats	McGarrett	50				
8850358373293	Instant Oats	McGarrett	50				
8850358373316	Multi Fruit Muesli	Mc Garret					
8850358374139	โรลด์วีท	แม็กกาแรต	50				
8850358374368	Peanut Butter	Mcgurrett	15				
8850359011033	มะขาม 5 รส	สวนวัง	3				
8850363300017	Hot and Sour soup mix	3 Chef's					
8850363300482	Thai food						
8850363300499	Sauce soja						
8850363301199	Nouille						
8850363301212	Nouilles asiatiques instantanée						
8850363301236	Nouilles asiatiques instantanées						
8850363301250	Nouilles asiatiques instantanées						
8850363500721	Lait de coco						
8850367100071	Chaokoh Coconut Milk	Chaokoh					
8850367100088	Coconut Milk Powder	Chaokoh	25				
8850367300044	Mae ploy, masman curry paste	Theppadungporn Coconut Co.  Lt	10				
8850367300051	Mae Ploy, Yellow Curry Paste	Theppadungporn Coconut . Ltd.	10				
8850367300310	Mae Ploy, Chilli Paste In Oil	Theppadungporn Coconut Co.  Lt	17				
8850367990443	Thai Style Salad Dressing	Mae Ploy	30				
8850367990818	Jackfruit in Syrup	Mae Ploy	141				
8850367991556	Sweet Chilli Sauce	Mae Ploy	100				
8850367991563	Mae Ploy Sweet chilli sauce	Mae Ploy	25				
8850367991754	Chaokoh, coconut water	Chaokoh	520				
8850367991761	100% Coconut Water	Chaokoh	300				
8850367992164	Coconut Cream	Chaokoh	80				
8850367992171	Coconut Cream	Chaokoh	80				
8850367992768	Coconut water	Yeo's	330				
8850367994694	น้ำปลาหวาน	แม่พลอย	40				
8850369028014	Hotta 30 g	Hotta	3				
8850369254086	กาแฟปรุงสำเร็จชนิดผง	Fitne'	11				
8850370241112	Thai Tea Mix	ChaTraMue					
8850370420333	Rose tea	ChaTraMue					
8850370421446	ชาตรามือ 40 g	ชาตรามือ	4				
8850370421637	ไอศกรีมรสชาเขียว ตรามือ	ชาตรามือ	80				
8850370481181	Instant Thai Tea	ChaTraMue Brand	20				
8850370481198	ชาตรามือ 50 g	ชาตรามือ					
8850370871111	ชาผงปรุงสำเร็จ ซองแดง	ชาตรามือ					
8850372000243	วุ้นเส้นแห้ง	ต้นไผ่	40				
8850375002121	ตูมตาม 23 g	ตูมตาม	23				
8850376000010	ขนมปังกรอบชีสเชค	JC	30				
8850376000096	ขนมปังกรอบชิคเก้นเชค	JC	30				
8850387000535	Classic Chocolate Favor	Crunchy Cone	70				
8850387002614	Glace Au Taro 5PCS - Surgeles						
8850387004014	ไอศกรีมนมผสมรสช็อกโกแลตเคลือบมิลค์ช็อกโกแลตคอมพาวด์และถั่วลิสง	Pilot	60				
8850387004670	CREMO 4 Pieces	CREMO	44				
8850387011760	vanila coklat flavour ice confection						
8850387011920	CREMO	CREMO	44				
8850387012132	CREMO 60g	CREMO	60				
8850387014365	CREAMO 60 g	CREAMO	60				
8850387014976	Dorayaki	Cremo	60				
8850388520704	ชาเขียวผสมสารสกัดบัลซิมแพร์ ไม่มีน้ำตาล	เดลี่เมท	300				
8850388540092	น้ำมิกซ์เบอร์รี่ 100% ตรายูนิฟ	ยูนิฟ	200				
8850388540191	ยูนิฟ นํ้ามะเขือเทศ	ยูนิฟ	300				
8850388540283	น้ำผลไม้รวม	ยูนิฟ	180				
8850388540795	Fresh+ chic carrot	Unif	230				
8850388541020	ยูนิฟ เฟรช 180 ml	ยูนิฟ เฟรช	180				
8850388541167	น้ำผักผลไม้ผสมผักใบเขียวรวม	Unif	200				
8850388546346	ยูนิฟ เฟรช	Unif	180				
8850388546469	ยูนิฟ 180 ml	ยูนิฟ	180				
8850388546810	40% Mixed Vegetable and Fruit Juice with Green Vegetable	Unif Fresh	180				
8850388547145	ยูนิฟ 200 ml	ยูนิฟ	200				
8850388547480	น้ำแครอทม่วง ตรา ยูนิฟ	ยูนิฟ	200				
8850389006283	mogu mogu	sappé					
8850389103128	Aloe Vera						
8850389103371	เซ็ปเป้ บิวติ ดริ๊งค์ ไฟเบอร์	เซ็ปเป้ บิวติ ดริ๊งค์	360				
8850389105399	MOGU MOGU Apple juice	Sappa Public Company Limited	320				
8850389105474	Mogu mogu	Mogu mogu					
8850389106457	Mogu mogu coconut	Mogu mogu					
8850389106914	Mogu mogu STWB 1L						
8850389108048	Mango	Mogu mogu					
8850389108055	Mogu Mogu Strawbery 320ml	Mogu mogu					
8850389108062	Mogu mogu lychee	Mogu mogu					
8850389108314	Mogu - mogu	PT. Sappe Indonesia					
8850389113004	Mogu Mogu	Sappe	100				
8850389113295	Mogu Mogu Melon	mogu mogu melon	320				
8850389114223	Sappe Collagen						
8850389115336	Melon Aloe Vera Cube Drink	Sappe	100				
8850389115374	Mogu mogu						
8850389115596	บลู รสคูลคาลาแมนซี่	บลู	200				
8850389115763	เซปเป้ บิวติดริ๊งค์ บิวติแอคน่า	เซปเป้	360				
8850389116210	Mogu Mogu Ice Burst	Mogu Mogu	150				
8850389116449	น้ำผสมวิตามินบี 3 บี 6 และวิตามินบี 12 กลิ่นแคกตัส - 200 ml	Blue	200				
8850389116814	Blue 500 ml	Blue	500				
8850389116951	Pineapple Flavored Drink With Nata De Coco	Mogu Mogu	320				
8850389118399	Beauti Drink Lucky In Love	Sappe Public Company Limited					
8850389118412	Beauti Drink Summer First Love	Sappe Public Company Limited					
8850389119143	Mogu Mogu Bubblegum 320ML	MOGU MOGU					
8850389119976	สาหรี่	สาหรี่	400				
8850389120101	Mogu Mogu - Tropical Delight Zero Sugar	Mogu Mogu	300				
8850389201114	ZEA Max 30 g	ZEA Max	30				
8850389300121	สริม ฟิต 12 g	สริม ฟิต	30				
8850389301753	เพรียว 12 กรัม	เพรียว	12				
8850389302729	กาแฟดำผสมซุปไก่	แม็กซ์ทีฟ	180				
8850389302965	Preaw Pudding 150 g	Preaw Pudding	150				
8850389302989	พุดดิ้งกาแฟ มัคคิอาโต้ เพรียว	เพรียว	150				
8850390000249	ครีมเทียม ตรา มายด์ แอนด์ ครีมมี่ บาย บัดดี้ดีน	บัดดี้ดีน	3				
8850390042737	กาแฟปรุงสำเร็จชนิดผง	Beauti srin plus De-toxi	12				
8850391121219	ระมิงค์ 37.5 g	ระมิงค์					
8850393801379	Betagen SCU lên men h.dâu	Betagen	300				
8850393991995	Betagen SCU lên men h.cam						
8850393995153	โยเกิร์ตบีทาเก้นผลไม้รวม						
8850403200406	สายฝน 35 g	สายฝน	35				
8850408000995	นมอัดเม็ด ตราเอ็นจอยมิลค์	เอ็นจอยมิลค์	24				
8850408004375	Honey Kiss	Honey Kiss	26				
8850412201128	FF 13 g	FF	13				
8850412373702	บะหมี่กึ่งสำเร็จรูป	เอฟเอฟ	45				
8850412374174	FF PAPRIKA SNACK	Fashion Food	29				
8850412503130	Flavour Cracker	Fashion Food Co.	36				
8850423000024	Hale’s blue boy brand	Hale’s	100				
8850424000764	Copp Cereals	Copp	17				
8850424000818	Twistko		17				
8850424000849	คอปป สกาย อาหารเช้าซีเรียล รสน้ำผึ้ง	คอปป สกาย	17				
8850424001631	Semon	Semon	30				
8850424001808	คัทโตะ	Kutto	7				
8850424002256	ทวิสโก้	euro					
8850425000268	เวเฟอร์สอดไส้ครีมเคลือบรสนม ตราปักกิ่ง - 7 g	Euro	7				
8850425000305	โอโจ้	Ojo	17				
8850425002187	Euro cake สตอเบอร์รี่	euro	24				
8850425002934	ยูโร่เค้กครีมสตรอเบอร์รี่	ยูโร่	17				
8850425003214	โลซาน กัสเซ็น	กัสเซ็น	25				
8850425003306	EUROPEAN FOOD PUBLIC CO. 90 g	EUROPEAN FOOD PUBLIC CO.	27				
8850425004860	เอลเซ่ 70g	เอลเซ่	15				
8850425004969	8850425004969						
8850425005348	ยูโร่เบเกอรี่บอล	ยูโร่	15				
8850425005416	Ellse	Euro	15				
8850425005591	ยูโร่ 14 g	ยูโร่	14				
8850425005607	ยูโร่ 14 g	ยูโร่	14				
8850425007687	euro 17 g	euro	17				
8850425007694	ยูโร่ 17 g	ยูโร่	17				
8850425008301	Layer Coconut Cake with White Cream						
8850425008554	Euro Cake: Banana						
8850425011615	ขนมเยลลี่เจลาตินรูปถ้วย	ยูโร	35				
8850425011844	ปีโป๊-กัมมี่ 20 g	ปีโป๊-กัมมี่	20				
8850425012520	ยูโร่ ปัง 40 g	ยูโร่ ปัง	40				
8850426000755	ยูโร่เค้ก คาปูชิโน	ยูโร่	17				
8850443200046	ข้าวกล้อง หงษ์ทอง	ฮอนท์ ท้อง					
8850443210052	หงษ์หอง ข้าวกล้องหอมใหม่ 100 %	หงษ์ทอง	50				
8850443530051	หงษ์ทอง 50 g	หงษ์ทอง	50				
8850451005565	น้ำบี วอเตอร์	บีวอเตอร์	300				
8850452109019	ฉลากเงิน ซอสหอยนางรม	ฉลากเงิน	15				
8850453001657	Superchocpop	Nestle	55				
8850453015371	Milo Chocolate Icecream	Milo	51				
8850453015630	Nestle 3.6 KG	Nestle	52				
8850453017528	ไอศกรีมดัดแปลงผสมรสช็อกโกแลตมอลต์สอดไส้ไซรัปกลิ่นนมเคลือบช็อกโกแลต - 55 g	Nestle	55				
8850453018419	เอสกิโม เอสกิโม พาวเวอร์ มิสไซล์	Nestlé	55				
8850453018518	เอสกิโม รสช็อกโกแลตสอดไส่น้ำเชื่อมรสช็อกโกแลต เคลือบด้วยช็อกโกแลตและไวท์คอมปาวด์โค้ตติ้ง	Nestlé	50				
8850460997417	Natura hair treatment	Lolane					
8850464000083	Glutamate monosodique						
8850464000151	Glutamat	Heuschen & Schrouff					
8850464000311	Monosodium glutamate	Young Co					
8850468200144	ปลาเส้นรสเอ็กซ์ทรีมบาร์บีคิว	ฟิชโช	20				
8850468203138	Fish Sheet	Tuf Thai Union Frozen Products	30				
8850468208041	ปลาแมคเคอเรลในซอสมะเขือเทศ	ซีเล็ค	85				
8850468208423	sealect	SEALECT	85				
8850468208614	Sealect 155g	Sealect	85				
8850468210945	วาฟเฟิลแช่แข็ง - 225 กรัม	Aro	45				
8850468250125	ฟิชโชรสสไปซี่ซีฟู้ด	ฟิชโช	25				
8850468250149	ปลาเส้นฟิชโชรสดับเบิ้ลชีสพิซซ่า	ฟิชโช	25				
8850468290114	แน็คซ์ แน็คซ์ หมึกทอดอบกรอบ รสต้มยำ	NaxNax	18				
8850468829864	แซนวิชโฮลวีท ทูน่าผักโขมชีส	อีซี่เทส	80				
8850469021847	SURAPON FOODS 180g	SURAPON FOODS	60				
8850469025142	เกี๊ยวซ่าหมู	สุรพลฟู้ดส์	66				
8850478020105	แม่ประนอม 90 g	แม่ประนอม	18				
8850487001128	น้ำพริกเผา	Maepranom Brand					
8850487015101	Chili Powder	Mae Pranom					
8850487024103	แม่ประนอม	แม่ประนอม	18				
8850487037172	DIPPING FOR CHICKEN 980g						
8850487039138	น้ำบ๊วยเจี่ย	แม่ประนอม	20				
8850487049106	Salted Plum	แม่ประนอม	28.4				
8850487080512	Maepranom brand 260	Maepranom brand					
8850490003416	ทุเรียนกวนพิเศษ - 45 g	Thai	45				
8850511121198	Makerel in tomato sauce	Roza	85				
8850511121280	ปลาแมคเคอเรลทอดซอสหม่าล่า	โรซ่า	85				
8850511221096	สเต็กปลาทูน่ารสเผ็ด	ROZA	105				
8850511321055	Roza 15 g	Roza	15				
8850511321178	ROZA ketchup	Roza	15				
8850511321215	chilly sauce Rosa	โรซ่า	15				
8850511321246	ซอสพริก โรซ่า	โรซ่า	15				
8850511321802	ซอสมะเขือเทศ	โรซ่า	15				
8850511321826	ซอสพริก	โรซ่า	17				
8850511421151	หมี่กึงพะโล้พร้อมทาน	ROZA	145				
8850511421182	ไก่ผัดกะเพราพร้อมทาน	โรซ่า	85				
8850511421243	ไก่ผัดกะเทียมพร้อมทาน	โรซ่า	90				
8850511421304	โรซ่าพร้อมทาน ข้าวไรซ์เบอร์รี่	Rice	150				
8850511421328	ROZA 180 g	ROZA	180				
8850511421380	ข้าวไรซ์เบอร์รี่ อบธัญพืช	โรซ่า	190				
8850511421403	corn soup	โรซ่า	200				
8850511421410	โรซ่าพร้อม 210 g	โรซ่าพร้อม	210				
8850511421434	โรซ่า	โรซ่า	320				
8850511521011	โรซ่า ซอสพริก	Roza	16				
8850511621582	โรซ่า ผักกาดดองเค็ม						
8850521950016	Nouilles de riz	How How	100				
8850521950290	yellow Chinese noodles						
8850524013855	คานิ แฟมิลี่ 100 g	คานิ แฟมิลี่	100				
8850524015842	Surimi Giant Crab Craw	Kani Family	50				
8850524100036	เนื้อปูเทียม	คานิเฟรช	64				
8850524560373	ก้ามปูหิมะเทียม	คานิแฟมิลี่	60				
8850524560960	Red king crab [only one image]	Kani family	60				
8850524561752	Surimi Jimbo Crab Leg	Kani family	100				
8850524561783	Surimi Snow Crab Leg	Surimi Seafood					
8850524620640	คานิฟิช	คานิแฟมิลี่	90				
8850524780917	ปลายอ	KANI	100				
8850524850061	โอเด้ง	คานิแฟมิลี่	250				
8850534103133	น้ำจิ้มสุกี้	Hot Pot Buffet	30				
8850534118564	ใส่ใจ	ใส่ใจ	30				
8850534121465	น้ำจิ้มแจ๋ว สูตรลดโซเดียม	Saijai	15				
8850539000017	Sweet Chili Sauce	Masterfoods	30				
8850539000024	SPRING ROLLS SAUCE	Namprik Maesri Ltd.	30				
8850539000314	Maesri 7 oz	Maesri					
8850539180344	Tom yum paste	Maesri	16				
8850539240390	Phrik Khing Curry Paste	Maesri	20				
8850539240406	Karee Curry Paste (Yellow Curry Paste)	Maesri	17				
8850539240475	Yellow sour curry paste	Maesri	36				
8850539240482	Thai Noodle Sauce (Namya)	Maesri	57				
8850539250030	Tom Kha Soup	Maesri	143				
8850539610346	Tom Yum Paste	Maesri					
8850539610353	Red Curry Paste						
8850539610438	Green curry paste	Maesri					
8850539621199	Green Curry Paste 225g	Maesri	17				
8850539810302	Fried Garlic	Maesri					
8850545311336	Tiparos Fish Sauce						
8850545777125	Tiparos Fish Sauce PVC						
8850545777712	Distilled Vinegar -  Tiparos						
8850548006185	ข้าวโพดอบรสปลาหมึก	ปาริปาริ	36				
8850554151022	โบโลน่า คลาสสิค ซีพี	7-Eleven					
8850554152111	โบโลน่าพริก	CP	150				
8850565102044	กะปิ	กุ้งไทย	15				
8850578944037	nouilles asitiques et soupe	asian spirit					
8850579000015	แห้วในน้ำเชื่อม	สโนว์เฮ้าส์	140				
8850580100032	Chococashew	Choki Choki					
8850580200039	Beng-beng	MAYORA	22				
8850580200152	กาแฟพร้อมดื่ม	kopiko	240				
8850580200381	Sando Italian Recipe  Chocolate Wafer	Mayora	32				
8850581111044	น้ำมันปาล์ม	หยก	15				
8850581111709	ខ្លាញ់ដបធំ	8000៛					
8850581172007	Authentic Thai Fish Sauce	Knife	15				
8850585990317	Lait de coco						
8850585992151	Coconut water with pulp	Jus Cool	290				
8850585992526	Basil seed drink with lychee flavour						
8850585992533	Basil seed drink with mango	Jus cool					
8850587000427	จอลลี่โคล่า	จอลลี้โคล่า	25				
8850587001288	จอลลี่แบร์ ซุปเปอร์ซาวร์	จอลลี่แบร์	21				
8850587002018	จอลลี่แบร์ ทีมหมีเขียว	จอลลี่แบร์	21				
8850590817005	กุ้งอบวุ้นเส้น	F&D	200				
8850590850002	บิบิมรามยอน บะหมี่ยำสไตล์เกาหลี	เอฟแอนด์ดี	215				
8850590973008	Salt chili stirfried chicken with rice	แฟมิลี่มาร์ท	210				
8850590991606	กุยช่ายทอด	Tesco	140				
8850590996502	ข้าวไก่อบยอดผัก	Lotus's	390				
8850610412272	Ananas en tranches						
8850614106047	OKOME SNACKS 22 g	OKOME SNACKS	22				
8850614106177	OKOME SNACKS 22 g	OKOME SNACKS	22				
8850617110034	THIPNIYOM　HERBAL TOOTH POWDER	THIPNIYOM					
8850620888050	Premium Fish Sauce	Squid Brand	15				
8850620888777	น้ำปลาแท้	ปลาหมึก	15				
8850624221150	Herbi Tea	Herbi Tea	380				
8850624221877	Aloenova Brand	Aloenova Brand	320				
8850624231135	Apple Cream Soda flavor with Nata de Coco	กาโตะ	300				
8850624231173	Caramel Butter Beer flavour with Nata de Coco	กาโตะ	300				
8850624231210	Kukuru 270 ml	Kukuru	270				
8850624231296	กาโตะ 300 g	กาโตะ	300				
8850632100836	HEARTBEAT JUMBO						
8850632105633	ลูกอมมะนาวโซดา	ฮาร์ทบีท	3				
8850632105657	ลูกอมแดงมะนาวโซดา	ฮาร์ทบีท	3				
8850632106142	ฮาร์ทบีท 35 g	ฮาร์ทบีท	5				
8850632205708	حلوى مضغيه بنكهة الفرواله و العنب	السعر 1 ريال					
8850632602071	Blueberry Candy Sticks	Sour Punk	50				
8850632603177	Zazzy Gummy Candy						
8850632603566	Punk strawberry flavour	Candy stick					
8850632603689	ساور بانك كولا						
8850632606925	Candy mini stick	Sour zank	20				
8850632608202	DRAGON TONGUE GRAPE						
8850632608776	حلوى سوس طرية بنكهة الفروالة و التفاح	السعر 0.50 هللة					
8850632608790	حلوى سوس طرية بنكهة توت ازرق	السعر 0.50 هللة					
8850632609766	حلاوة حامضة زازي						
8850635001031	น้ำมันปาล์ม	Oleen	15				
8850638002226	green papaya						
8850639004588	To be deleted						
8850639011302	โกโก้ดัทช์ 3 อิน 1 ดาร์ก	Cocoa Dutch	22				
8850643003416	Por Kwan, Sour And Spicy Sauce	Nr. Instant Produce Co. Ltd	15				
8850643009715	Por Kwan, Shrimp Paste With Bean Oil	Nr. Instant Produce Co.  Ltd.	15				
8850643009814	Por Kwan, Crab Paste With Bean Oil	Nr. Instant Produce Co.  Ltd.	15				
8850643057716	Won Ton Soup Base Mix	Asropa					
8850643063014	sauce aux huitre végétarien	Lee	15				
8850643067272	Por kwan, satay peanut sauce for chicken and pork, peanut	Por Kwan	25				
8850643070425	Sriracha Hot Chili Sauce	NR Instant Produce PCI					
8850643072511	Instant Thai Tea	DeDe Instant	35				
8850649205074	New Lamthong, Rambutan In Syrup	New Lamthong Foods Industries	80				
8850653180121	Charcoal Grilled Chicken with Rice	EZYGO	205				
8850653180824	7/11 Thailand	7/11 Thailand	170				
8850653191363	เวฟด็อกชิลลี่ชีส	ซีพี	105				
8850653192711	Kitchen Joy 200 g	Kitchen Joy	100				
8850653195279	แคบหมูรสต้มยำ						
8850653195408	Garlic and Pepper Tender Chicken Breast	CP Delight	80				
8850653195422	สเต๊กแฮมรมควันสูตรลดโซเดียม	ซีพีดีไลท์	80				
8850653196597	สันในไก่นุ่มย่างถ่าน	CP	84				
8850653197303	นักเก็ตไก่มินิ	cp	100				
8850653200201	ชิคฟิงเกอร์รสแม็กซิกันบาร์บีคิว	ซีพี	100				
8850653201178	สลัดผัก 3 สี	ซีพีดีไลท์	125				
8850653201222	ข้าวเหนียวไก่ย่างน้ำจิ้มแจ่ว	EzyGo	195				
8850653201246	ข้าวเหนียวตับกระเทียม	อีซี่โก	180				
8850653204490	CP 100g	CP	100				
8850653204582	ข้าวไก่ทอดน้ำปลา อีซี่โก	EZYGO	213				
8850653205527	เลือดหมูก้อน	ซีพี	100				
8850653205954	ไข่พะโล้		170				
8850653207125	ยูฟาร์ม 105 g	ยูฟาร์ม	105				
8850653210798	CP	CP	90				
8850653211511	ทรูคอฟฟี่ซิกเนเจอร์ ลาเต้	truecoffee	200				
8850653211528	อเมริกาโน่	Truecoffee	200				
8850653219845	CP 130 กรัม	CP	130				
8850653220087	ซีพีเอฟ 200 g	ซีพีเอฟ	100				
8850653432220	ไข่ไก่						
8850653530414	cp 200 g	cp	100				
8850653530810	CP 200g	CP	100				
8850653530957	Roasted BBQ chicken with honey	ซีพี	80				
8850653531091	สเต็กไก่ย่างถ่านพริกไทยดำ	ซีพี	90				
8850653607024	เกี๊ยวซอสญี่ปุ่น	ซีพี	110				
8850653607031	เกี๊ยวลุยสวน หมูผสมไก่ ตราซีพี	ซีพี	110				
8850653670127	CP 295g	CP	295				
8850653670233	CP 250g	CP	250				
8850653671100	สปาเก็ตตี้ไก่ครีมซอสเห็ด	ซีพี	220				
8850653671476	ข้าวผัดกะเพราหมู	อีซี่ช้อยส์	280				
8850653792058	สปาเก็ตตี้คาโบนาร่า	EZYGO	210				
8850653794960	Onsen Egg	CP					
8850653795066	ซีพี 450 g	ซีพี	450				
8850653797053	ไข่ไก่ยางมะตูม Medium Boiled Egg	7-11	58				
8850653797091	EZYGO	EZYGO	260				
8850653798579	ไส้กรอกรมควัน		120				
8850653923261	นักเก็ตกุ้ง	ซีพี	80				
8850662027028	บ๊วยอัดเม็ด	บ๊วย	20				
8850678230429	14$	14$					
8850678230528	21$ B	21$					
8850706000253	Fish ball large	Chiu Chow Brand	100				
8850706083065	เส้นปลาลูกชิ้นน้ำใส	Ezygo	330				
8850706989817	แต้จิ๋ว 70 g	แต้จิ๋ว	70				
8850718801060	Chip bag	Lay	13				
8850718801077	เลย์กลิ่นเอ็กตร้าบาร์บีคิว	เลย์	20				
8850718801688	Potato Chips Sweet Basil	Lay’s	30				
8850718801893	เลย์รสโนริสาหร่าย	เลย์	30				
8850718802111	ตะวัน 67 g	ตะวัน	30				
8850718803569	มันฝรั่งแท้ทอดกรอบแผ่นหยัก รสหมึกย่างฮอตชิลลี่	Lay	30				
8850718803576	Hot Chili Squid	Lay's	30				
8850718803781	เลย์ สแตคส์ รสดั้งเดิม	Lay's	38				
8850718804566	เลย์ สแตคส์ กลิ่นซอร์ครีมและหัวหอม	Lay's	38				
8850718804573	Lays stax	Lay's					
8850718805358	ซันไบทส์ รสบาร์บีคิว	ซันไบทส์	34				
8850718805389	ซันไบทส์ รสบาร์บีคิว	Sunbite	30				
8850718807109	Lays stack original	เลย์	14				
8850718807529	Lay's - เลย์สแตคส์ กลิ่นกุ้งมังกรสไปซี่	PepsiCo	14				
8850718807918	เลย์ สแตคส์ กลิ่นกุ้งมังกรสไปซี่	Lay's	30				
8850718807949	Flat Potato Chips Mieng Kam Krob Ros Flavor	เลย์	30				
8850718807963	Tapioca chips seasoned seaweed flavour	Tawan	30				
8850718809677	Lays	Lay's					
8850718809943	เลย์ปลมหมึก	Lay's					
8850718809981	Lay's Extra Barbecue Flavour	Lay's					
8850718810505	Grilled prawn and seafood sauce flavour chips	เลย์	30				
8850718811137	ตะวันรสลาบแซ่บ	ตะวัน	30				
8850718811304	Potato Chips Stax Sour Cream And Onion	Lays	44				
8850718811533	เลย์รสโนริสาหร่าย	Lay's	30				
8850718812530	เลย์รสหมึกย่างฮอตชิลลี่	เลย์	30				
8850718812844	ซันไบทส์ กลิ่นเกาลัดและออริกาโน่	ซันไบทส์	30				
8850718812899	เลย์ รสไข่เค็ม	Lay's	30				
8850718812929	ชีโตส 50 g	ชีโตส	30				
8850718813209	Lay's Baked BBQ	เลย์					
8850718813216	เลย์เบค รสปาปริก้า	เลย์	30				
8850718813544	เลย์ 48 g	เลย์	30				
8850718813551	เลย์ กลิ่นปูผัดผงกะหรี่	Lays	30				
8850718813605	เลย์รสต้มยำกุ้ง	เลย์	30				
8850718813612	เลย์ รสต้มยำกุ้ง	เลย์	30				
8850718813926	เลย์ รสพิซซ่าคั่วกลิ้ง	Lay's	30				
8850718813971	เลย์ รสแสร้งว่ากุ้ง	Lay's	30				
8850718814336	เลย์ รสสาหร่ายซอสเกาหลี	Lay's	30				
8850718814541	Lay's 48 g	Lay's	30				
8850718814596	Lay's 48 g	Lay's	30				
8850718814817	เลย์ รสไก่ทอดสูตรผู้พัน	Lay's	30				
8850718815289	max ghost pepper potato chips	lays					
8850718815876	เลย์ แม็กซ์ รสบาร์บีคิว พริกแซ่บซี้ด - 105 g	Lay’s	30				
8850718815944	เลย์  ( PARTY PACK)	เลย์	114				
8850718816378	เลย์ กลิ่นปูยักษ์ผัดซอสเอ็กซ์โอ	Lay’s	30				
8850718816385	เลย์ กลิ่นปูยักษ์ผัดซอสเอ็กซ์โอ	Lay's	30				
8850718816446	เลย์ รสกุ้งคั่วพริกเกลือ	Lay's	30				
8850718816545	Lay’s Spicy Korean ramen - 48 g	Lays	30				
8850718817122	เลย์ กลิ่นโอนิกิริไข่กุ้ง มายองเนส- 48 g	Lays	30				
8850718817146	เลย์ รสไก่ย่างถ่าน - 48 g	Lay's	30				
8850718817351	Lay’s Truffle	Lay’s	43				
8850718817726	ขนมธัญพืชอบกรอบ รสสตอเบอร์รี่โยกิร์ต - 60 กรัม	Sunbites	30				
8850718818129	เลย์ Heinz tomato ketchup	รสซอสมะเขือเทศ ไฮนซ์	30				
8850718818365	เลย์ กลิ่นข้าวผัดปู	Lay's	43				
8850718818457	lays max extra crunch อูนางิย่างซอสญี่ปุ่น	Lay	30				
8850718818655	Lays Nori Seaweed	Lays					
8850718818730	ซันไบท์ส ขนมธัญพืชอบกรอบ รสยำซีฟู้ดแซ่บซี๊ด	ซันไบท์ส	30				
8850718818808	ซันไบทส์ ขนมข้าวหอมมะลิอบกรอบ	ซันไบรส์	27				
8850718818846	ซันไบท์ส ขนมข้าวหอมมะลิอบกรอบ	ซันไบท์ส	30				
8850718819065	ซันไบทส์ 45 g	ซันไบทส์	30				
8850718819485	LAY EXTRA BBQ	Lays	30				
8850718819508	Lay Sweet Basil						
8850718819515	LAY SOUR CREAM & ONION	Lay's	48				
8850718819522	LAY MIENG KAM	Lay's	30				
8850718819539	Grilled Prawn & Seafood Sauce Flavour	Lay's	35				
8850718820238	Lay's 90 g	Lay's	30				
8850718820245	Lay's	Lay's					
8850718820474	เลย์ กลิ่นขนมปังกระเทียม	เลย์	42				
8850718820795	Lay's ุ69 g	Lay's	30				
8850718820986	เลย์ 50 g	เลย์	30				
8850718821082	Lay scallops	Lays Thailand	40				
8850718821600	Hot& Spicy	เลย์	30				
8850718821655	เลย์ กลิ่นไข่หมึกคั่วน้ำจิ้มซีฟู้ด	เลย์	30				
8850718821754	Lay's 42 g	Lay's	42				
8850718821761	Lay's	Lay's					
8850718821792	Lay's Stax 65 g	Lay's Stax	30				
8850718821907	Grilled prawn and seafood sauce chips	Lays	30				
8850718821914	Lays wagyu & truffle	Lays	30				
8850718822287	Cheese & Onion	เลย์	30				
8850721010718	เต้าหู้โมเมน (ohayo)						
8850721012217	นมถั่วเหลือง รสจืด	นางพยาบาล	200				
8850721013115	เต้าหู้ไข่ไก่	โอฮาโย	120				
8850721031119	OHAYO 300 ml	OHAYO	200				
8850721031416	Ohayo 300 ml	Ohayo	200				
8850721040517	นมถั่วเหลือง	โอฮาโย	200				
8850722043616	RA	Ar					
8850735100375	ผึ้งทอง 85 g	ผึ้งทอง	8.5				
8850743010222	เจ-วี 500 g	เจ-วี	50				
8850761110034	พายไส้ทูน่า - 100 g	พัฟฟี่	100				
8850762040071	Sweet Pickles	SIS					
8850762050360	นมข้นแปลงไขมันหวาน - 190 g	พาเลซโกลด์	20				
8850762050391	นมข้นหวาน ตราพาเลซ	พาเลซ					
8850765105098	ขนมทอดกรอบ ตราปูไทย	ปูไทย					
8850769001747	fish oil	MEGA we care					
8850769008661	vin						
8850769010824	4.7$	4.7$					
8850769012682	Nat C Yummy Gummyz	Mega We care	125				
8850769013245	Nat B Capsules	B - Complex					
8850769013344	Prenatal						
8850769014778	2.80$	2.80$					
8850769025736	GINSOMIN Korean Panax Ginseng Extract						
8850773104779	มะม่วงโชคอนันต์อบแห้ง	ดอยคำ	40				
8850773107046	ดอยคำ 400 g	ดอยคำ	15				
8850773108197	Strawberry Spread	ดอยคำ	27				
8850773108210	มัลเบอร์รีทาขนมปัง mulberry spread	ดอยคำ	27				
8850773110169	น้ำมะเขือเทศ99%	ดอยคำ	200				
8850773110206	ดอยคำ 200 ml	ดอยคำ	200				
8850773110886	น้ำสตอเบอร์รี่	ดอยคำ	200				
8850773112064	ดอยคำ 250 ml	ดอยคำ	250				
8850773510259	น้ำมัลเบอร์รี่ 50%	ดอยคำ	200				
8850773510280	น้ำฝรั่ง 98% ดอยคำ	ดอยคำ	200				
8850773510297	Doi Kham 12 ml	Doi Kham	200				
8850773510303	น้ำส้ม 98%	ดอยคำ	200				
8850773510334	น้ำมะม่วง 95%	ดอยคำ	200				
8850773510372	น้ำฝรั่งชมพู	ดอยคำ	200				
8850773510457	น้ำมะเจือเทศผสมน้ำผลไม้รวม98%	ดอยคำ	200				
8850773510495	ดอยคำ นํ้าเบอร์รีรวม 98%	Doi Kham	200				
8850773510563	น้ำมะเขือเทศม็อกเทล	ดอยคำ	200				
8850773510587	ดอยคำ 200 ml	ดอยคำ	200				
8850773510914	นมถั่วเหลืองผสมวุ้นมะพร้าว	ดอยคำ	250				
8850773511713	ดอยคำ 200 ml	ดอยคำ	200				
8850773530035	น้ำเสาวรสเข้มข้น	ดอยคำ	50				
8850773550262	Organic Dehydrated Mango Slices	Roots Market	28				
8850773570321	gemischte Marmelade Thailand						
8850773580023	ดอยคำ 180 g	ดอยคำ	15				
8850773580054	นมถั่วเหลืองอัดเม็ด	ดอยคำ	25				
8850773580078	นมถั่วเหลืองอัดเม็ด รสนม สูตรไซลิทอล	ดอยคำ	25				
8850773580139	Doi Kham 20 g	Doi Kham	6				
8850773580153	Milk flavored milk tablet		6				
8850773580184	ดอยคำ	ดอยคำ	6				
8850773660015	TOMATO KETCHUP	DOI KHAM	15				
8850773690012	เครื่องดื่มบ๊วยผสมน้ำผึ้งและมะนาว	ดอยคำ	85				
8850779100119	s-p 200 ml	s-p	200				
8850779100386	Apple juice Tipco	Tipco	200				
8850779100409	นำ้แอปเปิ้ลผสมนำ้ทับทิมรวม	s-p	200				
8850779559955	Aura Mineral Water						
8850781703278	Thai Sweet Sour Sauce 2yrs prod						
8850782251105	นมพร่องมันเนย	โฟร์โมสต์	225				
8850783000054	ถั่วมารูโจ้ รสกุ้ง	มารูโจ้	35				
8850783000504	มารุโจ้ 75 g	มารุโจ้	30				
8850788804015	sweet whole kernel corn	O&P					
8850792100752	หมี่เตี๊ยวเส้นเหลือง - 350 g	มังกรคู่	25				
8850801191344	บิสกิตวานิลลา-ช็อกโกแลต สอดไส้ครีมรสนม รวงข้าวสาลี	รวงข้าวสาลี	33				
8850801191382	ทองม้วน อินเตอร์ ไส้ครีม กลิ่นมะพร้าว แม่เล็ก	แม่เล็ก	25				
8850801892081	ขนมเวเฟอร์สอดไส้ครีมกลิ่นบลูเบอร์ ข้าวสาลี	รวงข้าวสาลี	27				
8850813101102	Kokosmilch						
8850813101119	Coconut milk	ชาวเกาะ	80				
8850813102017	Coconut cream						
8850813120042	coconut milk	ชาวเกาะ	80				
8850813200201	น้ำปลาแท้สูตรลดโซเดียม40%	กู๊ดไรฟ์	15				
8850813200317	น้ำจิ้มไก่	กู๊ดไรฟ์	36				
8850813200416	ซีอิ้ว สูตรลด เกลือโซเดียม	กู๊ดไรฟ์	15				
8850813200508	ซอสมะเขือเทศ	กู๊ดไรฟ์	17				
8850813200713	ซอสหอยนางรม ตรากู๊ดไรฟ์	Good Rife	15				
8850813322026	All Purpose Seasoning Sauce	King Island					
8850813400908	วี-ฟิทสูตรน้ำตาลน้อย	วี-ฟิท	250				
8850813401004	วี-ฟิทข้าวกล้องงอก 7 ชนิด	วี-ฟิท	250				
8850813401028	วี-ฟิท 7 ไรซ์	V-fit	250				
8850813402001	วี-ฟิทสูตรงาดำ	วีฟิท	250				
8850813403008	วี-ฟิทสูตร 5 ธัญพืช	วีฟิท	250				
8850813417012	วี-ฟิทสูตรไรซ์เบอร์รี่	วีฟิท	250				
8850813504002	Roi Thai Yellow Curry Soup	Roi Thai					
8850813505009	รอยไทย	รอยไทย					
8850813512038	Рафинированное 100% кокосовое масло	Roi Thai	600				
8850813700107	นมลูกเดือยรสจืด	โปรฟิท	250				
8850814662015	กุ๊กกุ๊ก 35 g	กุ๊กกุ๊ก	5.5				
8850820202533	ไดโนพาร์ค ขนมทอดกรอบรสซีฟู้ด	ไดโนพาร์ค	30				
8850820307009	SB 420 g	SB	28				
8850820505306	none halal	Dinopark	10				
8850838999418	หมี่ซั่วขาวแห้ง	ตาแป๊ะ	90				
8850838999425	หมี่ซั่วเหลืองแห้ง	ตาแป๊ะ	55				
8850866120228	Sweet Chili sauce for spring roll	Thai prestige	35				
8850869010250	Telephone Agar Agar Powder						
8850885201656	Zitronengraspulver	Nguan Soon					
8850885501756	Iodized salt						
8850885610113	ก๋วยจั๊บ สไตล์เยาวราช	มือที่1	65				
8850901020025	นมกลิ่นวานิลลา	จิตรลดา	200				
8850901020308	นมรสจืด	จิตรลดา	200				
8850901020339	นมกลิ่นสละ	Chitralada	200				
8850901030185	นมข้นคืนรูปหวาน ตราจิตรลดา	จิตรลดา	100				
8850901030901	จิตรลดา นมข้นคืนรูปหวาน	จิตรลดา	20				
8850901120503	คุกกี้เนยกลิ่นวานิลลา	โครงการส่วนพระองค์ สวนจิตรลดา	30				
8850901120534	คุกกี้เนยรสนม	โครงการส่วนพระองค์ สวนจิตรลดา	30				
8850901390043	โครงการส่วนพระองค์ สวนจิตรลดา 450 มล.	โครงการส่วนพระองค์ สวนจิตรลดา	200				
8850901390159	น้ำนมโคเต็มมันเนยสเตอริไลส์ - 180 ml	ชั่งหัวมัน	180				
8850904418157	กิฟฟารีน	กิฟฟารีน	27				
8850931031411	Limettenblätter						
8850931031480	Taro ice bar	Bua Luang					
8850931032692	Coconut ice cream						
8850939910701	ทิวลิปโกล์ด	Tulip Gold	12				
8850939910725	โกโก้ชนิดผง	Tulip	12				
8850939911432	เฮอร์ชีส์ นักเก็ต ครีมมี มิลค์ ช็อกโกแลต	เฮอร์ชีส์	28				
8850939915881	Hello Kitty	Jelfy					
8850939961024	Chocochips Cookies - 227 g	Arnott's	22.7				
8850939979487	เวเฟอร์ชนิดแท่ง สอดไส้ครีมนมวานิล - 330 กรัม	Arnotts	30				
8850940010254	해태	해태	24				
8850940017406	ริตเทอร์ สอร์ต 3 x 10 g	ริตเทอร์ สอร์ต	30				
8850940025258	McVitie's	McVitie's	29.2				
8850952010150	DeeDo 160 ml	DeeDo					
8850952021040	มิกกุ อิ้มมู 320 ml	มิกกุ อิ้มมู	320				
8850952021149	Apple Cider Vinegar	มิ้กกุ อิมมู	320				
8850952083642	ดีโด้ 1000 ml	ดีโด้	200				
8850952223949	Fruitku	ฟรุตกุ	350				
8850952306239	ดีโด้ลิ้นจี้20%						
8850952503249	ดีโด้ None	ดีโด้	200				
8850952801246	ดีโด้	Dee Do	200				
8850952901014	DeeDo 6 x 160 ml	DeeDo					
8850987101021	Mama Instant Noodles - Shrimp Tom Yum 1X60G	ยำยำ	55				
8850987101182	มาม่ารสเป็ดพะโล้	mama	55				
8850987108044	Stew bref with pepper	Thai Chef					
8850987108051	Oriental style instant noodles CHICKEN & MUSHROOM FLAVOUR	Thai Chef					
8850987123825	mama 42 g, 1 cup	mama	42				
8850987123863	มาม่า คัพ รสต้มยำกุ้ง	mama	42				
8850987128585	Instant Noodles Shrimp Tom Yum Big Pack	Mama	47				
8850987128776	Tom yum	Mama					
8850987128929	Shrimp Tom Yum Flavour	Mama	90				
8850987131103	มาม่าเกาหลี						
8850987131141	มาม่าโอเรียนทอลคิชเช่น รสฮอตแอนด์สไปซี่	mama	85				
8850987139147	Organic moroheiya vegetable noodles	Greenoodle	50				
8850987139154	Tom Yum						
8850987139253	Green Noodle Yakisoba						
8850987141584	บะหมี่กึ่งสำเร็จรูป รสสไปซี่ซีฟูดส์	mama	65				
8850987141645	Mama						
8850987142321	mama instant noodles creamy tom yum shrimp	Mama					
8850987142598	Pork Flavour Whole Wheat Noodle	Mama	60				
8850987142604	Chicken Noodle Whole Wheat	Mama	60				
8850987142611	มาม่าเย็นตาโฟต้มยำหม้อไฟ	mama	60				
8850987142710	มาม่า รสเย็นตาโฟต้มยำหม้อไฟ	mama	60				
8850987142772	Mama Tomyamkung	มาม่า	42				
8850987144387	MAMA NOODLES	mama	55				
8850987144417	บะหมี่กึ่งสำเร็จรูป รสแกงเขียวหวานไก่	mama	60				
8850987145049	Mama	Mama					
8850987146602	Shrimp Noodle						
8850987147869	Nouilles instantanées saveur curry jaune	Mama	90				
8850987148064	Instant Noodles						
8850987148118	มาม่ารสกระเพราแซบแห้ง	mama	55				
8850987148385	Mama Biffnudler	MAMA	350				
8850987148729	Spicy Chicken Instant Noodles	Mama	90				
8850987148767	Oriental kitchen - salted egg	Mama	80				
8850987149283	Mama Chicken Flavour Instant Noodles	Mama					
8850987149344	SHRIMP TOM YUM FLAVOUR	MAMA					
8850987149962	Nudler m/Kyllingsmak 5x55g Mama	Vatan engros as	100				
8850987150470	Instant Noodles Minced Pork Flavour Less Sodium	mama	60				
8850987150500	mama 55 g	mama	55				
8850987193088	มาม่า 85 g	มาม่า	85				
8850987194597	ตรามาม่า 60 g	ตรามาม่า	60				
8850987201165	มาม่า 50 g	มาม่า	50				
8850987201318	Mama rice vermicelli tomyam	Mama	55				
8850987351280	เวเฟอร์ไส้ครีม รสโกโก้	บิสชิน	29				
8850987351303	โฮลวีท แครกเกอร์	Bissin	30				
8850987351334	บิสกิตไส้ครีม กลิ่นเมลอน	บิสชิน	17				
8850987351341	biscuit 170 g	biscuit	17				
8850987351365	บิสชินรสมะพร้าว	บิสชิน	29				
8850987351419	เวฟเฟอร์ไส้ครีมรสมะพร้าว	Bissin	33				
8850987358029	ขนมปังกรอบรสมะพร้าว	โฮมมี	30				
8850987358654	HOMEY cracker Nori Seawood	HOMEY					
8850987362446	บิสสิน	บิสสิน	29				
8850987362781	Bissin 100 g	Bissin	33				
8850987362934	BISSIN 29 g	BISSIN	29				
8850987364006	ขนมปังกรอบ รสงา	โฮมมี	30				
8850987367458	Bissin 68 g	Bissin	34				
8850987369605	บัตเตอร์โคโคนัตบิสกิส	บิสซิน รสออริจินัล	32				
8850987376344	บิสกิตกลิ่นกาแฟ - 280 g	Penny-O	30				
8850998018264	บะหมี่กึ่งสำเร็จรูปรสข้าวซอยไก่	วนัสนันท์	200				
8850999000121	B-ing Fine 350 ml	B-ing Fine	350				
8850999000190	Dumbliu užkanfis						
8850999003412	สาหร่ายทอดกรอบรสบาร์บีคิวเกาหลี	มาชิตะ	12				
8850999005218	สาหร่ายอบมาชิตะ	มาชิตะ	5				
8850999005683	L’eau						
8850999014616	Singha - The original Thai Beer	Singha					
8850999019123	สิงห์ เลมอนโซดา	Singha	330				
8850999023175	SINGHA 330 ml	SINGHA	330				
8850999025728	SING None	SING					
8850999112114	Singha Pilsner 24 stk.						
8850999143002	Bière de Thaïlande	Leo					
8851000511681	Sladojević	Sladojević					
8851004101055	ปาร์ตี้คาราเมล	Party					
8851004101208	Party		34				
8851004101215	ปาร์ตี้ รสครองแครง	Party					
8851004101710	ปาร์ตี้ คาราเมล	ปาร์ตี้	30				
8851004401056	BARBECUE MAX	Tasto	11				
8851004401254	เทสโตบาร์บีคิว	Tasto					
8851004401261	เทสโต้ บาบีคิวแม็ก มันฝรั่งแผ่นทอดกรอบ	เทสโต้	25				
8851004402053	เทสโต มันฝรั่งแท้						
8851004402251	TASTO POTATO CHIP RIDGE						
8851004406259	เทสโตปูผัดผงกะหรี่	เทสโต	25				
8851004416258	มันฝรั่งทอดกรอบแผ่นเรียบรสซอลธ์แอนด์ซาวร์	Tasto	75				
8851004460305	เทสโต รสหม่าล่า เสฉวน	Testo	30				
8851004475309	Salted egg Chip	Tasto	50				
8851004498070	Tasto 25 g	Tasto	21				
8851004498605	Tasto 42 g	Tasto	21				
8851004841326	โดโซะกุรุเมะรสกุ้งสาหร่าย	โดโซะ	29				
8851004842255	ข้าวอบกรอบผสมข้าวไรซ์เบอร์รี่ รสหมึกย่างสาหร่ายญี่ปุ่น - 36 g		36				
8851004899846	DOZO 65 g	DOZO	32				
8851011216438	Bambusstreifen, schmal	Elephants					
8851011221456	Green jackfruit in salt water	Twin elephants & Earth brand					
8851011222279	Banánový květ ve slaném nálevu	Twin elephants & earth brand					
8851011322948	Coconut Milk Light	Elephant Sun					
8851013201531	Tipco Homsuwan 110 g	Tipco Homsuwan	110				
8851013702496	น้ำมะพร้าว	ทิปโก้	200				
8851013707361	ชาอู่หลง สูตรไม่เติมน้ำตาลตรา ทีพลัส	ทีพลัส	200				
8851013712495	แอปเปิ้ลไซเดอร์ ตราทิปโก้	ทิปโก้	200				
8851013723477	น้ำผลไม้ผสมน้ำผักรวมสูตรแครอทม่วง ตราทิปโก้ - 225 มล	Tipco	225				
8851013726485	Tipco PLAY 180 ml	Tipco PLAY	180				
8851013732981	น้ำเบอรรี่มิกซ์	ทิปโก้	200				
8851013733988	ทิปโก้ คูล ฟิต	Tipco	200				
8851013738983	ทิปโก้40% องุ่น						
8851013760984	น้ำผักผสมผลไม้รวม	ทิปโก้	200				
8851013763497	น้ำมะเขือเทศ ผสมน้ำคามูคามู 100%	Tipco	200				
8851013765491	TIPCO 1 l	TIPCO	200				
8851013766498	Double tomato	Tipco					
8851013767297	น้ำทับทิม ตราทิปโก้ สควีซ	ทิปโก้	250				
8851013767983	Tipco 100%	Tipco					
8851013772291	น้ำมะม่วง ตราทิปโก้ สควีซ	ทิปโก้	200				
8851013773281	นํ้าเชอร์รี่เบอร์รี่ ผสมนํ้าองุ่นรวม 100%	Tipco	200				
8851013778293	Sai Num Phueng Orange Juice	TIPCO	200				
8851013778491	ทิปโก้ 1l	ทิปโก้	200				
8851013780982	น้ำพรุน ผสมนำองุ่น ตรา Tipco - 200 ml	ทิปโก้	200				
8851013781989	Mangosteen juice	Tipco	200				
8851013782498	น้ำสับปะรดหอมสุรรณ	ทิปโก้	200				
8851013791292	Tipco	Tipco					
8851013791988	Shogun Orange Juice	Tipco					
8851013793494	100% Valencia orange juice	Tipco					
8851013794989	น้ำส้มเขียวหวาน	ทิปโก้	200				
8851013797980	น้ำองุ่นแดง ตรา ทิปโก้	ทิปโก้	200				
8851013798499	น้ำแอปเปิ้ล	ทิปโก้	200				
8851013799984	BAAM Iso Zero	Tipco	200				
8851016000520	บันบัน รสดั้งเดิม	บันบัน	34				
8851016000643	calbee 28g	calbee	28				
8851016001022	Calbee 55 g	Calbee	28				
8851016001091	Calbee	Calbee					
8851016001343	Calbee Vegetable Fries	Calbee	45				
8851016001688	คาลบี้ 70 g	คาลบี้	32				
8851016002302	Calbee Vegetable Fries barbecue flavour	Calbee	45				
8851016002685	แจ็กซ์ พร้อมซอสพริก	แจ็กซ์	55				
8851016003064	ข้าวเกรียบกุ้งรสหมึกย่างสาหร่าย	คาลบี้	30				
8851016003798	แจ๊กซ์ รสน้ำพริกเผา	แจ๊กซ์	30				
8851016005044	Prawn crackers	Calbee					
8851016006027	Hot & Garlic Green Pea	Harvest Snaps	31				
8851016006126	Green Pea Wasabi						
8851016006225	هارفيست سنابس (الجبنة الفرنسية)	هارفيست سنابس	31				
8851016007109	Calbee	Calbee					
8851016009325	แจ็กซ์มิกซ์ รสเรดฮอตชิลลี่	แจ็กซ์	25				
8851016011090	Calbee prawn cracker	Calbee	30				
8851016011168	calbee prawn crackers spicy	Calbee	30				
8851016011403	Calbee prawn crackers Black pepper	Calbee	30				
8851016120532	Green peas	Calbee					
8851016220157	สาหร่ายแซลมอนย่างเทอริยากิ - 50 g	Calbee	25				
8851016220430	ข้าวเกรียบกุ้ง รสฮอตโตะ ซิลลี่ - 75 g	Calbee	25				
8851016221017	MALA prawn craker	Calbee					
8851016230156	Baked Pea Crisps	Harvest Snaps	35				
8851016500082	Calbee 70 g	Calbee	35				
8851019000138	Pocky Yuzu Flavour	Pocky					
8851019000343	Pocky almond	Glico	40				
8851019000442	Glico	Glico	180				
8851019000985	Pocky Festive Delight	Glico	31				
8851019001104	Almond Koka (Almond Milk)	Glico	180				
8851019001111	Almond Koka Unsweetened Almond Milk	ALMOND KOKA	180				
8851019001258	Pocky Strawberry​ ​Peach youghurt	Pocky	38				
8851019010076	Pocky amande chocolat	Pocky					
8851019010175	ป๊อกกี้ บลูเบอร์รี่	กูลิโกะ	37				
8851019010298	Glico	Glico					
8851019010335	Pocky	Pocky	39				
8851019010410	ป๊อกกี้ มิลค์กี้ ช็อกโกลา	กูลิโกะ	44				
8851019010502	ป๊อกกี้ กลิ่นสตรอเบอรี่ กล่องเล็ก	ป๊อกกี้	21				
8851019010519	ป๊อกกี้ ช็อกโกแลต แบบซอง	ป๊อกกี้	12				
8851019010625	ป๊อกกี้ ช็อกโกแลต แบบซอง	Glico	30				
8851019010823	พีจอย กลิ่นคาราเมล มัคคีอาโต กูลิโกะ	กูลิโกะ	27				
8851019010847	พีจอย รสช็อกโกแลต	กูลิโกะ	54				
8851019020372	Alfie Milk Chocolate						
8851019020389	แอลฟี่ คุกกี้แอนด์ครีม	กูลิโกะ	31				
8851019020396	Alfie Strawberry						
8851019020402	alfie 31 g	alfie	31				
8851019030203	เพรทซ์แท่งบาง รสชีส	กูลิโกะ	37				
8851019030241	เพรทซ์ ฟรายด์	กูลิโกะ	39				
8851019030463	เพรทซ์ กูร์เมต์ซอสไก่	กูลิโกะ	30				
8851019030494	เพรทซ์แท่งบาง รสสไปซี่กุ้ง	กูลิโกะ	37				
8851019030548	กูลิโกะ 41 g	กูลิโกะ	41				
8851019030708	โคลอนกลิ่นชาเขียวมัชชะ	กูลิโกะ	23				
8851019030753	ทินนี่	Glico	45				
8851019030944	เพรทซ์ รสบาร์บีคิวไก่	กูลิโกะ	25				
8851019030951	เพรทซ์ รสลาบ	กูลิโกะ	22				
8851019030982	Pretz sabor Tom Yum	กูลิโกะ	23				
8851019030999	เพรทซ์ ฮาร์เวซท์ รสแอปเปิ้ล	กูลิโกะ	34				
8851019130514	Collon Cream		46				
8851019130521	Collon Chocolate	Glico	41				
8851019130545	Collon Strawberry		46				
8851019210117	Pocky	Pocky					
8851019230412	Pretz sabor pizza	Glico					
8851019330341	Pretz	Pretz	100				
8851019410173	Cookies and Cream	Pocky	40				
8851019500676	Pocky Wholesome Blueberry Yoghurt with Real Blueberry Bits	Pocky	36				
8851019510118	Pocky	Glico	52				
8851019510477	Pretz Bbq Chicken						
8851019600024	Almond Koka, Chocolate Flavor		180				
8851019600079	Almond Milk (Mixed Nuts)	Glico					
8851019710143	Pocky chocolat	Pocky					
8851019710150	Pocky	Pocky					
8851019910529	ป๊อกกี้ ช็อกโกแลต แบบซอง	ป๊อกกี้	12				
8851028000747	Vitamilk 125 ml	Vitamilk	125				
8851028001201	วี-ซอย ไฮแคลเซียม สูตรข้าว 3 ชนิด	วีซอย	230				
8851028001423	ไวตามิ้ลค์ดับเบิ้ลแบล็ค	ไวตามิ้ลค์	300				
8851028001881	ไวตามิ้ลค์ ดับเบิ้ลช็อกโก	ไวตามิ้ลค์	300				
8851028002314	Vita Milk double choco						
8851028003625	Vitamilk light	Vitamilk	300				
8851028003649	Vitamilk กลมกล่อม 2900350 จำนวน3 กล่อง	ไวตามิลค์	300				
8851028004073	วีซอยสูตรหวานน้อย	วี-ซอย	230				
8851028004080	วีซอยรสงาขาวและงาดำ	วี-ซอย	230				
8851028004592	น้ำนมถั่วเหลือง รสจืด ปราศจากน้ำตาลแลคโตส	Vitamilk	180				
8851028004608	ไวตามิลค์	Vitamilk	110				
8851028004752	V-Soy cocoa						
8851028004943	soya bean milk low sugar for barista	V-Soy	250				
8851028005193	ไวตามิ้ลค์ สูตร ออริจินัล	vitamilk	300				
8851028006039	Almond Lactose Free V-Soy	V-Soy	180				
8851028006312	วีซอย 1 l	วีซอย	200				
8851028006619	V-SOY 1000 ml	V-SOY	200				
8851028007043	Soy Milk	Vitamilk	250				
8851028110712	Vitamilk vegan formula	ไวตามิ้ลค์					
8851028111016	วี-ซอย ไฮแคลเซียม สูตรไม่เติมน้ำตาล	วีซอย	230				
8851028111412	วี-ซอย สูตรหวานน้อย	วีซอย	230				
8851034511022	海底之椰						
8851042805113	แสนดี 1 kg	แสนดี	50				
8851081221301	XO Sauce	LinLin	15				
8851081301423	Ground Red Chili with Garlic	Ox Brand					
8851081460519	Sour Bamboo Shoots	Thai Boy					
8851081580231	Penta tom yum paste 908g	Lobo	30				
8851096020012	push pop candy						
8851101991733	มะม่วงกวน	วรพร	30				
8851101999135	มะม่วงกวน	วรพร	30				
8851123211024	Lipovitan D	Lipovitan	100				
8851123211284	เครื่องดื่มลิโพ-ไฟน์ - 100 ml	Lipo	100				
8851123212113	เอ็ม-สปอร์ต 250 ml	เอ็ม-สปอร์ต	250				
8851123212199	M Sport Plus Electrolyte	M-sport	250				
8851123217279	กาแฟเอสเปรสโซ่ผสมโสม	เอ็ม	180				
8851123220033	Storm Original D-ribose		150				
8851123225007	เปปทีน 4000 สูตรออริจินอล	เปปทีน	100				
8851123225052	เปปทีน 8000 สูตรออริจินอล	เปปทีน	150				
8851123229692	Shark						
8851123233002	โสมอินซัม 100 ml	โสมอินซัม	100				
8851123237031	วิตามินออเร้นจ์	C-Vitt	140				
8851123237185	ซีวิตพลัสคอลลาเจน						
8851123237246	ซีวิต วิตามินเลมอน	C-vitt	140				
8851123237390	C-vitt 140 ml	C-vitt	140				
8851123238021	เครื่องดื่มผสมนมเปรี้ยว - 300 ml	คาลพิส แลคโตะ	300				
8851123240758	เอ็ม 150	M-150	150				
8851123241373	เอ็ม-150 250ml	เอ็ม-150	245				
8851123250191	Shark zero calories						
8851123250559	ชาร์ค 250 ml	ชาร์ค	250				
8851123250573	เครื่องดื่มโซดา ผสมสังกะสี(ซิงค์) กลิ่นเลม่อน ม็อกเทล	Shrk	250				
8851123349086	BabiMild Baby Oil 100ml.						
8851123349802	BabiMild Baby Oil 100ml.						
8851123705776	BabiMild Powderခရမ်း 160g						
8851156003177	KAEW 100g	KAEW					
8851156040929	แก้ว 120 g	แก้ว	35				
8851156041117	แก้ว 50 g	แก้ว					
8851175205095	Chalawan						
8851183101563	kitty boy fruity cream cone						
8851198028527	Soothing honey lemon	Strepsils					
8851212220043	Jasmine rice						
8851230006018	Sai Sai 89	25000៛					
8851230006025	Sai Sai 89	Sai Sai 89					
8851230006056	Sei Sai 89	Sei Sai 89					
8851234240012	ขนมแป้งอบญี่ปุ่น	ไดนิชิ	35				
8851234290239	Tabi 52 g	Tabi	26				
8851234290246	ข้าวอบกรอบสไตล์ญี่ปุ่น รสรวมรส- 52 g	Tabi	26				
8851234310036	Cuttlefish Flavored Crispy Green Peas	กรีนนัท	35				
8851234310197	ถั่วลันเตาอบกรอบรสวาซาบิ ตรากรีนนัท	กรีนนัท	30				
8851234310395	กรีนนัท 30 g	กรีนนัท	30				
8851234310753	กรีนนัท 35 g	กรีนนัท	35				
8851234310814	ตราชนินท์ 30 g	ตราชนินท์	30				
8851243401138	เปเล่ 120 g	เปเล่	30				
8851243500039	Salted Cashew Nuts	Pele	30				
8851262058016	Low Fat Natural Yogurt 1litre	Yolida	150				
8851262134024	Cottage Cheese	Alli	100				
8851262139029	Cottage Cheese	Alli	100				
8851301113027	M&k 35 g	M&k	35				
8851329002013	ถั่วแดงกวน กระป๋อง	TNO	20				
8851339202311	Morr Milk 17 g	Morr Milk	17				
8851344002692	ไข่ขาว	OVF โอวีเอฟ	50				
8851351131996	Burger Fried Pork & Chicken Sticky Rice Burger	เบอร์เกอร์ลาบ	137				
8851351132191	เบอร์เกอร์หมูย่างซอสสไปซี่	7เฟรช	116				
8851351132221	ข้าวเหนียวดับเบิ้ลหมูกระเทียม	7เฟรช	149				
8851351132269	เบอร์เกอร์ข้าวเหนียวลาบแซลมอน	7เฟรช	139				
8851351132290	เบอร์เกอร์ ข้าวเหนียวไส้อั่ว	7fresh	137				
8851351132412	เบอร์เกอร์จัมโบ้หมูสไปซี่	Ezy taste	127				
8851351132436	เบอร์เกอร์ข้าวเหนียวจัมโบ้ลาบไก่	อีซี่เทส	178				
8851351132528	เบอร์เกอร์ข้าวเหนียวไส้อั่ว	อีซี่เทส	142				
8851351132580	เบอร์เกอร์ข้าวเหนียวไก่ขมิ้น		147				
8851351132597	เบอร์เกอร์ข้าวเหนียวไก่ย่างแดง	ซีพี	146				
8851351132658	เบอร์เกอร์ข้าวเหนียวแหนมย่าง	EzyTaste	142				
8851351132818	เบอร์เกอร์ข้าวเหนียวหมูทอดกระเทียม	7-11	137				
8851351132825	Double Cheeseburger pork	Ezy	126				
8851351133389	อีซี่โก 109 g	อีซี่โก	109				
8851351343740	ข้าวกะเพรากุ้ง	EZYGO	215				
8851351344723	ข้าวกะเพราหมูสับ	7-11	220				
8851351380530	ข้างพะแนงหมูไข่เจียว	อีซี่โก	255				
8851351381025	ข้าวปลาผัดพริกสด	อีซี่โก	230				
8851351381247	โอนิกิริ ไข่กุ้งมายองเนส	7เฟรช					
8851351381964	ข้าวผัดกระเพราหมูสับ	อีซี่โก	245				
8851351383289	โอยาโกะด้ง	อีซี่โก	350				
8851351383449	ข้าวไก่ทอดซอสคัตสึโอดาชิไข่ยางมะตูม	อีซี่โก	270				
8851351383494	ข้าวเหนียวหมูย่าง	อีซี่โก	180				
8851351383531	คั่วไก่เย็นตาโฟ	อีซี่โก	235				
8851351383548	ผัดไทยอุด้งกุ้งสด	อีซี่โก	235				
8851351383609	สลัดทูน่าไข่น้ำสลัดงาญี่ปุ่น	อีซี่โก	145				
8851351383623	แซนวิชโฮลวีตทูน่า	7เฟรช	69				
8851351384088	ผัดหมี่ซั่วเจ	Ezygo	200				
8851351384231	ข้าวเหนียวหมูย่าง	อีซี่โก	120				
8851351384873	ข้าวเหนียวไก่ทอด	ezygo	115				
8851351385290	ข้าวไก่ทอด อิ่มคุ้ม	EZYGO	305				
8851351385382	Chicken Steak	DELICASIA	230				
8851351385443	ข้าวเหนียวลาบไก่	7-11	210				
8851351385986	ข้าวเหนียวลาบหมู	อีซี่โก	125				
8851351386136	Sour Curry with Vegetable Omelette and Shrimp	EZYGO					
8851351386150	ข้าวเหนียวไก่คั่วพริกเกลือ	ซีพี	115				
8851351386181	Hot Gimbap Roll with Stir-Fried Pork And Kimchi	EZYGO	145				
8851351386204	ข้าวนํ้าตกปลาทอดและหมูยอทอด	อีซี่โก	350				
8851351386259	เส้นใหญ่ผัดขี้เมาไก่ - 260 กรัม	Chef cares	100				
8851351386501	ข้าวขาวหุงสุก	Ezygo	280				
8851351386617	EZYGO 240 g	EZYGO	240				
8851351386716	สลัดหมูย่าง นำ้สลัดครีมซีฟู้ด	EZYFRESH	150				
8851351386754	ก๋วยเตี๋ยวเส้นเล็กน้ำใสลูกชิ้นปลา	อีซี่โก	490				
8851351386808	7-Eleven	7-Eleven					
8851351386952	ข้าวหมกไก่	Ezygo	280				
8851351386983	Khao Soi with Chicken EZYGO Brand	อีซี่โก	415				
8851351386990	อีซี่โก 115 g	อีซี่โก	115				
8851351387102	สลัดเห็ดออรินจิย่าง	Ezy fresh	150				
8851351387195	อีซี่โก 120 g	อีซี่โก	120				
8851351387485	Cream Sauce Squid Ink Spaghetti With Shrimp And Ebiko	Ezygo	235				
8851351387492	ข้าวเหนียวสองสีหมูทอดสไตล์ชาววัง	7-11	120				
8851351387720	ezygo 175 g	ezygo	175				
8851351387744	Stir-Fried Basil Minced Chicken, Chicken Vietnamese Sausage and Chinese Sausage (Pork Mixe	EZYGO	240				
8851351387751	ezygo 215 g	ezygo	215				
8851351387928	Riceberry Mixed Jasmine Rice with Spicy Chicken Breast Salad	EZYGO	280				
8851351387966	ข้าวไก่ผัดโหระพาพริกแห้ง	อีซี่โก	240				
8851351388154	Fried shredded pork with Sticky rice		105				
8851351388277	Stir Fried Wagyu Beef With Holy Basil And Dried Chili With Rice	รสนิยม	270				
8851351388284	EZYGO	EZYGO	165				
8851351388291	EZYGO 200 g	EZYGO	200				
8851351390133	Pork Fired Rice	EZYGO	210				
8851351390195	ข้าวกะเพราเจ	อีซี่โก	210				
8851351390201	ข้าวกะเพราหมู	อีซี่โก	215				
8851351390560	ข้าวผัดอเมริกัน	อีซี่โก	215				
8851351391246	ข้าวผัดน้ำพริกเผาหอยลาย	Ezygo	190				
8851351391437	ข้าวไข่เจียวทรงเครื่อง	ezygo	235				
8851351391475	ข้าวไก่กระเทียม	อีซี่โก	215				
8851351391512	ข้าวผัดคะน้าปลาเค็ม	อีซี่โก	210				
8851351391697	อีซี่ โก ข้าวญี่ปุ่นผัดแซลมอน	EZY Go	205				
8851351391765	ข้าวผัดกุ้ง	ezygo	205				
8851351391918	ข้าวหอมมะลิผสมข้าวไรซ์เบอรี่ ยำอกไก่ย่าง	ซีพี	240				
8851351391925	ข้าวผัดไข่ ไก่เทอริยากิ	อีซี่โก	200				
8851351392328	ข้าวกะเพราเจ	Ezygo	210				
8851351392359	สปาเก็ตตี้ขี้เมาเจ	EZY GO	190				
8851351392441	ข้าวไก่กระเทียม - 215 กรัม	Ezygo	215				
8851351392533	ข้าวลาบไก่	อีซี่โก	220				
8851351392793	Jaewhon soup with pork	Ezygo	12				
8851351392809	ชาบูน้ำดำ - 280 g	Ezygo	280				
8851351392823	อีซี่โก 320 g	อีซี่โก	320				
8851351392861	7-ELEVEN 235 g	7-ELEVEN	235				
8851351393875	7-Eleven	7-Eleven					
8851351394063	ข้าวปลาผัดช่ากระชายขาว - 250 g	Ezy go	250				
8851351394322	Jawwhon soup with pork	Ezygo					
8851351394346	Black shabu soup with pork	Ezygo					
8851351394353	EZYGO 275 g	EZYGO	275				
8851351394360	เกี๊ยวน้ำหมู ตรา อีซี่โก	EZY GO	190				
8851351394469	EZYGO 210 g	EZYGO	210				
8851351560161	คุกกี้ข้าวโอ๊ตลูกเกต ตราเลอแปงส์	เลอแปงส์	30				
8851351611177	ขนมปังเปล่า (ทรงเต๋า)	All cafe	25				
8851351611269	Layer toast	EZY BAKE	70				
8851351620353	มินิบันไส้กรอก	7-11	105				
8851351620957	คัสตาร์ด ไข่เค็มบัน	lepan	60				
8851351621039	มินิบันไส้หมูหยอง	7-11	90				
8851351621060	EZY BAKE 75 g	EZY BAKE	75				
8851351621091	ขนมปังไส้หมูหยองน้ำสลัด	7-11	150				
8851351621121	Raisin Filled Bread	อีซี่เบค	150				
8851351621190	ไวท์เบรดไส้ครีมฮอร์น	All Cafe	60				
8851351621961	อีซี่เบค 170 g	อีซี่เบค	60				
8851351631595	ขนมปังไส้หมูหยองคู่	7-11	90				
8851351632455	แซนวิชไส้เนย	allcafe	55				
8851351633070	7-Eleven 85 g	7-Eleven	85				
8851351640214	เลอแปง 55 g	เลอแปง	55				
8851351680531	สวีตอีซี่ พุดดิ้งคัสตาร์ด คาราเมล	EZY Sweet	130				
8851351680623	พุดดิ้งสตรอเบอร์รี่	EZY Sweet	130				
8851351681194	Ham cheese sandwich	EZYGO	75				
8851351681293	EZYSweet	EZYSweet	60				
8851351697348	ใบเหลียงผัดไข่	Ezygo	135				
8851351750234	ezy bake	EZY bake	45				
8851351750623	EZY BAKE 90g	EZY BAKE	90				
8851351750869	ครัวซองท์ อีซี่เบค	Ezybake	45				
8851351752825	พายลำไย	อีซี่เบค	90				
8851351753105	พายไส้หมุสับไข่เค็ม	EZY Bake	80				
8851351753655	EZYBAKE 85 g	EZYBAKE	85				
8851351753662	อีซี่เบค 180 g	อีซี่เบค					
8851351753709	อีซี่เบค 41 g	อีซี่เบค					
8851351760202	ครัวซองท์รสนม	EZY Bake	75				
8851351760226	เดนิชซินนาม่อนโรล	ezybake	75				
8851351760332	ครัวซองค์ทูโทน ไส้ช็อกโกแลต	EZY bake	65				
8851351760431	ครัวซองค์ ธัญพืช	EZY bake	45				
8851351760448	Ezy bake ุ60 g	Ezy bake	60				
8851351760509	EZY BAKE 65 g	EZY BAKE	65				
8851351800328	SHREDDED PORK & BOLOGNA WITH SALAD CREAM SANDWICH	เลอแปง	65				
8851351800847	Sandwich filled with crab stick and Mayonnaise	เลอแปง	45				
8851351801042	แซนด์วิช โบโลน่ามายองเนส	เลอแปง	70				
8851351801240	เลอแปง 165 g	เลอแปง	55				
8851351801288	Doubble sandwich	Le pan	50				
8851351801585	7-Eleven 200 g	7-Eleven	66				
8851351801745	เลอแปง	เลอแปง	140				
8851351801905	เลอแปง มินิแซนด์วิชไก่หยองโบโลน่าไก่	Le Pan	70				
8851351810426	เลอแปง	เลอแปง					
8851351820005	เลอแปง ขนมปังแซนด์วิช	Le Pain	48				
8851351820135	Chocolate Chip flavored Two Tone sandwich bread						
8851351820197	Hokkaido milk bread		240				
8851351900097	แพนเบรดไส้ถั่วแดง	เลอแปง	90				
8851351902039	Pandan custard filled	lepan	120				
8851351902787	เลอแปง	เลอแปง	70				
8851351903456	7-Eleven 60 g	7-Eleven	60				
8851351903548	เลอแปง 70 g	เลอแปง	70				
8851351903708	Ezy Bake 185 g	Ezy Bake	62				
8851351910331	Pizza Bread Hawaiian	lepan	75				
8851351911192	มินิโลฟเบรด	เลอแปง	49				
8851351911482	Bread		48				
8851351920408	Pandan Flavored Roll Cake	Tango	50				
8851351920439	เลอแปง 50 g	เลอแปง					
8851351921320	ซอฟท์โรล กลิ่น วานิลลา	เลอแปง	52				
8851351921351	เลอแปง 100 g	เลอแปง	50				
8851351921412	เค้กโรล รสสตรอเบอร์รี่	เลอแปง	50				
8851351921429	แฟนซีโรลรสมะม่วง เลดี้เจน	เลดี้เจน	55				
8851351921443	แฟนซีโรลคาราเมลมัคคิอาโต - 95 g	Lady Jane	48				
8851351921740	ลาปัน 50 g	ลาปัน	50				
8851351930032	Banana cake						
8851351931473	คัพเค้กกล้วยหอม	เลอแปง	55				
8851351931763	เลอแปงบานาน่า	เลอแปง	35				
8851351932548	คัพเค้กกล้วยหอมช็อคโกแลตชิพ	เลอแปง	210				
8851351932913	7-Eleven 55 g	7-Eleven	55				
8851351933095	7-Eleven 35 g	7-Eleven	35				
8851351950382	บัตเตอร์เค้ก	เลอแปง	35				
8851351950504	เค้กไข่สไตล์ญี่ปุ่น	Lady Jane	50				
8851351950825	เลดี้เจน	เลดี้เจน					
8851351950863	Lady Jane 80 g	Lady Jane	40				
8851351973923	โรลวานิลาครีมสด	7เฟรช	55				
8851351973961	FRESH 7 70g	FRESH 7	70				
8851351974135	ทีรามิสุคัพเค้ก	7เฟรช	65				
8851351974395	เค้กมะม่วงโยเกิร์ต	7เฟรช	40				
8851351974807	EZY SWEET 1 piece	EZY SWEET	65				
8851351974982	EZY SWEET 55 g	EZY SWEET	55				
8851351975415	ซอฟท์เค้กครีมมะพร้าวอ่อน - 100 กรัม	7-11	100				
8851351975583	ซอฟท์เค้กสังขยาใบเตย - 100 g	Ezy sweet	100				
8851351976009	EZY SWEET Brand 65 g	EZY SWEET Brand					
8851351976085	EZY SWEET 65 g	EZY SWEET	65				
8851351976221	โดรายากิ ครีมคัสตาร์ด	อีซี่สวิท	50				
8851351976412	EZY SWEET	EZY SWEET	60				
8851351976429	EZY SWEET Brand	EZY SWEET Brand	120				
8851351976443	EZY SWEET 60 g	EZY SWEET	60				
8851351976498	EZY SWEET Brand 50 g	EZY SWEET Brand	50				
8851351976511	Milk Cream Mochi Roll	EZY Sweet	55				
8851359702099	ไฮคิว3สตาร์ทนมยูเอชทีรสจืด 180มล. แพค 12.						
8851359702105	ไฮคิส 3 พลัส	nutricia	180				
8851359985119	โพรตินเอกซ์ 200 ml	โพรตินเอกซ์	200				
8851359985621	Alpro 180 ml	Alpro	180				
8851359986161	Almond Original	Alpro	180				
8851369119016	ប៊ីប៊ី	KM : 3000៛  or  EM : 0.75$					
8851369119047	ប៊ីប៊ី	KM : 3000៛  or  EN : 0.75$					
8851381520043	Tom Yum Instant Sour Paste	C.T.F. Brand	15				
8851381520098	Pickled Ginger						
8851394713111	Coffee Cappuccino Frappe	Bubble republic	300				
8851425210022	ห้าดาว 500 g	ห้าดาว	100				
8851425210145	Ketchup	FiveStar					
8851425210336	ไก่จ้อพริกสด ตราห้าดาว	ห้าดาว	20				
8851465240256	Organic wide rice noodles						
8851465240560	Brown rice noodle	Doodle Noodle	56				
8851473003447	preme	16000៛					
8851473007339	នីអូទីកាបាំ	6000៛	30				
8851473007384	preme	preme					
8851483300031	ข้าวทอง ถั่วลิสงดิบ	Khaothong	100				
8851515603161	วิสตร้า แอลคานิทีน	Vistra	50				
8851515603185	วิสต้า พรุนพลัสวิตามิน	Vistra	100				
8851515604427	Vistra Fish Oil 1000mg 20cap						
8851530160014	Mount Fleur Water	Mount Fleur water					
8851583003269	ฟองเต้าหู้	ตะวัน	50				
8851583006055	ตันตะวัน 45 g	ตันตะวัน	45				
8851583008073	Jutai 100 g	Jutai	28				
8851583017471	Lotus's 340 g	Lotus's	50				
8851583021041	ตันตะวัน 25 g	ตันตะวัน	5				
8851602010018	บ้านเพ	ปลาแช้บ๊วย	25				
8851602050250	Tala thai 35g	Tala thai	35				
8851602070227	พลอยทะเล	Ploy Talay	35				
8851602070456	พลอยทะเล	Ploy Talay	35				
8851605000153	ซอสเทอริยากิ						
8851605001587	Sushi Shoyu Sauce	Aro	18				
8851613003580	Siracha						
8851613006864	Konjak Nudeln	Orient Gourmet					
8851613105932	Cocontractant milk						
8851613106212	Coconut milk	Aroy-D					
8851613106472	กะทิอบควันเทียนดอกไม้หอม						
8851639001737	Nouilles Udon	T&T FOODS					
8851639001836	น้ำสลัดงาคั่ว						
8851639005377	Yamamoto ponzo shoyu						
8851639006534	Worcester Sauce	yamamori					
8851639006572	tsuyu	yamamori					
8851641040113	เกี๊ยวซ่าผักเจ	Ezytaste	100				
8851683000267	Haricots Mungo	ไร่ทิพย์	100				
8851683000335	ถั่วแดงหลวง	ไร่ทิพย์	100				
8851683000373	ลูกเดือยแห้ง	raitip	100				
8851683001127	Chillis						
8851683001608	พริกป่น	Asien					
8851686000196	Fresh Cream Cheese	Caroline					
8851686000424	Feta cheese	Caroline					
8851686000554	Fresh Mozzarella in water	Caroline					
8851707000181	Sang Som Whisky						
8851710041751	คุณแม่จู้ 130 g	คุณแม่จู้	6				
8851710041768	คุณแม่จู้ 130 g	คุณแม่จู้	6				
8851717020155	โยเกิร์ต ธัญญาหาร	Dutchie	135				
8851717030123	ดัชมิลล์	ดัชมิลล์	150				
8851717030154	DUTCH MILL YOGHURT MIXED FRUITS						
8851717030185	โยเกิร์ตพร้อมดื่ม รสบลูเบอร์รี่	Dutch Mill	150				
8851717030505	ดัชมิลล์ 160 ml	ดัชมิลล์	160				
8851717040023	Dutch Mill 165 ml.	Dutch Mill	165				
8851717040207	นมเปรี้ยวรสส้ม						
8851717040221	Dutch Mini 90 ml	Dutch Mini	90				
8851717049019	ดัชมิลล์สตรอเบอร์รี่						
8851717060052	Dutch Mill Strawberry Flavored Milk	Dutch Mill	200				
8851717060205	Dutch Mill Selected Coffee Flavour	Dutch Mill	200				
8851717100048	ดีน่าสูตรน้ำตาลน้อย ลดไขมัน	ดีน่า	250				
8851717200007	8851717200007						
8851717200779	ดีน่า สูตรงาดำ 2 เท่า น้ำตาลน้อย	ดีน่า	110				
8851717900822	นมเปรี้ยวพร้อมดื่มไม่มีไขมัน	Dutch Mill	100				
8851717901195	Dutch mill selected	Dutch mill	200				
8851717901874	Dutch Mill	Dutch Mill	400				
8851717901980	ORIGINAL YOGHURT DUTCHIE	DUTCHIE	150				
8851717902734	Dutch Mill 160 ml	Dutch Mill	160				
8851717904349	ลาเต้	อาราบัส	200				
8851717904561	ดัชมิลล์	ดัชมิลล์	150				
8851717904691	ดัชมิลล์ พรีเมี่ยมดาร์กช็อกโกแลต	ดัชมิลล์	200				
8851717904974	Probiotic Drink						
8851717905452	นมกลิ่นอัลมอนด์	ดัชมิลล์	200				
8851717905469	Dutch Mill Malt Flavored Milk	ดัชมิลล์	200				
8851717906114	เอสเปรสโซ่	Arabus	200				
8851717906312	ดัชมิลล์ ไฮโปรตีน เวย์พลัส	ดัชมิลล์	200				
8851717906367	DNA rice berry milk	ดีน่า	180				
8851717906626	ดัชมิลล์	ดัชมิลล์	160				
8851717907432	Dutch Mill 30 g	Dutch Mill	350				
8851717907852	Dutchmill Proyo Mixed Berries						
8851717908217	ดีน่า โทนิว	Deena	180				
8851717908514	โยเกิร์ตพร้อมดื่มผสมโพนไบโอติดและวิตามินซีกลิ่นฮันนี่โลมาอน	Dutch Mill	160				
8851717908552	นมคืนรูปปรุงแต่ง พร่องมันเนย  พาสเจอร์ไรส์ โปรตีนสูง กลิ่นอัลมอนด์ สูตรเวย์พลัส ไม่เติมน้ำ	Dutch Mill	350				
8851717909078	อาราบัส 230ml	อาราบัส	230				
8851717909290	ดัชชี่ 135 กรัม	ดัชชี่	135				
8851717909535	Dna Plant Protein Plain	Dutchmill	340				
8851717909924	Banoffee pie yogurt	Dutchie	90				
8851717910098	DUTCHIE BIO 135 g	DUTCHIE BIO	135				
8851717910913	Drinking Yoghurt	Dutch Mill	150				
8851717911002	Dutch Mill 100 ml	Dutch Mill	100				
8851717911026	ดัชมิลล์ 3160 mg/Serve	ดัชมิลล์	100				
8851717911040	Chocolate Duo Protein Concentrate	Proten	350				
8851727001045	POTAE POTATO SNACK TIN						
8851727001052	โปเต้	โปเต้	32				
8851727002028	ปราปริก้า 13 g	ปราปริก้า	13				
8851727002059	Potato Snack	ปาปริก้า	30				
8851727003018	American corn snack	คอนเน่	11				
8851727003025	คอนเน่	คอนเน่	28				
8851727003032	Cornae Corn Snack	cornae					
8851727003254	Cornae	cornae	23				
8851727003346	Seaweed 48g	Cornae	24				
8851727003360	ข้าวโพดกรอบ	Cornae	26				
8851727003445	คอนเน่	Cornac	24				
8851727005531	เดนม่า 249 g, 20 pcs	เดนม่า	25				
8851727008044	Breakfast Chocolate Cereal	Donae					
8851738057284	MEAS MEALEA						
8851753095667	Super 180 ml	Super					
8851753095711	MOCCONA Trio 18 g	MOCCONA Trio					
8851753095841	Instant Coffee	Moccons					
8851753098101	มอคโคน่า ทรีโอ โกลด์	moccona	20				
8851753098125	มอคโคน่าทรีโอ โกลด์						
8851753098514	Moccona Cappuccino	Moccona	17				
8851753098675	มอคโคล่า ทรีโอ เอสเปรสโซ่	Moccona	18				
8851753098736	มอคโคล่า ทรีโอ เอสเปรสโซ่	มอคโคน่า	18				
8851753098781	มอคโคล่า ทรีโอ เอสเปรสโซ่	moccona	18				
8851753098811	มอคโคน่า ทรีโอ คลาสสิค	Moccona	18				
8851753098835	Moccona 18 g	Moccona	18				
8851753099009	มอคโคน่า ริช แอนด์ สมูท	มอคโคน่า	18				
8851753099771	Moccona 20 g	Moccona	20				
8851759050066	ไข่ต้มสมุนไพร	ซีพี	40				
8851759961102	JerHigh chicken liver						
8851780894967	Carottes râpées	Pierre Martinet	300				
8851788800175	The Merry Nutrition 908 g	The Merry Nutrition	39				
8851826542432	Цукерки Mymint chocolate-filled льодяники	mimint					
8851826601122	Mackerel In Tomato Sauce	Ayam	78				
8851863040014	เตียฮั่วหยู ขนมตุ๊บตั๊บ	เตียฮั่วหยู	30				
8851863070059	ขนมเม็ดมะม่วงหิมพาน	เตียฮั่วหยู					
8851876000043	มามา คัพ เส้นหมี่น้ำใส						
8851876001514	มาม่าคัพ เส้นเล็กต้มยำ	mama	50				
8851876003006	Instant bean thread tom yum	มาม่า	40				
8851876003013	Bouillon rose	mama	40				
8851876003112	มาม่าวุ้นเส้นน้ำใส	mama	40				
8851876004027	mama 26 g	mama	26				
8851876004706	mama 35 g	mama	35				
8851876005215	mama 35 g	mama	35				
8851876010462	บิบิมบับ ข้าวยำเกาหลี	mama	70				
8851876010479	ข้าวผัดกิมจิ	mama	83				
8851876200481	Rýžové nudle bez lepku	Papa	50				
8851876204335	โจ๊กคัพรสไก่และข้าวโพด	mama	37				
8851886000873	ดิสนี่ย์เบบี้เค้ก	ซันเมอรี่	56				
8851886010681	ครีมฮอร์นรสครีม	Sun Merry	50				
8851886010933	เค้กแบล็คฟอเรส - 75 g	Sun Merry	75				
8851886017468	ขนมปังแผ่น	ซันเมอรี่	48				
8851886019165	Sunmerry 100g	Sunmerry	50				
8851886019721	เค้กโรลกลิ่นสตอเบอรี่	ซันเมอรี่	60				
8851886019776	วี เฟรช 160 g	วี เฟรช	40				
8851886019844	ซันเมอร์รี่ 90 g	ซันเมอร์รี่					
8851886021434	มินิครัวซองจ์เนยสด - 90 g	Sun Merry	45				
8851886023445	เค้กช็อกโกแลตคลาสสิค	Sun Merry	75				
8851886024572	ขนมปัง ทาหน้า	Tesco	45				
8851886024756	คัพเค้ก	Tesco	30				
8851886025067	No infomation image						
8851886025371	ซันเมอรี่ 55 g	ซันเมอรี่	55				
8851886025432	Mini Croissant						
8851886025692	ขนมปังทาหน้ากลิ่นนมฮอกไกโด	Lotus’s	60				
8851886026439	ครัวซองค์ ไส้ครีมคาราเมล	Lotus's	75				
8851886026484	แซนวิชกระเป๋าไส้ครีมรสนมกลิ่นวนิลา	Lotus's	45				
8851906881284	Recover Lemonade Flavor	Concept Water	250				
8851906881307	concept 500 ml	concept	250				
8851906882656	Pushers 230ml	Pushers	230				
8851906882960	พุชเชอร์ส 230 ml	พุชเชอร์ส	230				
8851907599782	just a note book						
8851919120011	โคเอนไซม์ คิว10	i-Healti	100				
8851919590067	คอร์นซอย	bsc	180				
8851919600148	เซซามิซอย สูตรออริจินอล	บีเอสซี	180				
8851919620399	โกโก้ซอย	บีเอสซี	180				
8851919620436	โคโค่นัทซอย	บีเอสซี	180				
8851919630169	วัชรธนก้าว	วัชรธนก้าว					
8851919630268	นมถั่วเหลืองผสมสารสกัดจากหญ้าหวาน สูตรออริจินัล	Marusan	250				
8851919640458	บราวน์ ชูก้าร์ ซอย	BSC	230				
8851929010920	Assorted Flavoured Chews	Sugus					
8851929011668	Kẹo mềm hương trái cây	Sugus	33.3				
8851932028103	Cornetto vanilla	วอลล์	66				
8851932030618	Wall'chocolate	Wall's					
8851932031752	ไอซ์คอนเฟคชันกลิ่นทอฟฟี่และบัตเตอร์คาราเมล(ไอศกรีมดัดแปลงผสม)	Paddle Pop	50				
8851932080149	Vanilla flavored Ice Confection Coated with Chocolate Flavored Coating and 3% peanuts	Unilever	57				
8851932115919	Walls Cornetto Royal Chocolove	วอลล์	88				
8851932145329	ไอศกรีม ท็อปเทน ช็อคโกแลต	วอลล์	60				
8851932268820	ไอศกรีมหวานเย็น	Paddle pop	57				
8851932295833	Double Dutch ice cream	Walls	80				
8851932316330	แพดเดิลป๊อป ยักษ์คู่	วอลล์	72				
8851932316347	Unilever 49 g	Unilever	49				
8851932320948	ไอซ์คอนเฟคชั่นกลิ่นโคล่า(ไอศกรีมหวานเย็น)	Paddle Pop	39				
8851932320986	ไอศกรีมหวานเย็น	PaddlePop Fruity	39				
8851932344807	สตรอเบอร์รี่ ชีสเค้ก	Wall's	80				
8851932348133	ไอศครีมรสช็อกโกแลตชิป	วอลล์	80				
8851932348201	ไอศครีมรวมมิตร	วอลล์	80				
8851932348218	ไอศครีมรสช็อกโกแลตชิบและรสช็อกโกแลต	วอลล์	80				
8851932352772	ไอศกรีม white almond made with Belgian Chocolate		63				
8851932353830	Sunsilk	sunsilk					
8851932364942	คอร์นเนตโต โอวัลติน	Unilever	66				
8851932387682	ไอศครีมรสมอคค่าและช็อกโกแลต	วอลล์	80				
8851932391252	gggg 66665555	gggg					
8851932403252	คาลิปโป โคลา เลมอน	Wall’s	100				
8851932408554	ไอศครีม รสชาไทยและชาเขียวมัทฉะ ละเต้	วอลล์	80				
8851932413886	คอร์นเนตโต้ ฮอกไกโด มิลค์ เรนโบว์	วอลล์	66				
8851932413909	ไอซ์คอนเฟคชันรสช็อกโกแลตกลิ่นบราวนี่ราดหน้าด้วยน้ำเชื่อมรสช็อกโกแลตและชิ้นบราวนี่ - 66 กรั	วอลล์	66				
8851932416269	Boba Ice cream	Wall’s	65				
8851932418072	Wall's 1 unit	Wall's	65				
8851932426084	ไอศกรีมดัดแปลงรสสตอเบอร์รี่ผสมชิ้นสตอเบอร์รี่ในน้ำเชื่อม	Carte D'Or Glace a la fraise	80				
8851932426107	วอลล์ คาร์ทิดอร์ กลาซ อลา วานิล	วอลล์	80				
8851932437769	ไอซ์คอนเฟคชันรสโยเกิร์ตผสมชิ้นบลูเบอร์รี่	Wall's	60				
8851932438810	โจ๊กข้าวหอมมะลิกึ่งสำเร็จรูปรสแฮม-ไข่	คนอร์คัพโจ๊ก	35				
8851932439756	Vaseline healthy bright gluta hya serum burst lotion	Vaseline					
8851932441438	ไอศกรีมดัดแปลงผสม	Wall's	60				
8851932442855	แม็กนัม ไอศกรีมเคลือบช็อกโกแลต	Magnum	70				
8851932450362	Ovaltine 72 g	Ovaltine	72				
8851932459655	ไอซ์คอนเฟคชันรสชาเขียวมัจฉะผสมถั่วแดง(ไอศกรีมดัดแปลงผสม)	Unilever	58				
8851932459662	Unilever 58 g	Unilever	58				
8851932469562	Unilever 87 g	Unilever					
8851932479110	Magnum Strawberry Panna With Milk Chocolate Coating	Magnum	63				
8851932483513	วอลล์	วอลล์	65				
8851932483551	Ice Ball Green Grape	Wall's	80				
8851936001027	มะพร้าวอบกรอบ - 40 g	ฐิตินันท์ บี โปรดักส์	20				
8851952101145	Est Cola	เอส	200				
8851952101305	เอสโคล่า	เอส	325				
8851952101312	Est Cola	เอส	250				
8851952103316	เอส 250 ml	เอส	250				
8851952111076	เอส 500 ml	เอส	200				
8851952111144	Est Cola	Est	200				
8851952114077	เอส	เอส	200				
8851952117146	เอสเกรปเบอรี่						
8851952121211	เอสเพลย์ กลิ่นครีมโซดา - 360 ml	Est	180				
8851952122218	เอสเพลย์ กลิ่นสตรอเบอร์รี่ - 360 ml	Hot bekery	180				
8851952126216	Est play melon bingsu	เอส	200				
8851952128142	Est play Kamikaze	เอส	200				
8851952128852	Est play Kamikaze	เอส	200				
8851952134235	Est	Est					
8851952141288	เครื่องดื่มกลิ่น เลมอนไลม์	100plus	185				
8851952143282	เครื่องดื่มกลิ่น เกรป เบอร์รี่	100+	185				
8851952160302	F&N Sarsi 325 ml	F&N Sarsi	325				
8851952175146	เอส 1.6 L	เอส	200				
8851952176143	เอส 1.6 L	เอส	200				
8851952177140	est 1.6 L	est	200				
8851952179144	เอส 1.6 L	เอส	200				
8851952181239	เครื่องดื่มเอส รสมะพร้าวและส้มคารามันซี่	เอส	200				
8851952181307	เอส 325 ml	เอส	325				
8851952555214	ชามะนาว ตราลิปตัน	Lipton	450				
8851954001504	Soy Sauce	Kinzan					
8851954101020	ภูเขาทอง นำ้ซอปรุงรสฝาเหลือง	Golden Moutain	15				
8851954101235	ซอสปรุงรสฝาเขียว	ภูเขาทอง	15				
8851954103116	ซอสพริกภูเขาทอง	ภูเขาทอง	15				
8851954103574	ซอสพริก อีซี่	E Zeee	15				
8851954104021	tomato kechup	Gorden mountain					
8851954113030	Sriraja Panich						
8851954113207	Chilli sauce						
8851954113221	ซอสพริกศรีราชา	ศรีราชาพานิช	15				
8851954113467	ซอสพริกศรีราชา	ศรีราชาพานิช	16				
8851954138064	ซีอิ๊วดำ สูตรมืออาชีพ	Golden Moutain	20				
8851954141033	ซอสปรุงรสอาหาร	ภูเขาทอง	15				
8851954196279	ซอสปรุงรสอาหาร	ภูเขาทอง	15				
8851959000281	น้ำส้มแมนดาริน	มินิทเมด	335				
8851959000588	ชากลิ่นพีชผสมเมล็ดเชียร์ ตรา ฟิวซ์ที	ฟิวซ์ที	350				
8851959001158	น้ำเสาวรส	minute maid	280				
8851959002131	เครื่องดื่มอัดลม กลิ่นส้ม No sugar - 325 ml	Coca-cola	325				
8851959002247	FANTA 200 ml	FANTA	200				
8851959002711	Schweppes manao soda zero sugar	schweppes	330				
8851959003114	Citrus Raspberry Soda	schweppes	330				
8851959003152	Pineapple Mojito Soda	schweppes	330				
8851959003305	สไบรท์ 325 ml	สไบรท์	325				
8851959003350	ไทยน้ำทิพย์	ไทยน้ำทิพย์	290				
8851959003374	มินิเมด	มินิเมด					
8851959003503	อู ฮ่า 330 ml	อู ฮ่า	330				
8851959003589	แฟนต้า	แฟนต้า	200				
8851959003640	Coca-Cola 1.5 L	Coca-Cola	200				
8851959004272	Schweppes blood orange tubtim		330				
8851959108079	โค๊กสูตรไม่มีน้ำตาล	โค๊ก	180				
8851959122181	Fanta Tropical	Fanta	250				
8851959122921	minute maid splash orange drink	minute maid	250				
8851959127018	Coca-Cola 330 ml	Coca-Cola	330				
8851959132395	สไปรท์ ไม่มีน้ำตาล	สไปรท์	325				
8851959132654	Schweppes Tonic Water	schweppes	330				
8851959132678	Schweppes Sparkling Manao Soda	schweppes	330				
8851959135013	โค๊ก	Coca Cola	245				
8851959141076	Coke Zero	Coke	510				
8851959141175	แฟนต้าน้ำแดง	Fanta	200				
8851959141397	สไปร์ทไม่มีน้ำตาล	Sprite	200				
8851959144169	Fanta Orange flavor	Fanta	200				
8851959147016	โคลา โคล่า 200 ml	โคลา โคล่า	200				
8851959148945	น้ำส้ม	มินิทเมด	335				
8851959149164	แฟนต้าส้ม	Fanta					
8851959158012	โค๊ก	โค๊ก	200				
8851959158173	แฟนต้า 450 ml	แฟนต้า	200				
8851959158364	สไปรท์ สูตรมีน้ำตาล	สไปรท์	225				
8851959195604	น้ำองุ่นขาวผสมวุ้นว่านหางจระเข้	มินิทเมด	300				
8851973061879	BAO 330 ml	BAO	330				
8851978801029	Fish Sauce	Thai Choice					
8851978801135	Rice vinegar	Thai Choice					
8851978802460	Rice Paper	Vietnamese CHOICE	40				
8851978805072	Vermicelli - Thai Choice	Thai Choice	55				
8851978805096	Beans Vermicelli	Thai Choice					
8851978805218	Tom yum	Thai Choice	85				
8851978918451	Gluten Free Soy Sauce	Japanese choice					
8851989061580	D-nee kids Bubble Gum Powder แป้งเด็ก ดีนี่ คิดส์ บับเบิ้ล กุม	D-nee					
8851990201050	虎牌万金油						
8851993513013	Lager	Chang	330				
8851993613010	Bierre	Chang					
8851993625013	เบียร์ช้าง	Chang					
8851994523011	Chang Classic						
8851996000145	ลานทอง 200 g	ลานทอง	30				
8851996001456	สลัดเอ 80 g	สลัดเอ	20				
8852001100027	แบรนด์ 42 ml	แบรนด์	42				
8852001104834	แบรนด์ เห็ดสกัดเข้มข้น	Brand	65				
8852001105909	Gen u	Brands	100				
8852001107965	Chicken Essence	Brands’	70				
8852001109150	แบรนด์ ซุปไก่สกัด	แบรนด์					
8852001113768	แบรนด์ 65 มล.	แบรนด์					
8852001128502	Vitamin A Berry Shot	BRAND'S Veta	42				
8852001901006	Brand 42 ml	Brand	42				
8852005600240	KU80 250 g	KU80	84				
8852007982016	สก๊อต เพียวเร่	สก๊อต	45				
8852007986533	สก็อต 100 ml	สก็อต	100				
8852007994538	สก็อต 90 ml.	สก็อต	90				
8852008300031	Koala's March Strawberry Biscuit	Lotte	37				
8852008300062	Koala’s March Chocolate	ลอตเต้	19.5				
8852008300079	Koala's March Biscuit Chocolate Filling 195 G.						
8852008303155	Lotte 37 g	Lotte	37				
8852008304138	โคอะลามาร์ช วานิลลา	โคอะล่ามาร์ช	33				
8852008510003	Toppo Chocolat lait & vanille	ท็อปโป	40				
8852008610628	Lotte Xylitol Gum	LOTTE	3				
8852014004039	Kanikama imitation crab stick						
8852014004886	PFP 250 g	PFP	100				
8852014010085	ทอดทันปลา	PFP	100				
8852014010115	ทอมมันปลา ตราพีเอฟพี	พีเอฟพี	100				
8852014020022	พีเอฟพี 480 g	พีเอฟพี	100				
8852014052108	กุ้งบาร์บีคิว	pfp	100				
8852014201360	ปลาม้วนไส้ไข่เค็ม	PFP	100				
8852014201377	ลูกชิ้นปลา สไตล์ภูเก็ต	พี เอฟ พี					
8852014201391	พีเอฟพี ลูกชิ้นปลาแซลมอน	PFP	100				
8852014201445	ชิกุวะไส้ชีสคลุกเกล็ดขนมปัง						
8852014201537	ลูกชิ้นหมึก	พีเอฟพี	100				
8852018102014	Tomyum Shrimp Flavour	Yum yum					
8852018201199	Yumyum						
8852018240075	Instant Nudler Oksekød	YumYum	320				
8852018301035	Ajinomoto Yumyum Seafood	Yumyum					
8852019001392	Rice vermicelli	Erawan brand	50				
8852019001453	Cacahuetes apero						
8852019001538	Rice Vermicelli						
8852019002306	Riz au Jasmin						
8852020211124	Cuttlefish Crackers	Arigato	25				
8852021001274	Miettes de thon a l’huile		85				
8852021001281	Thon en morceaux à l'huile						
8852021004084	Ton in ulei	Akvatoria	185				
8852021004091	Canned Tuna	Акватория	185				
8852021009768	Tuna galija						
8852021010719	tuna	akvamarin					
8852021011235	Tuna in vegetable oil						
8852021011730	วากะฟิช	Waka Fish	70				
8852021128971	Thon entier naturel						
8852021219044	Tuna	Ace of Diamonds	150				
8852021702218	ซีเล็ค ทูน่าแซนวิชในน้ำแร่	select					
8852021706711	นํ้ำพริกผัดทูน่า ซีเล็ค	Sealect	95				
8852021707084	Tuna Steak In Spring Water	Sealect	55				
8852021707206	Tuna salad in low fat mayonnaise [only one image]	Select	95				
8852021707480	Tuna Sandwich In Spring Water	Sealect	55				
8852021707510	ทูน่าสเต็กน้ำเกลือ		107				
8852021707688	ทูน่าเเซนวิชในน้ำเเร่ Fitt	ซีเล็ค	80				
8852021707909	Nam Prik Tina	Sealect	85				
8852021707923	Tuna Chili Paste	ซีเล็ค	85				
8852021708364	ทูน่าชิ้นเล็กในน้ำยำผสมน้ำมันดอกทานตะวัน	ซีเล็ค	80				
8852021708586	NAM PRIK KAPI TUNA	ซีเล็ ต	85				
8852021708661	ซีเล็ค 50g	ซีเล็ค	50				
8852021708685	ซีเล็ค 50 g	ซีเล็ค	50				
8852022033304	Roasted Sesame Spicy Dressing	Kewpie	30				
8852022033359	น้ำสลัดซีซ่าคิวพี	คิวพี					
8852022033816	มายองเนส						
8852022050738	Apple cider vinegar						
8852022091410	Mayonnaise Mild Type	Kewpie	15				
8852022091588	Kewpie Mayonnaise Wasabi	Kewpie	15				
8852022091601	สลัด						
8852022091823	คิวพี 30 g	คิวพี	30				
8852022110142	คิวพี ซุปครีมมันฝรั่งผสมบาร์เลย์	Kewpie	170				
8852022131383	สลัดงาซีอิ้วญี่ปุ่นผสมไก่	Kewpie	165				
8852022131390	สลัดครีมงาวาซาบิ ผสมไก่ - 165 g	Kewpie	165				
8852022131413	สลัดซีซาร์ ผสมทูน่า - 165 g	Kewpie	165				
8852022131437	สลัดซีซาร์ ผสมไก่สไลด์	Kewpie	165				
8852022131529	สลัดงาคั่วซีอิ๊วญี่ปุ่นผสมสาหร่ายวากาเมะ พร้อมทาน	kewpie	165				
8852022150018	สลัดข้าวโพดหวานและถั่ว - 110 g	Kewpie	110				
8852022150032	Egg Salad with Potato	kewpie	110				
8852023003771	Petits pois Wasabi avec sucre et edulcorants	Kohkae	30				
8852023004204	Koh-Kae 40 g	Koh-Kae	40				
8852023005355	แครกเกอร์มันฝรั่ง รสซาวร์ครีมและหัวหอม	เนลี่	8				
8852023005379	เนลี่	เนลี่	8				
8852023005980	ถั่วลิสง อบเกลือ	โก๋แก่	30				
8852023006895	Kohkae Peanut Coconut Flavour Size 190 G.						
8852023006925	KOH KAE PEANUTS CHICKEN	โก๋แก่	30				
8852023008066	Boogie 40g, 5 packed	Boogie	40				
8852023008073	Boogie 40 g	Boogie	40				
8852023008257	Green peas with salt	โก๋แก่	42				
8852023009421	อัลมอนด์อบเกลือ ตรานัทเนเทอร์	นัทเนเทอร์	30				
8852023009797	Koh-kae 35 g	Koh-kae	35				
8852023664361	ถั่วลิสงค์เคลือบกะทิ ตราโก๋แก่	โก๋แก่	30				
8852023664378	โก๋แก่รสกาแฟ	โก๋แก่	35				
8852023664682	เมล็ดมะม่วงหิมพานต์อบน้ำผึ้งโรยงา	โก๋แก่	28				
8852023664729	Salted broad bean	Koh Kae	40				
8852023665276	Peanuts Chicken Coated (Koh-Kae Brand)	Koh-Kae					
8852023665467	ถั่วโก๋แก่รสกุ้ง	โก๋แก่	35				
8852023665481	Peanuts shrimp flavor coated						
8852023666136	Salted Peanut Koh Kae	Koh kae	38				
8852023666211	โก๋แก่รสโนริวาซาบิ	โก๋แก่	75				
8852023668550	Protein Snacks Roasted Chewy Nuts	Kohkae	30				
8852023668567	Mixed Nut	Koh Kae Plus	30				
8852023670423	โก๋แก่ 20 g	โก๋แก่	20				
8852023671857	kohkae 30 g	kohkae	30				
8852023672038	Koh-kae 80 g	Koh-kae	30				
8852023672069	โก๋แก่ 40g	โก๋แก่	40				
8852023672076	Koh-kae 80 g	Koh-kae	30				
8852024017104	Riz au Jasmin Golden Camel	Golden Camel	50				
8852027080013	น้ำเชื่อมหล่อฮังก้วย	zolt	5				
8852043000187	Chicken Fillets	S Pure					
8852043003485	เต้าหู้ไข่ไก่	เบทาโกร	120				
8852043005472	ไส้กรอกสโม๊คพอร์คการ์ลิค ไขมันต่ำ	เบทาโกร					
8852043556974	Buffalo spicy Drummet						
8852043595669	อกไก่ฉีก	Betagro	70				
8852043597748	เบทาโกร ฟุ้ดส์ 105 g	เบทาโกร ฟุ้ดส์	105				
8852043599315	อกไก่นุ่ม ออริจินอล	Betagro	100				
8852043629166	Roasted chicken breast		90				
8852043901668	แซนด์วิชทูน่าสลัดไข่ - 78 g	Fresh sandwich	78				
8852043901972	เบอร์เกอร์หมูซอสบาร์บีคิว(หมูผสมไก่)	Betagro	105				
8852043931788	มีทลี่ 200 g	มีทลี่	100				
8852043931795	มีทลี่ 200 g	มีทลี่	100				
8852044110342	ทาโร่รสบาร์บีคิว	ทาโร่	18				
8852044110366	Fish Snacks Barbecue	ทาร์โร่	20				
8852044110380	ทาโร่รสบาร์บีคิว	ทาโร่	30				
8852044111660	Fish Snacks Spicy	ทาโร่	25				
8852044210417	ทาโร่ 60 g	ทาโร่	32				
8852044230514	Fish Snack	Taro	27				
8852044236387	ทาโร โรล 13 g	ทาโร โรล	13				
8852044330122	Fish Snack Lite Original Flavoured	Taro	17				
8852044367425	ทาโร่รสสาหร่ายเกาหลี	ทาโร่	30				
8852044389717	ทาโร่รสปลาหมึกเผ็ดมาก	ทาโร่	22				
8852044728639	ก๋วยเตี๋ยวเส้นปลา รสต้มยำกุ้งนํ้าข้น	Taro	47				
8852044778740	ก๋วยเตี๋ยวเส้นปลา	Taro	80				
8852046011326	ตะไคร้ น้ำปลาหวาน สูตรเผ็ดน้อย	Takrai	50				
8852047111124	เซียงไฮ	เซียงไฮ	30				
8852047111131	เซียงไฮ	เซียงไฮ	30				
8852047111179	เซียงไฮ	เซียงไฮ	30				
8852047138114	เวเฟอร์รสโกโก้เคลือบรสช็อกโกแลต	เซียงไฮ	30				
8852047145013	Chocolate flavored coated wafer filled with cream	เชียงไฮ	34				
8852047145037	Super Jumbo Milk flavor coated wafer filled with cream	Sanghai	34				
8852047145099	Strawberry Flavored Cream Wafers	United Foods	34				
8852047211107	ลูกอมรสบ๊วย	เซี่ยงไฮ้	5				
8852047232119	โย โย 80 g	โย โย	20				
8852047237114	tommy						
8852047326214	Toro 80g	Toro	27				
8852047510415	ไอศครีมรสผลไม้ผสม	ก็อตช่า	60				
8852047600017	ยูนิ555 5 g	ยูนิ555	5				
8852047800011	united 1 kg	united	4				
8852049000136	เมล็ดทานตะวันคั่ว	จังโก้	20				
8852052110303	ข้าวเกรียบกุ้ง	ฮานามิ	15				
8852052110402	ข้าวเกรียบกุ้งรสดั้งเดิม	ฮานามิ	26				
8852052111409	ข้าวเกรียบกุ้งฮานามิรสฮอตชิลลี่	ฮานามิ	30				
8852052130301	Arsenal 200 g	Arsenal	30				
8852052131209	ขนมปังกรอบ	Arsenal	30				
8852052133203	Cookies chocolat						
8852052140300	คอร์นพัฟฟ์	คอร์นพัฟฟ์	36				
8852052140508	คอร์นพัฟฟ์ รสดั่งเดิม	คอร์นพัฟฟ์	36				
8852052220101	Snack Jack Original Flavor	Snack Jack	15				
8852052220309	สแน็คแจ๊ค รสดั้งเดิม	สแน็คแจ๊ค	38				
8852052220408	Snack Jack - Green Pea Snack - Original Flavour	snackjack					
8852071050048	Poudre de manioc						
8852084502091	Tuna Chili						
8852098703750	JASMINE RICE CRACKER	shinmai	26				
8852098705280	ขนมข้าวหอมมะลิอบกรอบ รสตนตำหรับ	Shinmai	30				
8852098705662	Happy bites						
8852098705686	Happy bites						
8852098705723	Nouille instantanées Pimentées						
8852098707871	ลิตเติ้ลคุก เชฟ	ลิตเติ้ลคุก เชฟ	30				
8852099027510	เขาช่อง 45 g	เขาช่อง					
8852111014665	المواسم لحم تونة خفيف	Almawsim					
8852111014740	Almawasim						
8852111021151	tuna chunk	Al Nawagel					
8852111021236	تونة التغذية كبير						
8852111021274	Tuna	Golden Prize					
8852111022059	solid tongol white meat tuna in vegetable oil	Lele					
8852114745214	เครื่องดื่มโกโก้ 3-1	โคเลตต์	30				
8852116250099	Thai White Rice	Better	45				
8852116710098	Nếp						
8852116799840	สาหร่ายอบกรอบโรยปลาสวรรค์กรอบ	ซีลีโกะ	4				
8852116800508	สาหร่ายทอดรสสไปซี่	ซีลีโกะ	3.5				
8852116806920	Seleco 12 g	Seleco	12				
8852116806944	สาหร่ายทอด รสก๋วยเตี๋ยวเรือ - 12 g	Seleco	12				
8852117000884	พิคมี 180 g	พิคมี	30				
8852117001034	ขนมอบกรอบสอดไส้ครีมรสช็อกโกแลต - 8 g	DatDat	8				
8852124009900	doi inthanon						
8852124010104	คาเฟ่ อเมซอน 280 ml	คาเฟ่ อเมซอน	280				
8852124012870	ขนมปังกรอบ รสกระเทียม	Cafe Amezon	30				
8852124014362	ดาร์กช็อก	Cafe Amazon	30				
8852124014485	Fruit Slice Cake	Amazon Cafe	80				
8852124015499	กาแฟพร้อมดื่ม	Amazon Black	200				
8852124015796	แครกเกอรแผ่นบาง รสชีส	คาเฟ่ อเมซอน	43				
8852124016298	Cafe Amazon Bakery Factory 125 g	Cafe Amazon Bakery Factory	31				
8852126006006	Ham and cheese croissant	Ezy Taste	73				
8852126006976	แซนวิชปูอัดไข่กุ้ง	อีซี่เทสต์	84				
8852172100161	kibun takebue 160 g	kibun takebue	96				
8852172102158	Bâtonnets de surimi						
8852172102172	Chiffonade de surimi	Pacific seafood					
8852236832298	PIN & PAO 250 g	PIN & PAO	250				
8852240010156	Rice Cracker with Pork Floss and Seaweed	TIA NGEE HIANG (CHAO SUA)	27				
8852240010392	ข้าวตังหน้าหมูหยอง	เจ้าสัว	30				
8852240010507	เจ้าสัว ข้าวตังหน้าไก่หยอง	เจ้าสัว	38				
8852240010538	Rice Cracker With Spicy Pork Floss	เจ้าสัว					
8852240010569	เจ้าสัว	เจ้าสัว					
8852240011092	ข้าวตังหมูหยอง กลิ่นก๋วยเตี๋ยวเรือ	เจ้าสัว	30				
8852240040078	เจ้าสัว 110g	เจ้าสัว	20				
8852240040184	หมูแท่งกรอบ รสออริจินัล	Chaosua	20				
8852240040269	หมูแท่งกรอบ	เจ้าสัว	70				
8852240040344	CHAO SUA 45 g	CHAO SUA	22				
8852240040467	ชาชู None	ชาชู	30				
8852240900037	PHAD THAI SPICY						
8852269400105	โกลด์ เบรด ุ60 g	โกลด์ เบรด	30				
8852269400198	ขนมปังไส้สังขยา	โกลด์เบรด	75				
8852269400259	ขนมปังโรลถั่วแดง	โกลด์ เบรด	80				
8852269400365	GOLD BREAD 70 g	GOLD BREAD	70				
8852269590103	โกลด์เบรด 70 g	โกลด์เบรด	70				
8852291800317	Mango Chewy Candy	King Power					
8852294032043	เกรทเตอร์ มายเซพติค มายบาซิน 9.4 g	เกรทเตอร์ มายเซพติค มายบาซิน	5				
8852310900028	Pineapple candy	นายจอม	30				
8852349000843	อินทผลัมแห้ง พันธุ์เดคเลทนัวร์	Nature's Delight	30				
8852349002618	อินทผลัมแห้ง	เนเจอร์ส ดีไลท์	50				
8852349004568	อินทผลัมแห้งพันธุ์ฮาลาวี	ออเรียนทัลเดทส์	30				
8852349004872	nature's DELIGHT 170 g	nature's DELIGHT	30				
8852371400482	มายด์ด้า 200 ml	มายด์ด้า	200				
8852371400499	มายด์ด้า นมปรุงแต่งรสหวานยูเอชที	มายด์ด้า	200				
8852371400505	มายด์ด้า 200 ml	มายด์ด้า	200				
8852384006145	น้ำราสเบอร์รี่ 100% - 280 ml	AC Fresh	280				
8852388000620	Hong Thong						
8852388000729	Mekhong - The Spirit of Thailand	Bangyikhan Distillery					
8852391010548	น้ำพริกเผา	ฉั่วฮะเส็ง	15				
8852391010739	นํ้าพริกเผาสูตรทาขนมปัง	Chua Hah Seng Squeeze	15				
8852391090014	CHEF'S SECRET	CHEF'S SECRET	50				
8852511011349	Kewpie Mayonnaise	Kewpie					
8852512009215	Richesse 2 kg	Richesse	154				
8852512501023	Richesse	Richesse	150				
8852512501030	Richesse 350 ml	Richesse	150				
8852512501047	Richeese	Richeese					
8852512701010	Soy yogurt	Rivon	130				
8852512701034	RIVON 130g.	RIVON	130				
8852512701041	นมถัวเหลืองหมัดจุลินทรีย์ผสมบลูเบอร์รี่	ริวิว ซอยเกิร์ต	130				
8852523103032	Oriental Style Instant Noodles	เมนดาเกะ	45				
8852523112027	moroheiya noodle	harmony life	50				
8852523206467	Thai chef	halal					
8852525971189	arty powder						
8852528002811	นิสชินรสผัดกระเพราแห้ง	nissin	55				
8852528002873	Tom Yum shrimp noodle	NISSIN	60				
8852528002903	นิสชิน รสหมุสับ	Nissin	60				
8852528003481	นิสชิน ทงคัตสึราเมง	Nissin	60				
8852528003566	NSSIN						
8852528003689	บะหมี่กึ่งสำเร็จรูป รสซุปเกาหลีฮอตแอนด์สไปซี่ ตรานิสชิน	Nissin	60				
8852528003702	ยากิโซบะซอสญี่ปุ่น	nissin	60				
8852528003764	นิสชินไก่เผ็ดเกาหลี	nissin	60				
8852528003894	นิสชิน รสเล้งแซ่บ	Nissin	60				
8852528004099	นิสชินคัพหมูมะนาว						
8852528004129	Nissin 74 g	Nissin	74				
8852528004150	นิชชินคัพต้มยำน้ำข้นรวมมิตร	คัพนูดเดิล	76				
8852528004242	นิสชิน รสไก่เผ็ดไข่เค็ม แห้ง	Nissin	60				
8852528004426	บะหมี่กึ่งสำเร็จรูป รสต้มยำกุ้งน้ำข้น	Nissin	72				
8852528004433	นิสชิน ต้มยำกุ้งน้ำข้น						
8852528004457	นิชชินรสซอสครีมต้มยำมันกุ้งแบบแห้ง	Nissin	71				
8852528004532	นิชชิน ปูทะเลผัดผงกะหรี่แบบแห้ง	Nissin	73				
8852528004679	คัพนูดเดิล รสซอสครีมต้มยำมันกุ้ง		73				
8852528004839	บะหมี่กึ่งสำเร็จรูปแบบแห้ง รสหม่าล่า	Nissin	60				
8852528004945	บะหมี่ รสกุ้งแม่นํ้าผัดซอสฉู่ฉี่	Nissin	71				
8852528005072	instant ramen garlic oil tonkotsu	IPPUDO	77				
8852528005379	นิสชิน 70 g	นิสชิน	70				
8852537011514	นมจืด ไทย-เดนมาร์ค	ไทย-เดนมาร์ค	125				
8852537012115	Thai Denmark sweeten milk	Thai Denmark					
8852537013211	นมช็อกโกแลตไทยเดนมาร์ค	ไทยเดนมาร์ค	250				
8852537032410	ไทย-เดนมาร์ค 180 ml	ไทย-เดนมาร์ค	180				
8852537103110	โยเกิร์ตพร้อมดื่มยูเอชที กลิ่นส้ม	ไทย-เดนมาร์ค	200				
8852537104117	โยเกิร์ตพร้อมดื่มยูเอชทีกลิ่นเลม่อน	ไทย-เดนมาร์ค	200				
8852537105114	Thai-Denmark 200 ml	Thai-Denmark	200				
8852537141112	thaidenmark 1,000 ml	thaidenmark	200				
8852612003151	Whey protein	Royal-D	30				
8852612004233	None 330 ml	None	330				
8852612004509	Royal-D electrolyte beverage	Unilever	400				
8852612015291	9$ 100 g	9$					
8852616200846	5$	5$					
8852616201232	7.6$	7.6$					
8852634023809	โดล 40 g	โดล	40				
8852634042459	ชิ้นส้มในน้ำองุ่นขาว	โดล	113				
8852634622118	Apple slices	Dole	80				
8852646132001	coeur de palm						
8852646134005	Chinese Style Noodles	Food Speciale	100				
8852646137006	Reisessig						
8852646183003	Sauce au piment et a l'ail	Thai dancer	300				
8852646523007	Oriental Oyster Sauce	Thai Dancer					
8852671005547	Champignons En Tranches Emporium						
8852671022919	GEFCO 685g	GEFCO					
8852681011217	Roller corn	Roller corn	65				
8852690002930	Samui Coconut Chips	Samui	40				
8852695300147	mba	mba	30				
8852695300246	เอ็มบีเอ 120g	เอ็มบีเอ	30				
8852695303452	MR.CH 130 g	MR.CH	32				
8852695303971	MBA 200 g	MBA	30				
8852695304336	เอ็ม บี เอ โปรฟุ๊ด ึ70 g	เอ็ม บี เอ โปรฟุ๊ด	30				
8852695304428	MR chu's bakery 11 g	MR chu's bakery	11				
8852695306842	mba 100 g	mba	33				
8852702197012	วาฟเฟิลรสต้นตำรับ	Belga chef	70				
8852707103308	Τόνος Σε Νερο	Geisha					
8852740800066	ตราฟรุก	ตราฟรุก					
8852740800134	ฟรุทซี 50 g	ฟรุทซี	50				
8852742000099	แรงเจอร์ ผสมวิตามินซี	Ranger	150				
8852756023497	LCMs Unicorn	Kellogg's	22				
8852756051759	Coco cereal bar	เคลล็อกส์	23				
8852756123722	VOGURTY BERRY promotion	Kelloggs					
8852756302202	Kellog's LCMs Oaty Bubble Bars	Kellogs					
8852756303117	Honey Crunch Corn Flakes	Kellogg's	30				
8852756303339	HI-FIBRE Mueslix Harvest Fruit	Kellogg's	45				
8852756303506	Coco loops	Kellogg's					
8852756304114	Honey crunch	Kellogg’s	30				
8852756305012	LCM Treatz	Kelloggs	26				
8852756307498	Special K Vanilla Almond	Kellogg's	30				
8852756315110	Mixed frain bat	Krave					
8852756323535	Froot Loops	เคลล็อกส์	25				
8852756327434	LCMs Split Stix Yoghurt	Kellogg's	22				
8852756328493	KELL LCM UNICORN 100GM	LCMs	20				
8852756329438	LCMs Split Stix Yoghurty	Kellogg's	22				
8852756351118	Kellogg's	Kellogg's					
8852756357219	เคลล็อกส์ 180 g	เคลล็อกส์	30				
8852756357547	Banana corn flakesเคลล็อกส์คอร์นเฟลกส์	Kellogg-s	30				
8852756358216	Strawberry Cornflakes	Kellogg's					
8852756373110	คอนเฟลกส์	เคลล็อกส์	25				
8852756375657	Blueberry and almond	Kellogg's					
8852756397017	Coco Pops gluten free	Kellogs	30				
8852756401707	Nutri-Grain Bars	Kellogg’s	24				
8852756401745	LCMs Split Stix	Kellogg's					
8852756504941	Unicorn fruitloop	Kellogg's					
8852756517149	Berry Yogurt	Kellogg’s	25				
8852756610512	frootloopd lcm	Kellogg's					
8852756705324	Soy Protein Granola	Kellogg’s	45				
8852756707069	Kellogg's Frosties	Kellogg's					
8852756707212	Real strawberry corn flakes	Kellogg’s	27				
8852756708349	Granola Dark Chocolate	Kelloggs	45				
8852756768046	Froot Loops	Kellogg's	30				
8852756905106	Granola Boost	Kellogg’s	45				
8852756925104	Granola Boost Protein Extra	Kellog's	45				
8852756958331	เคลล็อกส์ ซอยโปรตีน กราโนล่า	Kelloggs	40				
8852768060831	คุณแม่ 155 g	คุณแม่					
8852778008786	เครื่องดื่มคอลลาเจน	บริ๊งค์	100				
8852796123133	Abbott 200 ml	Abbott	200				
8852796201244	เอนชัวร์	เอนชัวร์	200				
8852805004361	Caramel latte						
8852805004385	jim's coffre mocha	Jim'coffee	30				
8852846377059	Sticky Rice and Mango Flavoured Candy						
8852859020447	original coconut chips	original coconut chips	30				
8852898000127	ขนมตุ้บตั๊บ	กวงเม้ง	44				
8852898000219	KM 160 g	KM	36				
8852898000417	ขนมคอเป็ด	กวงเม้ง	37				
8852898000455	ขนมถั่วตัด	กวงเม้ง	40				
8852959002428	ข้าวกล้องหอมมะลิ	เกษตร	50				
8852959007119	Roter Reis	Kaset					
8852966000677	แฮมไก่ดับเบิ้ลชีส	บิ๊กแอล	100				
8852966000738	พิซซ่าโรลไก่สไลซ์รสควันซอสคาร์โบนาร่า	อัลเฟรโด	90				
8852966001612	ไก่ย่างพริกไทยดำ	Alfredo	90				
8852966002466	โลตัส 300g	โลตัส	300				
8852966003531	Alfredo 95 g	Alfredo	95				
8852975909749	ขนมข้าวโอ๊ต รสนม	Penny-O	15				
8852990000377	นางเล็ต	CRISP-RICE					
8853002080004	ดีน่า 230 ml	ดีน่า	230				
8853002080066	ดีน่า สูตรงาดำสองเท่า	ดีน่า	180				
8853002301857	ดีน่า กาบา นมถั่วเหลืองยูเอชที สูตรผสมจมูกข้าวญี่ปุ่น เจ	ดีน่า					
8853002301888	ดีน่าเขียว จมูกข้าวญี่ปุ่น	ดีน่า	230				
8853002302182	ดีน่า 110 ml	ดีน่า	110				
8853002302236	ดีน่ารสจมูกข้าวญี่ปุ่น	ดีน่า	180				
8853002302403	ดีน่ากาบา สูตรหวานน้อย	ดีน่า	230				
8853002302427	นมถั่วเหลืองผสมคอลลาเจน	ดีน่า	180				
8853002303073	ดีมอลต์						
8853002303332	นมถั่วเหลืองผสมข้าวโพด	ดีน่า	180				
8853002305183	นมรสจืด	ดัชมิลล์	225				
8853002305763	นมรสช๊อกโกแลต ตราดัชมิลล์	ดัชมิลล์	225				
8853002307293	นมเกรดคัดสรร ซีเล็คเต็ด รสกาแฟเข้มข้น - 180 ml	ดัชมิลล์	180				
8853002308740	Riceberry	ดีน่า	180				
8853002309327	Dutch Mill 150 ml	Dutch Mill	150				
8853002309495	Dutch Mill Chocolate Hazelnut						
8853002310132	Dibmal 150 ml	Dibmal	150				
8853002312075	อาราบัส เอสเปรสโซผสมนํ้ามะพร้าว	อาราบัส เอสเปรสโซ	180				
8853002312259	ดีน่า โทนิว 180 ml	ดีน่า โทนิว	180				
8853002313867	ดีน่า รสมันม่วง	ดีน่า	230				
8853002314475	อาราบัส ซิกเนเจอร์	Arabus	230				
8853002314604	WHIPPING CREAM	Dutch Mill					
8853002314826	ดัชมิลล์ กู๊ดดี้ 300 ml	ดัชมิลล์ กู๊ดดี้	150				
8853002316417	นมถั่วเหลืองผสมจมูกข้าวญี่ปุ่น	ดีน่า	300				
8853002317001	นมไวท์มอลต์	ดีมอลต์	180				
8853002317582	Yoghurt Mixed Fruit	ดัชมิลล์	245				
8853002317612	DUTCH MILL 245 ml	DUTCH MILL	245				
8853010000070	จิง จิง เฮียง หมูหยอง 100 กรับ	จิงจิงเฮียง					
8853033021908	aro 220 g	aro	220				
8853033021922	Spaghetti With Pork And Tomato Sauce One Serving	เอโร่	220				
8853033021946	aro 220 g	aro	220				
8853085000043	Tamarind Seedless	X.O Thailand					
8853094003110	PAPPER POWDER						
8853095000750	Nang Fah (Tue Kung), Instant Duck Flavor Paste	V. Thai Food Product Co.  Ltd.	15				
8853095005533	Shrimp Paste	Nang Fah	15				
8853112354200	Thon au naturel						
8853112354347	Light meat tuna	الصياد					
8853141832922	มินิโคล่า	Minicoloa	20				
8853162695537	กล้วยตากเคลือบครีมสตอเบอรี่	บานาน่าโซไซตี้	25				
8853165004251	น้ำจิ้มแจ่ว	Purefoods					
8853165018876	ซอสปรุงรสน้ำซุปชาบูเข้มข้น สูตรดั้งเดิม	เพียวฟู้ด					
8853230000126	Haricot Mungo Décortiqué						
8853230003394	Graines de sésames blanches						
8853250005057	แม่ละม่อม 100 g	แม่ละม่อม	30				
8853257001137	Petburee 180 g	Petburee	15				
8853259009117	Tamarin au sucre						
8853282000853	Matcha Greentea	Granovibes	35				
8853282000877	Dark Chocolate and Banana Granola	Granivibes	35				
8853282001584	Mixed Fruits	Granovibes fit	35				
8853282001997	Granola Bar Dark Chocolate and Almond	Granovibes	28				
8853282002161	กราโนไวบ์บาร์	กราโนไวบ์บาร์	28				
8853282002178	BAR Mixed nuts	Granovibes	28				
8853282002185	Dark Choc Bar	GRANOVBES BAR	28				
8853282002734	Granola Chocolate Hazelnut	A-grains	38				
8853282003199	Oat Cookies	Granovibes	30				
8853282003229	คุกกี้ สูตรบีทรูทผสมแครนเบอร์รี่	กราไนไวบ์ส	30				
8853282003410	Mint Chocolate	Granovibes	30				
8853282003434	granola dark hazelnut cranberry	a-grains					
8853318000390	POP	Popular					
8853333000016	น้ำส้มแมนดาริน	มาลี	200				
8853333000443	เงาะในน้ำเชื่อม	มาลี	120				
8853333000474	เงาะไส้สับปะรดในนํ้าเชื่อม	Malee	117				
8853333000597	ฟรุตคอกเทลผสมลำไยในน้ำเชื่อม	มาลี	140				
8853333000641	แห้วในน้ำเชื่อม	มาลี	140				
8853333001815	น้ำส้มเขียวหวาน	มาลี	200				
8853333002881	Malee sweet corn milk	Malee	180				
8853333003161	Malee sweet corn milk drink	Malee	180				
8853333005004	น้ำองุ่น	Malee	200				
8853333009248	s-p 180 ml	s-p	180				
8853333010251	Malee 200 ml	Malee	200				
8853333014921	มาลี นํ้าผลไม้ผสมนํ้าแร่	Malee	330				
8853333015133	Peach juice mixed straweberry and red grape juice	Malee					
8853333015812	น้ำส้มแมนดาริน สูตรพลังงานต่ำ ตรา มาลีไลท์	มาลี	300				
8853333015829	น้ำทับทิมผสมน้ำผลไม้รวม สูตรพลังงานต่ำ ตรา มาลีไลท์	มาลี	300				
8853333016383	น้ำส้มเขียวหวาน	มาลี	200				
8853333016994	น้ำมะพร้าว 50% - 180 มล	Malee	180				
8853333017014	น้ำลิ้นจี่	malee	180				
8853333017038	Tropical Orange Juice	มาลี	180				
8853333017571	Malee Coco	Malee	200				
8853333017625	มาลี None	มาลี	180				
8853333017755	Malee 1000 ml	Malee	200				
8853333017885	มาลี	มาลี	200				
8853333017984	น้ำผักผลไม้รวม สูตรเชอร์รี่กลิ่นดอกซากุระ	มาลี	200				
8853333018301	น้ำแอปเปิ้ลเสริมใยอาหาร ตรามาลีโฟล	มาลี	250				
8853333018462	Malee apple juice	Malee					
8853333025637	มาลี ฟรุตเฟรช	Malee	300				
8853333025811	มาลี น้ำสตรอว์เบอร์รี่ยามากาตะ ผสมน้ำผลไม้รวม	malee	200				
8853333026054	Malee 230 ml	Malee	230				
8853334001036	เต้าหู้เหลืองนิ่ม	เส่งเฮง	250				
8853334001050	Firm White Tofu	SenghengTofu	190				
8853334001227	Organic Firm White Tofu	SENGHENG	95				
8853348005518	3.75$	3.75$					
8853445017742	ขนมปัง ไส้คัสตาร์ด กลิ่นวานิลลา	โลตัส	80				
8853445017766	ขนมปังไส้ถั่วแดง	Lotus's	80				
8853445017773	ขนมปังไส้เผือก	Tesco	80				
8853445017803	โตลัสตัส	โตลัสตัส	57				
8853445018831	ชีสเค้ก	srifa	65				
8853445019333	The Coconut Roll Original	Suthera	70				
8853445019531	Suthera thai coconut roll						
8853445230912	ทองม้วน	สุชีรา	16				
8853445240195	Srifa Bakery 22g	Srifa Bakery	22				
8853447019355	ข้าวหอมมะลิ 100%	Tesco	50				
8853447028593	ผักกาดดองยำ ตราเทสโก้	Tesco	30				
8853447066205	ครีมเทียม ตรา เทสโก้	Tesco	3				
88534664	Cheezee Squeeze	Magnolia					
8853474009794	เต้าหู้ถั่วเหลือง	ท็อปส์	220				
8853474011797	Central 170 g	Central	43				
8853474011841	แฮมพริกไทย	Tops	100				
8853474013487	ไส้กรอกอีสาน	Tops	50				
8853474015726	มีทโลฟ พริกไทย	Tops	50				
8853474026913	คุ้กกี้อัลมอนด์	มายช้อยส์	18				
8853474036288	Tops 60 g	Tops	60				
8853474039432	My Choice Thai 220 g	My Choice Thai	31				
8853474040667	ไข่ไก่เบอร์0	Tops	70				
8853474046218	ขนมขาไก่	ท็อปส์	30				
8853474047536	My Choices 1 kg	My Choices	30				
8853474047581	แพนกาเซียส ดอร์รี่ฟิเลต์ ฟิชฟิงเกแร์	ท็อปส์	200				
8853474049240	Tops 1 kg	Tops	50				
8853474050338	นำ้ผึ้งดอกลำไย	Tops	15				
8853474054053	แครกเกอร์หน้าทุเรียนทอด มายช้อยส์	My Choice	24				
8853474054121	ลิ้นจี่ในน้ำเชื่อม	Tops	140				
8853474056651	สลัดมิกซ์	My Choice	100				
8853474056682	เฮอร์บัลสลัด	มายช้อยส์	100				
8853474056699	สวีทแอนด์ครั้นชี่สลัด	Ready to eat	100				
8853474058266	ชาดำพร้อมดื่ม ตรามายช้อยส์	มายช้อยส์	200				
8853474058280	T 500 ml	T	200				
8853474058587	ซาลาโนวามิกซ์สลัด	My Choice	100				
8853474061792	ปลาทูนึ่ง	Tops	150				
8853474062379	ปลาทูนึ่ง	Tops	100				
8853474063888	My Choice 90 g	My Choice	90				
8853474063949	ลูกชิ้นปลากลม	Tops	50				
8853474064069	My Choice 565 g	My Choice					
8853474064861	Longan Honey	My Choice	18				
8853474064991	Favory 100g, 14 balls	Favory	50				
8853474066223	Bakery Arigato Brand 240 g	Bakery Arigato Brand	48				
8853474070695	ข้าวผัดปู	Favory	215				
8853474070701	ข้าวผัดไข่	Favory	150				
8853474070725	ข้าวพะแนงหมู	Favory	240				
8853474071272	เต้าหู้ปลา	Favory	130				
8853474071579	ข้าวหน้าปลาซาบะย่างเทอริยากิ	Favory	235				
8853474071586	ข้าวหน้าไก่ย่างเทอริยากิ	Favory	240				
8853474072064	น้ำจิ้มสุกี้ สูตรกวางตุ้ง	เฟเวอร์รี่	34				
8853474072538	สปาเก็ตตี้คาโบนาร่าแฮม	Favory	215				
8853474073337	เค้กโรล กลิ่นวานิลลา	Arigato	50				
8853474073351	เค้กโรลกลิ่นกาแฟ ตราเบเกอรี่อาริกาโตะ	Arigato	50				
8853474074211	สปาเก็ตตี้คาโบนาร่าแฮม	Favory	210				
8853474075430	มักกะโรนีไก่ไส้กรอก	Favory	220				
8853474077304	กะเพราหมูพร้อมข้าวสวยหอมมะลิ	Favory	250				
8853474093328	นำ้ผึ้งจากดอกลำไย	Glory	18				
8853600000022	Bananes séchées au miel						
8853647000108	Energy drink	حلال					
8853647000122	คอมมานโด ออริจินอล	Commando	150				
8853647012026	Jus tamarin						
8853652021013	ข้าวผัดปู สูตรมหาชัย	พรานทะเล	230				
8853662001227	grüne Curry Paste						
8853662002101	Exotic Food	Exotic Food					
8853662003115	Sweet Chilli Sauce	Exotic Food					
8853662023076	Minced Coriander	Thai Pride					
8853662023311	Thai pride	Thai pride					
8853662023366	Chilli sauce for seafood						
8853662023588	Thai pride Supreme Soy Sauce imp						
8853662023717	Siracha Hot Chili Sauce	Thai Pride					
8853662023915	Minced thai Basil imp	Thai Pride					
8853662023946	Green Curry paste	Exotic Food					
8853662040875	Sriracha hot chili sauce						
8853662040943	Exotic Hoi Sin Sauce 455ml	VATAN ENGROS AS					
8853662041131	Green curry noodle	Exotic Food					
8853662041421	Massaman Curry Paste	Exotic Food					
8853662041728	Sriracha Mayo Sauce						
8853662044132	Oyster sauce						
8853662044255	Sriracha Hot Chilli Souce	Flying Goose Brand					
8853662044446	Coconut cream						
8853662050416	THAI PRIDE Red Curry imp						
8853662057378	Sweet Chili						
8853704000447	ទឹកម្ទេស	6000៛					
8853756004080	Soy Milk with Black Bean	Lemon Farm	25				
8853756004417	Lemon Farm 45 ml	Lemon Farm	25				
8853815008523	Hershey's Chocolate Overload	Hershey's	80				
8853820000024	Poudre de manioc						
8853843000421	เส้นแก้ว สาหร่าย	เกาลูน	100				
8853925000042	ลูกชิ้นปลากราย	มิสเตอร์สะอาด	55				
8853930001164	จ่อกวน 100 g	จ่อกวน	33				
8853932031114	flotskaya bichok						
8853969005225	Riz long grain - thaï long grain rice	C.T.F Brand					
8853969013619	Riz noir	Royal  Thai	100				
8853969015101	brown, red, black rice	Healthy Grain	50				
8853973005037	ซาลาเปาไส้หมูสับ	โคคา	80				
8853976004334	8853976004334						
8853976004464	Yoko knee elbow cream 2yrs prod						
8853976004877	Sun screen 2yrs prod	Yoko					
8854002007893	riz						
8854009005052	Sauce d'huitre						
8854041002163	สลัดผักรวม	อีซี่เฟรช	114				
8854099000944	บ๊วยแผ่นนุ่ม	Patto					
8854099002085	Spicy sweet tamarind						
8854099005062	กล้วยกรอบแก้วไส้มะขาม	บ้านมะขาม	30				
8854099006045	Tamarin 4 tastes plum flavoured	Tamarind House					
8854099007110	90 G. of Crispy Banana With Tamarind Jam Snack - Free Shipping	Tamarind House	30				
8854099009329	aro	aro	15				
8854106111854	Tu‘O‘NG ÓT SRIRACHA	Asiana Tiger Brand					
8854157000770	สาลี่สุพรรณ(ชั้นหนึ่ง)	เอกชัย	47				
8854158000229	ตราพนมรุ้ง 2 kg	ตราพนมรุ้ง	200				
8854320002471	นมอัดเม็ดวังน้ำเย็น	วังน้ำเย็น	5				
8854419007608	Rice Vermicelli						
8854452001656	Riz						
8854452005852	Golden Rice Bowl						
8854561002681	Protein water	Moove					
8854561003138	OK al by บ้านใบชา 350 ml	OK al by บ้านใบชา	175				
8854561003282	Moove High Protein Chocolate	Moove	310				
8854561003299	High Protein Plain Lactose Free	Moove	310				
8854561003398	High Protein Lactose Free Strawberry	Moove	310				
8854561003527	Plant Protein Isolate Strawberry	Upp	360				
8854561003541	Milk High Protein	MOOVE					
8854570000043	Sucre de canne						
8854575002332	Ranong 140 g	Ranong	20				
8854575007252	จินเฟรช ขิงผง	Ranong Te	5				
8854575009300	Lemon grass tea						
8854579005698	NATURE BEST FOOD CO. 30 g	NATURE BEST FOOD CO.	30				
8854579005704	Koriko	Koriko	30				
8854604100916	حلوى طرية بنكهة الفروالة	السعر 1 ريال	20				
8854604101524	FRITC						
8854634023063	ซ็อกโกซิตี้ 29 g	ซ็อกโกซิตี้	29				
8854692009146	J-Lek 215 g	J-Lek	50				
8854698002042	น้ำชาเขียว รสต้นตำหรับ	โออิชิ	180				
8854698007085	Black Tea	Oishi					
8854698009737	Oishi Green Tea Original Flavor	Oishi					
8854698010672	ชาคูลล์ซ่า รสฮันนี่เลมอน	โออิชิ	320				
8854698012645	โออิชิ แอปเปิ้ลเขียวองุ่นขาว	โออิชิ	380				
8854698013574	Green Tea Pomegranate	Oishi					
8854698013697	Watermelon Flavoured Japanese Green Tea	Oishi	500				
8854698014281	โออิชิ เคียวโฮ						
8854698014359	Green Tea with Honey and Lemon	Oishi	380				
8854698015189	Oishi Gold 400 ml	Oishi Gold	200				
8854698015806	Oishi Green tea 380 ml	Oishi Green tea	190				
8854698017442	โออิชิ	โออิชิ	190				
8854729500264	Bubble milk team						
88547367	Biscuit fourré à l'orange						
8854743001242	ปิ่นเงิน 5 kg	ปิ่นเงิน	50				
8854761000944	Chocolate deluxe oatmilk	กู๊ดเมท	200				
8854761000968	เครื่องดื่มน้ำนมข้าวโอ๊ต สูตรออริจินัล - 180 ml	Good mate	180				
8854761000975	กู๊ดเมต นมข้าวโอ๊ต	Good Mate	180				
8854761001101	100% Coconut Water	Chabaa	310				
8854761001415	Chabaa coconut	ชาบ่า	230				
8854761020218	Apple & Grapes fruit	Chabaa					
8854761120116	Jus d'ananas 100%						
8854761124015	Pineapple Juice Drink						
8854761130115	CHABAA 1000 ml	CHABAA	200				
8854761160112	Mango & passion fruit						
8854761180011	Eau de coco						
8854761184019	Young coconut juice drink with coconut flesh	Chabaa	230				
8854761254415	Chabaa collagen						
8854761274314	Chabaa fiber	Chabaa	230				
8854761800537	Mixed Berry Fruit Jam	Chabaa					
8854761951017	วาเลนเซีย ออเรนจ์จูส	Starbuck	250				
8854761951437	137 degrees 180 ml	137 degrees	180				
8854761951444	Walnuts milk	137 deegrees	180				
8854761951574	Double Belgium Chocolate	137 degrees	180				
8854761951581	Walnut milk	137°c degrees	180				
8854761993031	Almond juice drink	Chabaa					
8854770005053	ทองม้วนรสต้นตำรับ คลาสสิค - 80 g	Elephant King	25				
8854770005060	ทองม้วนรสกล้วย คลาสสิค - 80 g	Elephant King	25				
8854770006548	King Power 180 g	King Power	30				
8854770006555	KING POWER SELECTION 120 g	KING POWER SELECTION	30				
8854770008764	KING POWER SELECTION 90 g	KING POWER SELECTION	30				
8854770008771	KING POWER SELECTION 60 g	KING POWER SELECTION	30				
8854770008788	KING POWER SELECTION 90 g	KING POWER SELECTION	30				
8854800002410	Nagaraj						
8854808001132	หมูเส้นหอม - 90 g	สะเบียง	30				
8854808001330	SABIANG	SABIANG					
8854808002016	หมูหยอง	สะเบียง	30				
8854808002030	หมูฝอย	สะเบียง	30				
8854808002047	sabiang 30 g	sabiang	30				
8854819002173	Riz organic 3 couleur	Green net					
8854838003373	ลาบเห็ด	อีซี่โก	85				
8854923214202	สแน็คแจ๊ค รสชิลลี่ซอส	Snack jack	34				
8854923215100	ฮานามิ ฟู้ดส์	ฮานามิ ฟู้ดส์	15				
8854923216305	Lay'sly 60 g	Lay'sly	31				
8854924000262	ไร่ไหม่อน 240 ml	ไร่ไหม่อน					
8854924000279	ไร่ไม่จน 240 ml	ไร่ไม่จน					
8854958000085	CHEF KANI express 72 g	CHEF KANI express	36				
8854961000423	Salted Cure Plum	ฟูจิพลัม	3				
8855009000092	อิจิบัง 230 g	อิจิบัง	230				
8855044000040	Boisson au lait noix de coco						
8855044014528	Basil Seed Drink	Asya	290				
8855044015099	นิดนา เม็ดแมงลักสตอเบอรี่						
8855044015105	นิดนา เม็ดแมงลักลิ้นจี่						
8855044016089	Coco royal boisson à la pêche avec des graines de basilic						
8855044040626	Coconut Milk Drink with Nata De Coco (Original)	Bagason's American Harvest	290				
8855044044334	Basil Seed Drink						
8855044049858	Aayini						
8855044051189	Mabu coco						
8855096000005	นายเสนอ โอเลี้ยงโบราณ	นานเสนอ	200				
8855101615804	Mulled wine jelly	Fortnum & Mason					
8855120002623	ข้าวเกรียบ รสกุ้งสไปซี่	PR	27				
8855120002647	บิ๊กแบ็ก มะเขือเทศ	PR	28				
8855134000295	ขนมเปี๊ยะไส้ถั่วไข่ - 900 g	ตั้ง เซ่ง จั๊ว	50				
8855153100105	เครื่องดื่มกลิ่นบับเบิ้ลกัม	G BEAT	325				
8855153100204	จี บีท เครื่องดื่มกลิ่นแอปเปิ้ลและลูกแพร์	G BEAT	325				
8855153100402	G BEAT 230 ml	G BEAT	230				
8855153200102	🍮 Carrageenan Jelly with Multivitamins and Zinc	G-BEAT	180				
8855153200409	High C&Zinc Jelly	G BEAT	180				
8855199132054	Coca Cola Light	Coca-Cola					
8855199132078	Coke zero	Coke	325				
8855199142015	Coca-Cola	Coca-Cola					
8855199144019	[No information image]	Coke					
8855199144170	Fanta	fanta					
8855237000031	Grüne Curry Paste	Nittaya					
8855237000888	Panang Curry Paste	Authentic Thai					
8855263000890	แมคคาเดเมียนัท - 50 g	Doitung	25				
8855263001095	แมคคาเดเมีย ตราดอยตุง	Doitung	30				
8855263001118	คุกกี้แมคคาเดเมีย	ดอยตุง	30				
8855263001842	DoiTung	DoiTung					
8855273000248	ground Chili						
8855273006431	Fried garlic						
8855273009142	Red cargo rice	little angel	43				
8855273010568	tapioca flour	Chang					
8855273012173	sushi ginger						
8855282100915	Wasabi coated Green Peas	Nutcandy					
8855301213213	Canned Tuna In Tomato Sauce	Rita Mare	160				
8855301215767	white tuna slices	kawel					
8855301217815	Afia Chunk Tuna in Sunflower Oil -160g	Afia					
8855301219420	Tuna	Alba	185				
8855361000037	ไชโป้วหวาน ชนิดสับ	ชฎา	20				
8855363005832	Tamarind Candy						
8855363011031	Fried chili paste						
8855363012199	Fried Chilli paste						
8855366007451	Asahi Beer Bottle						
8855381000031	ขนมเปี๊ยะถั่วไข่เค็ม	BanArjarn	47				
8855381000048	ขนมบ้านอาจารย์ ถั่ว-ไข่เค็ม - 190 g	บ้านอาจารย์	48				
8855399001365	Mini Maïs	Excel fruits					
8855416300488	ขนมปังขาว	เอพลัส	46				
8855416300549	Taro filled bun		50				
8855416300556	เอพลัส	เอพลัส	50				
8855416300624	เอพลัส 240 g	เอพลัส					
8855416300679	A-Plus 200 g	A-Plus	59				
8855416301157	เอพลัส 400 g	เอพลัส	59				
8855416301669	Young coconut custard filled bun						
8855416301744	Black Bean Filled Bun	A Plus	50				
8855416301898	เอพลัส 50 g	เอพลัส	50				
8855416332311	เอพลัส	เอพลัส	32				
8855444002163	Biscuit Stick	Atori					
8855444005171	ขนมขาไก่ ทรงเครื่อง	ดอกบัวคู่	30				
8855444005188	ขนมขาไก่ รสต้นตำรับ	Twin lotus	30				
8855444006130	ขนมขาไก่	บิ๊กซี	30				
8855459006231	IM	2500៛					
8855539010165	ยาแคปซูลฟ้าทะลายโจรตราอภัยภูเบศร	อภัยภูเบศร					
8855550000855	หมูแผ่น อบกรอบ	ปึงหงี่เชียง	20				
8855550001258	ไส้กรอกอีสาน	ปึงหงี่เชียง	66				
8855550003313	ปลาแผ่นอบกรอบรสปูอัด						
8855550004969	สุคนธา 128g	สุคนธา	32				
8855550006338	ปึ้งหงี่เชียง 90 g	ปึ้งหงี่เชียง					
8855550006475	หมูฮ่องเต้ ชนิดแท่ง	ปึงหงี่เชียง	24				
8855550008172	คุ๊กกี้สิงคโปร์	ปึงหงี่เซียง	30				
8855588000292	CARADA 64 g	CARADA	32				
8855588120143	สควิดดี้ 19 g	สควิดดี้	19				
8855588141049	คาราด้า รสปลาหมึก	GREENLAND	26				
8855588141131	Carada rice ball squid flavor						
8855591000326	Tapioca parels		28				
8855591000432	ketanmeel						
8855619000567	Tom Yum Chili Paste	The Culinary King of Thailand	18				
8855646001889	C-con 290 ml	C-con	290				
8855683402113	ANONA	ANONA					
8855702006834	Thai cube sweet	Kicthen joy	350				
8855702007114	Fresh Eggs	CP	60				
8855702009217	Satay Sauce Chicken With Jasmine Rice - Thai Cube	Kitchen joy	350				
8855723000019	แต้ เซ่ง เฮง 350 g	แต้ เซ่ง เฮง	50				
8855723003010	แต้ เซ่ง เฮง เปี๊ยะเม่งทึ้งงาขาว	แต้ เซ่ง เฮง	40				
8855723003249	แต้ เซ่ง ฮง 70 g	แต้ เซ่ง ฮง	35				
8855723005014	แต่ เซ่ง เฮง	Tae seng heng	50				
8855723010308	แต้ เซ่ง เฮง ขนมตุ๊บตั๊บ	Tae Seng Heng	30				
8855723012210	ขนมเปี๊ยะนมสดไส้ถั่วมะพร้าวฝอยทอง	แต้ เซ่ง เฮง	35				
8855767000501	ดารายะ 500 g	ดารายะ	100				
8855767000518	ดารายะ 500 g	ดารายะ	100				
8855790000493	None 18 g x 27 sachets (4	None	18				
8855790000523	กาแฟพร้อมดื่ม	คาราบาว	180				
8855790000554	كارا باو مشروب الطاقه- ابو قرن						
8855790001650	Carabao energy Green apple	carabao	180				
8855790001742	Carabao Energy drink						
8855796028101	เดอะการ์เด้นอีเดน 330 ml	เดอะการ์เด้นอีเดน	330				
8855796028118	เดอะการ์เด้นอีเดน 330 ml	เดอะการ์เด้นอีเดน	330				
8855796321486	Chicken Noodles		100				
8855815000149	เต้าหู้ไข่ไก่	แม่บ้าน	105				
8855815002082	วุ้นเส้นสด ตราเสือเดี่ยว	เสือเดี่ยว	40				
8855815003645	เต้าหู้ไข่ไก่	บิ๊กซี	120				
8855830127128	น้ำมันงา ธรรมชาติ	ม้ามังกร					
8855838000027	ฟอฟฟี่นม	None					
88558745	Granini	Granini					
8855878930353	Lisa	Tai Honey Queen					
8855912000516	Тайский белый рис сорта Thai Hom Mali (жасминовый)	Asanee					
8855917001198	O toi nugget	Otori					
8855917003284	บิ๊ก 17 g	บิ๊ก	17				
8855917010275	Corn Snack Honey Milk Flavour	โดโคร	45				
8856049001377	ananas en tranche	the choice					
8856128004473	Honey	Vejpong					
8856136000146	Vacuum Freeze Dried Mango	Fruit King	25				
8856274001791	Super j coconut cream						
8856294054524	BETAGRO 140 g	BETAGRO	55				
8856294054555	ไส้กรอกหมูบาเยิร์น เวียนเนอร์ อะระบิก้า	Betagro	55				
8856294057280	S Pure Hen Egg	S-Pure	60				
8856294070180	ไข่						
8856294071101	เบทาโกร ฟู้ดส์ 55 g	เบทาโกร ฟู้ดส์	55				
8856294075079	ข้าวกะเพราหมูไข่ดาว	เบทาโกร	200				
8856294076137	เบอร์เกอร์สเต๊กไก่นิวออร์ลีนส์	Betagro	100				
8856307002368	pan asia 565 g	pan asia					
8856366000015	คา อิ โซ 300 g	คา อิ โซ	50				
8856366000114	Alga Wakame	ทาเบรุ	8				
8856366000268	Geröstete algen		25				
8856366002071	Extra Roll Seaweed	Taberu					
8856366002651	Korean Style grilled seaweed	M&K					
8856368004486	เต้าหู้ปลาไส้ชีส	CMR	100				
8856446000089	หมูยอพริก	ป.อุบล	50				
8856446000379	หมูยอหนัง	ป.อุบล	50				
8856446000430	หมูยอพริกไทยดำ	ป.อุบล	50				
8856513008963	ไวต้า-ซี มัลติฟลุต เฟเวอร์พลัส	ไวต้า-ซี	20				
8856582005979	ชา AllCafe	AllCafe	623.7				
8856582005993	ชาเขียวมัทฉะ AllCafe	AllCafe	623.7				
8856582006037	ชาไต้หวัน AllCafe	AllCafe	623.7				
8856582006662	ชามะนาว AllCafe	AllCafe	623.7				
8856582009434	เฮย์ เจลลี่ 75 g	เฮย์ เจลลี่	15				
8856582009496	เฮ้ 75 g	เฮ้	15				
8856628200122	Thai Honey 100% Pure Natural Honey Size 1,000 G.						
8856677880054	Dried coconut milk	เป็นหนึ่ง	30				
8856771001164	Shredded Dried Squid	Narn-Nahm					
8856771001171	ปูกะตอยกรอบ	Narn-Nahm	30				
8856796000012	นมแพะ	ศิริชัย	190				
8856843001641	ถั่วแระญี่ปุ่นแช่แข็ง - 450 g	Sunny day	100				
8856848000205	Gluten free organic chia pasta						
8856848000229	Chia pasta						
8856848001226	Brown Rice Cake	Perfect Earth	30				
8856891003185	Hapy mate 150 g	Hapy mate	30				
8856891004519	Tempeh original	Hapy mate					
8856900000112	Green Curry Paste	Aromax					
8856901001361	ข้าวแผ่นอบกรอบ รสพิซซ่า - 50 g	Master Rice	25				
8856901001378	ไรซ์ บัดดี้ กลิ่นเทอริยากิ	ไรซ์ บัดดี้	25				
8856901001385	ไรซ์บัดดี้ รสสาหร่ายเกาหลี	Rice buddy	25				
8856901002337	Double cheese thin baked carckers						
8856901002351	Detachsbles Honey Salt & Vinegar						
8856950001992	คุณแม่จู 120 g	คุณแม่จู	4				
8856977000053	ซองเดอร์ 25 g	ซองเดอร์	25				
8856977000077	Xongdur 150 g	Xongdur	30				
8856977000930	Xongdur 250 g	Xongdur	25				
8856977001449	FoodFitt GRANOLA BALL BLACK SESAME & ALMOND	Xongdur	30				
8856977001845	Grainna งาดำแท่งผสมธัญพืช 8 ชนิด	ซองเดอร์					
8856977001975	โจ๊กข้าวกล้องแดง	ซองเดอร์	30				
8856977002163	Organic Sprouted Rice Powder	ซองเดอร์	15				
8856977002347	Xogdurs 16 g	Xogdurs	16				
8856977002354	เกรนน่า	Graina	16				
8856977002651	Food fitt' 18g	Food fitt'	18				
8856977002842	MeeDee 32 g	MeeDee	32				
8856977004730	Barre de céréales	Foodfitt	15				
8856977004754	ซองเดอร์ ฟู๊ดฟิต กราโนล่าบาร์ รสโคโคนัสคาราเมล สูตรน้ำตาลน้อยกว่า	FoodFitt	15				
8856977005133	Granola bar	Foodfitt	15				
8856977005157	FoodFitt 15 g	FoodFitt	15				
8856977005539	ซองเดอร์ 17 g	ซองเดอร์					
8856977005560	ซองเดอร์ 17g	ซองเดอร์					
8856977005591	Xongdur 17g	Xongdur	17				
8856987450220	Tanako	Tanako					
8857000002983	เต้าหู้นมสด	เจ้าจุก					
8857017110015	อีทโวลูชั่น 100 g	อีทโวลูชั่น	50				
8857045000081	มงกุฏม่วง 1 kg	มงกุฏม่วง	30				
8857053007010	Tapioca flour	Nutrizain					
8857072000047	ฟอร์แคร์ 200 ml	ฟอร์แคร์	30				
8857072000177	ฟอร์แคร์ บาลานซ์ น้ำจมูกข้าว สูตรต้นตำรับ	Balance	180				
8857072000207	ฟอร์แคร์ บาลานซ์ น้ำจมูกข้าว สูตรน้ำตาลน้อย	Balance	180				
8857072000238	ฟอร์แคร์ บาลานซ์ รสดาร์ก ช็อกโกแลต	ฟอร์แคร์	180				
8857072000436	ฟอร์แคร์ บาลานซ์ รสวานิลลา	ฟอร์แคร์	180				
8857072000771	Organic Jasmine Brown Rice Milk						
8857074000786	ดาลุ่ม 300 ml	ดาลุ่ม	300				
8857100280571	ผงพะโล้						
8857101430562	เครื่องดื่มน้ำข้าวไรซ์เบอรี่ผสมน้ำผึ้งมะนาว	โอโอริ	180				
8857101711302	Lait de coco						
8857102570397	ทวีพรรณ 165 g	ทวีพรรณ	41				
8857103580098	ปลาสลิดทอดกรอบ รสดังเดิม  สลิดทองครีน	Salid Thong	25				
8857103837925	Luxica Gold 300 g	Luxica Gold	20				
8857104140659	KCF 1000 g	KCF	250				
8857104140901	Aro 1200 g	Aro	60				
8857104680155	จี๊ดจ๊าด 14 g	จี๊ดจ๊าด	30				
8857105190097	แหนมหมูย่าง	สุนิสา	40				
8857105190134	ไส้กรอกอีสานหมู	สุนิสา	52				
8857105710905	Tamarind concentrate	เนเจอร์เทศ	50				
8857105730606	กระเจี๊ยบกรอบ	ไพรทิพ	10				
8857106100200	Nature 70 g	Nature	30				
8857106100521	Nutri Mate 10 g	Nutri Mate					
8857106850938	กระเทียมเจียว	คุณชาย	6				
8857106850976	คุณชาย 100 g	คุณชาย	6				
8857106930579	หน่อไม้ในน้ำใบย่านาง	ตราแม่บ้าน	100				
8857107230043	สาหร่ายทอด	เถ้าแก่น้อย	30				
8857107230050	เถ้าแก่น้อย		8				
8857107232047	Crispy Seaweed Big Sheet Spicy Flavour	DEK DANG					
8857108680472	แครกเกอร์หน้าทุเรียนทอด	ชายน้อย	30				
8857108680632	Crackers with durian chips						
8857108680854	กล้วยหอมทองอบเนย - 50 g	ชายน้อย	30				
8857109700117	A.H rosemary leaves						
8857112520191	กล้วยตากอบน้ำผึ้ง	เวรี่ไทย					
8857112520412	Natural Banana						
8857112520474	Solar Dried Natural Bananas	Jiraporn	22				
8857112520986	Banana Chips						
8857116400994	ดี เอ็ด 90 g	ดี เอ็ด					
8857118460019	น้ำพริกนรก	รุ่งเจริญ	12				
8857118460026	Pimp hell chili paste [only one image]	Rungjaruen	12				
8857118730235	น้ำพริกเผา	เมกาเชฟ	17				
8857118730648	Seasoned Fish Sauce	Mega Chef	15				
8857118730686	น้ำปลาแท้	Mega Chef	15				
8857118730969	Kecap manis	Megachef					
8857119400380	Banana Roll With Blueberry Jam	Genie's	175				
8857119484168	เครื่องดื่มรสช็อกโกแลตและนมผสมไข่มุกบุก	Tapico	200				
8857119484564	เครื่องดื่มนมรสกาแฟ - 300 ml	FAV	300				
8857119484892	ตราซูใจ 250 ml	ตราซูใจ					
8857119489156	นมเสริมโปรตีนกลิ่นมัชฉะ	FAV	300				
8857119489569	นมเสริมโปรตีนรสช็อกโกแลต	FAV	300				
8857119701128	เค้กโรลบลูเบอรี่	Genie's Bakery	60				
8857119701807	Jenie's 90 g	Jenie's	45				
8857121172121	J&N 125 g	J&N	30				
8857121172138	เจแอนด์เอ็น 100 g	เจแอนด์เอ็น	32				
8857121172145	J&N 140 g	J&N	32				
8857121197018	Natcha 400 g	Natcha	100				
8857121228040	slimix mixed salad	slimix	200				
8857121407278	สหกรณ์แม่บ้านภักดีร่วมใจ พัทลุ 1 kg	สหกรณ์แม่บ้านภักดีร่วมใจ พัทลุ	100				
8857121519957	ป๊อปคอร์นเคลื่อบคาราเมล ผสมอัลมอนด์และเม็ดมะม่วงหิมพานต์	อายิป๊อปคอร์น	27				
8857121554026	สาหร่ายทะเลปรุงรส ด้วยน้ำมันมะกอก - 5 g	ยังบัน	5				
8857121600792	ยาหอม						
8857121621148	ขาไก่จัมโบ้	มูซ่า	35				
8857121621254	มะม่วงหยีคลุกบ๊วย - 50 g	Mooza	25				
8857121621919	Mooza 50 g	Mooza	25				
8857121697266	MAXIMUS 300 ml	MAXIMUS	300				
8857121781026	Kanthima 100 g	Kanthima	100				
8857121846404	นมถั่วเหลืองผสมฟองเต้าหู้	ฟองฟอง	350				
8857121846473	นมถั่วเหลืองผสมฟองเต้าหู้	ฟองฟอง	350				
8857121846671	Fong Fong	Fong Fong	260				
8857121983031	ข้าวเกรียบปลาเมืองนรา รสดั้งเดิม	กรือโปะ	35				
8857122088926	ทองม้วน	บ้านเปี่ยมเพชร	30				
8857122275586	Pineapple Cheese Biscuit	แน็กเก็ต	30				
8857122298455	แคบหมึก	รุ่งธนา	17				
8857122331121	กาแฟปรุงสำเร็จชนิดผง	Green Coffee	13				
8857122331138	กาแฟปรุงสำเร็จชนิดผง	Green Sweat Coffee	18				
8857122331565	น้ำเชื่อมน้ำตาลเทียม	กรีนสวีทไซรัป	4				
8857122477379	ละเออออ 150 g	ละเออออ	15				
8857122511608	Frozen green soy bean	มินนะมาเมะ	72				
8857122519918	aloe Vera cream						
8857122592447	Soy milk						
8857122621017	Wrigley's Doublemint Gum	Doublemint					
8857122646430	มะม่วงพร้อมกะปิทรงเครื่อง - 120 g	Oh fruity	120				
8857122646959	มะเขือเทศเชอร์รี่ พร้อมพริกเกลือ - 110 g	Oh veggies	110				
8857122646973	EZY FRESH 170 g	EZY FRESH	170				
8857122685200	Premium pineapple						
8857122685750	ananas en pièces au sirop	amma	125				
8857122695452	บุปผา 130 g	บุปผา	26				
8857122695483	กล้วยตากเคลือบครีมชาเขียว	บานาน่าโซไซตี้	30				
8857122856129	Konyor 100 g	Konyor	33				
8857122859137	เพชรบ้านแหลม By แม่สม่าน 40 g	เพชรบ้านแหลม By แม่สม่าน	40				
8857122859243	เพชรบ้านแจม 35 g	เพชรบ้านแจม	35				
8857123043023	Black Grass Jelly With Brown Sugar	เจลลี่เบิร์ด	500				
8857123059765	พายอัลมอนด์	Patra Sweet House	25				
8857123113054	ถั่วคั่วทราย	บ้านถั่วลิสง	30				
8857123113061	บ้านถั่วลิสง 60 g	บ้านถั่วลิสง	30				
8857123113085	บ้านถั่วลิสง 60 g	บ้านถั่วลิสง					
8857123135025	ข้าวซอยตัด กลิ่นใบเตย	แพนด้า	20				
8857123146526	Coconut crispy roll						
8857123157522	ปลาซิวตองอบสุก	ภูไรซ์	16				
8857123379016	หมูฝอยกรอบ - 100 g	ปฐมรุ่งเรืองพานิช	25				
8857123896186	ปังกรอบเนยหนึบ	Richly brownie	25				
8857123950055	Palmyra sugar						
8857123982018	101 PLUS 100 ml	101 PLUS	5				
8857123982025	ซีอิ๊วขาว	101 Plus	5				
8857123982056	101 PLUS 115 g	101 PLUS	15				
8857123982063	Oyster sauce	101plus	15				
8857124162099	brownie stick	บีเกอเรย์	25				
8857124162105	กล้วยหอมช็อกชิพแบบแท่ง - 25 g	Bekere	25				
8857124162112	บีเคอรéรé	บีเคอรéรé	25				
8857124179035	จั๊บจั๊บ ก๋วยจั๊บอุบล	Jub Jub	75				
8857124179127	จั๊บจั๊บ ก๋วยจั๊บอุบล กึ่งสำเร็จรูป	จั๊บจั๊บ	65				
8857124179325	jub jub 75 g	jub jub	75				
8857124188051	เกรนนี่ ธัญพืชอัดแท่ง	Grainey	20				
8857124188129	Mini Multi Grain Bar Honey Almond Flavour	Grainey	20				
8857124188198	Naked Series Granola Bar & Nut	Grainley plus Chewy	25				
8857124188327	Grainey 40 g	Grainey	40				
8857124188747	Grainey 40 g	Grainey	40				
8857124188877	Collon 40 g	Collon	40				
8857124252011	Smoked chicken breast sausage	GUYVY	160				
8857124715011	Mixed Nuts Butter	Paweenee	15				
8857124715189	Peanut butter	Paweenee	15				
8857124715509	Peanut Butter	Paweenee					
8857124866164	Coconut Milk Drink with Nata de Coco						
8857124883833	YAA MALI 85 g	YAA MALI	40				
8857124981379	ชาไต้หวันพร้อมดื่ม	พยัคฆ์	250				
8857125000536	ปังลาวาไข่เค็ม	Wanwanach	37.5				
8857125001175	เค้กเผือกมะพร้าวอ่อน	Wanwanach	55				
8857125072014	นมถั่วเหลือง เอ็นโซย่า	เอ็นโซย่า	350				
8857125110013	เห็ดนางฟ้าขาว - 200 g	D fresh	100				
8857125110174	เห็ดนางฟ้าขาว	ดีเฟรช	100				
8857125120258	Nize Seasonings	Nize Seasonings	3				
8857125174053	Boon Tree 85 g	Boon Tree	85				
8857125174084	บองเต้ ลาเต้	บองเต้	180				
8857125174091	บองเต้ แบล็คคอฟฟี่	Bon Trè	180				
8857125174701	Boon Tree 105 g	Boon Tree	105				
8857125174718	Boon Tree 105 g	Boon Tree	105				
8857125174824	Boon Tree 85 g	Boon Tree	85				
8857125178013	STEADI+ 26 g	STEADI+	26				
8857125299244	Salalai 180 g	Salalai	51				
8857125593991	Lil' Sheep 40 g	Lil' Sheep	20				
8857125610919	Tuna Buns Spinach	Skinny Bites	50				
8857125612012	ไรซ์แมน ขนมอบกรอบข้าวไรซ์เบอร์รี่ผสมธัญพืช	Rice Man	30				
8857125643115	By ong 9 g	By ong	9				
8857125746069	ไก่ผัดขิงพร้อมทาน	ชิมดู	110				
8857125896368	Chia Chews - Lime	Fruit Bound	40				
8857126019087	Tasty food spicy snak						
8857126086010	BUA THIP 20 g	BUA THIP	20				
8857126105100	Mini Rice Cracker Double Cheese	Younger Farm	60				
8857126105384	Mini Rice Crackers	younger farm	60				
8857126105506	ยังเกอร์ ฟาร์ม 225 g	ยังเกอร์ ฟาร์ม	45				
8857126131154	ขนมปังเนยกรอบ	COKY	40				
8857126131352	ขนมปังเนยกรอบ	COKY	40				
8857126131390	ขนมปังเนยกรอบ	COKY	40				
8857126131413	Co ky 70 g	Co ky	35				
8857126131420	COKY 80 g	COKY	40				
8857126131536	ขนมปังเนยกรอบ	COKY	40				
8857126153750	บราวนี่เค้ก - 150 g	Delicious story	40				
8857126194395	บราวนี่กรอบอัลมอนด์ รสช็อกโกแลต - 100 g	Hot bekery	50				
8857126213034	ครีมเค้กบราวนี่	Hunjo	80				
8857126213287	HUNJO CREPS 80 g	HUNJO CREPS	80				
8857126213331	HUNJO CREPE	HUNJO CREPE	110				
8857126230345	Organic Butterfly Pea Flower Powder	Incas by Asiya Life					
8857126243246	น้ำมะตูมใบเตย ลูกตาล	มะลิ	280				
8857126386226	โดรายากิไส้ครีมถั่วแดง	Tokachi	66				
8857126386455	เค้กช็อกโกแลตกาโตว์	Lawson108	40				
8857126455649	ชิฟฟอนหนองผงนก ตรา Banyen - 30 g	Banyen					
8857126455854	ชิฟฟอนรสใบเตยมรกต	Banyen	50				
8857126461176	ลำใยสอดไส้สตอเบอร์รี่ฟรีชดราย	CHANA	20				
8857126611045	Captain Pork Stick	OTOP Thailand	20				
8857126635706	น้ำพริกน้ำย้อย	เอมโอชา	10				
8857126635805	น้ำพริกลงเรือกรอบ	เอมโอชา	10				
8857126636062	เกี๊ยวโก๊ะ ไส้สับปะรด	ลูกอินทร์	30				
8857126805048	Mind Kambucha	Mind					
8857127014012	กรีนวิลล์ 40 g	กรีนวิลล์	20				
8857127014128	crispy coconut rolls	green ville					
8857127203102	Ra'Ros 250 ml	Ra'Ros	30				
8857127203126	ระรส 250 ml	ระรส	30				
8857127203133	ระรส 250 ml	ระรส	30				
8857127242019	แซ่บละเบ๋อ 20g	แซ่บละเบ๋อ	20				
8857127323275	แม่อีพิม 180 g	แม่อีพิม	15				
8857127323824	หม่าล่าหม้อไฟ	แม่อิพิม	240				
8857127337043	ส้มทอง 500 ml	ส้มทอง					
8857127442181	POLARIS	POLARIS					
8857127587066	คุกกี้เผือก	Taro Cookies	30				
8857127587127	ทาร์ตสับปะรด	Pineapple Tart	55				
8857127660059	มูซ-มูช 40 g	มูซ-มูช	40				
8857127769202	Brittle Cookies	Icals					
8857127786216	Sunturi Foods 300 grams	Sunturi Foods					
8857127859248	AmWel+ 22 g	AmWel+	22				
8857127875026	ก๋วยจั๊บอุบล 100 g	ก๋วยจั๊บอุบล	100				
8857127912592	Alice'S BAKERY 35g	Alice'S BAKERY	35				
8857127915012	KING 20 g	KING	20				
8857128009154	Chicken Breast Smoothie	Must	250				
8857128151136	GOKOB 40 g	GOKOB	20				
8857128413142	Pea Protein Isolate Choc Flavour	Matell	37				
8857128434017	สวีทโปเตโต้ 40 g	สวีทโปเตโต้	40				
8857128452806	ดีจัง 15 g	ดีจัง	5				
8857128477038	เบาซ 11.6 g	เบาซ	11.6				
8857128516010	Ananas Felii	Deli-Sphere					
8857129013075	🥤 Chicken Breast Smoothies Drink with Yogurt, 12% Lemon Juice And Celery	MAX	250				
8857129076070	Basil Seed with Lychee	Rewo Refresh					
8857129095064	ปังปอนด์ 1 box	ปังปอนด์	45				
8857131211100	Thon à lhuile						
8857200000819	ไชโป้วหวาน	แม่บุญส่ง	30				
8857200003438	OTOP	OTOP	42.5				
8857200071321	น้ำพริกตาแดง	แม่มารศรี	15				
8857200071338	น้ำพริกปลาร้าสับ สมุนไพร	แม่มารศรี	15				
8857200071369	Marasri Brand 100 g	Marasri Brand	18				
8857200112413	ตุ๊กตา 75 g	ตุ๊กตา	40				
8857200116237	ปอ ุ70 g	ปอ	70				
8857200148931	Crispy crab sticks	คูซ่า	18				
8857200210850	เค้กลำไย	ค้ำจุน	60				
8857200213950	Amazon 36 g	Amazon	36				
8857200306393	solar dried banana	daddee banana					
8857200330527	TAB TIM SIAM SUN DRIED BANANA						
8857200353359	ยกซด 10500	ยกซด	65				
8857200376273	คุณยายยกกำลังสอง	คุณยายยกกำลังสอง					
8857200381420	หมูแดง	แสงทอง	100				
8857200474283	J-Deli 25 g	J-Deli	12.5				
8857200479820	Lamoon 1 L	Lamoon	100				
8857200483759	มิสเตอร์บ๊อบ 100 g	มิสเตอร์บ๊อบ	50				
8857200490634	เดลิช บิสกิตไส้สับปะรด	เดลิช	25				
8857200556286	AS Jel ุ60 g	AS Jel	60				
8857200557894	เอ็น-เธียรี่ 230 ml	เอ็น-เธียรี่	230				
8857200569743	Crisy Chicken Skin Tomyum Flavour	Chicks Fried	30				
8857200573054	ปังหิมะ ไส้ครีมใบเตย	M					
8857200585576	Thai Boat Noodle Vermicelli	เลอรส	120				
8857200585811	ไร่ภักดี 30 g	ไร่ภักดี	30				
8857200639736	3-ZERO 225 g	3-ZERO	4				
8857200657617	กล้วยตากพลังงานแสงอาทิตย์	ครัวบ้านขวัญ	20				
8857200714839	บางนรา 80 g	บางนรา					
8858011381128	Pumpkin Oatmeal Purée	Hooray!					
8858011508983	Vegetable Pad Thai Noodles	Asiatique	280				
8858011585021	ไก่ผัดกะเพรา	สมาร์ทอีท	115				
8858011585045	Ready-made Chicken Stir Fry With Garlic Pepper High Protein	Smart Eat	90				
8858011585052	เห็ดผัดน้ำมันหอยพร้อมทาน	สมาร์ทอีท	115				
8858011802173	Riz brun à grains entiers	Kitchen 88	150				
8858095000403	Riz Thaï	AROMALI					
8858135003913	Coconut milk 100%	Real Thai	1000				
8858135005306	Coco Milk	Real THAI	80				
8858135006945	Currypaste mit Kokosmilch						
8858135010065	Tom Yum Soup Paste	Real Thai					
8858135040055	Sésame Hot Sauce						
8858135045043	sweet and sour						
8858135052058	Rice Stick						
8858135090050	Chips d'ananas	Real Thai					
8858150000355	นิวช้อยส์ 100 g	นิวช้อยส์	50				
8858152000476	ลูกพรุนไร้เมล็ด	Goody	50				
8858152010239	ทวิน ดอลฟิน 30 g	ทวิน ดอลฟิน	30				
8858185002348	โปติไลฟ์	Protilife	14				
8858185002669	Coconut chips chocolate flavour						
8858185004588	Meatless Protein Chips (Original)​	JD EATS	30				
8858185004601	Good Eats 30 g	Good Eats	30				
8858185005981	คินดี้ 40 g	คินดี้					
8858212100016	KANGAROO 565 g	KANGAROO	100				
8858223000060	สติ๊กช็อกโกแลต	วีฟู๊ดส์	31				
8858223000077	สติ๊กสตรอเบอรี่	V Foods	30				
8858223000374	ขนมปังไส้สับปะรด	วีฟู๊ดส์	30				
8858223001319	วีฟู้ดส์ 430 g	วีฟู้ดส์					
8858223001418	Sesami biscuits	Vfoods	30				
8858223001470	วีฟู้ดส์ 900 g	วีฟู้ดส์	30				
8858223002026	วีฟู้ดส์ 400 g	วีฟู้ดส์	31				
8858223002446	V FOODS 1200g	V FOODS	30				
8858223002477	วีฟู้ดส์ กะทิสับปะรด	V Foods	30				
8858223004099	เวเฟอร์แผ่นเตย	วีฟู๊ดส์	30				
8858223005898	Spicy Tasty Sticks						
8858223006475	คุกกี้ไส้สับปะรด	vfoods	30				
8858223008479	Hot chili	vfoods	25				
8858223008516	vfoods 100 g	vfoods	33				
8858223009964	ตราวีฟู้ดส์ 400 g	ตราวีฟู้ดส์					
8858223014661	เวเฟอร์สติ๊ก กลิ่นสตอเบอรี่ ตรา เอ็นแอนเอ็น	เอ็นแอนเอ็น	29				
8858223014715	Vfoods tasty sticks biscuits (five tasty)	VFOODS	30				
8858223015552	ขนมขาไก่	เอ็มแอนด์เค	30				
8858223015750	ขนมปังกรอบไส้แยมสับปะรด	เอ็มแอนด์เค	30				
8858223016894	วีฟู้ดส์ บิสกิตและเวเฟอร์	V Foods					
8858223017006	เวเฟอร์แผ่น รสสตรอเบอรี่	Vfoods	33				
8858223017075	ขนมปังขาไก่รสเค็ม	เอ็มแอนด์เค	30				
8858223018188	ขนมหมีน้อยสอดไส้ครีมรสนม	Mr.Mee	25				
8858223018409	VFOODS 50 g	VFOODS	30				
8858223019505	วิฟู้ดส์ บิสกิสกลิ่นกะทิสับปะรด	Vfoods	31				
8858223020518	ขนมปังกรอบ สอดไส้ แยมสับปะรด	Lotus	30				
8858223020532	เนิ้คเนิ้ค 1550 g	เนิ้คเนิ้ค	30				
8858223020655	NaxNax 150 g	NaxNax	30				
8858223020679	แน็คส์ แน็คส์ 130 g	แน็คส์ แน็คส์	30				
8858223020976	บิสกิตเขย่าชีส	พีชชี่	15				
8858223021034	V foods 2 kg	V foods	30				
8858223023724	เพนนีโอ 430 g	เพนนีโอ	31				
8858223024257	Violin crackers	Vfoods	30				
8858232001751	พรทิพย์ 90g	พรทิพย์	25				
8858232009580	Instant Thai Tea Mix	Orta					
8858279001271	Voiz 24 g	Voiz	24				
8858279001875	Voiz 24 g	Voiz	24				
8858306003513	Roter Jasmin Reis						
8858313008235	ชาหมักคอมบูชะ ผสมนมเปรี้ยว	ดี เซเว่น	240				
8858358000485	Tamarid with sugar						
8858358005596	Broccoli chips	greenday	20				
8858358008139	กล้วยหอมแผ่นกรอบ	กรีนเดย์	25				
8858418001247	ROYAL PROJECT 80g	ROYAL PROJECT	40				
8858418029630	เห็ดหอมกรอบ	โครงการหลวง	45				
8858467000031	[Only one image]						
8858492000099	Premium ice cream						
8858492002147	เอเต้ 50 g	เอเต้	50				
8858492003717	Black bean ice cream						
8858492005681	ete 50 g	ete	50				
8858492005704	เอเต้ 75 ml (50 g)	เอเต้					
8858492006749	ete 85 g	ete	85				
8858492006756	ete 85 g	ete	85				
8858492008422	ete 45 g	ete	46				
8858492008897	ปังโบราณชาไทย	ete	52				
8858492010029	เวอร์จิ้น โคโคนัท	ete	70				
8858492014140	เอเต้ 75g (65ml)	เอเต้	75				
8858515000013	Dried Sweet Tamarind	Best Oriental Produce Inc					
8858533000156	Tapiokové perly	Floating lotus brand					
8858567000511	Butterfly Pea						
8858598004779	Pâte de curry rouge	Siams					
8858598004786	Pâte de curry vert	Siam’s					
8858598010145	Sauce nems (douce)	Sheing Cai					
8858598040593	Gingembre au vinaigre						
8858624004018	น้ำจิ้มแจ่วอีสาน	Nongporn Brand					
8858624005015	น้องพร 300 g	น้องพร	16				
8858624007019	Sukiyaki	korea					
8858629003696	Coconut Clusters	Tasty Fruity					
8858638000105	บิ๊กโคล่า	เอเจ	322				
8858638000853	บิ๊กกลิ่นผลไม้รวม	Aje	322				
8858638001102	AJe Big 322 ml	AJe Big	322				
8858638004783	สปอเรต เหลือง	สปอเรต	350				
8858638008675	โวลต์ 310 ml	โวลต์	310				
8858649320155	Glutinous Rice	Young Elephant	50				
8858649352477	Green mung beans		35				
8858651600818	บอนแบคเรื่องดื่มรังนกสำเร็จรูป	บอนแบค	42				
8858652600084	tamarinde						
8858659412017	ชาอังกฤษ ตรา คิริน	คิริน	200				
8858661110017	เต้าหู้ - 300 g	โมคิ	100				
8858661110031	Moki 300 g	Moki					
8858661111014	MOKI 150 g	MOKI	150				
8858661200060	คอร์นชิพส์ แฟนซี สไตล์แม็กซิกัน	El Charro	30				
8858663181152	มาร์ตินเนลลี โกลด์เมดัล 750 ml	มาร์ตินเนลลี โกลด์เมดัล	250				
8858668840191	ปังสยาม 70g	ปังสยาม	35				
8858668840573	เค้กไข่นุ่มไส้ครีมมี่คัสตาร์ด	ปังสยาม	21				
8858668841082	ปังสยาม 130 g	ปังสยาม	65				
8858669408093	malado sticks 55 g	malado sticks	30				
8858671530027	Chapelure Panko						
8858672700016	ชาเขียว ตราฟูจิชะ	ฟูจิชะ	500				
8858672700023	Fuji 500 ml	Fuji					
8858674710082	Dehydrated mango	Jfruit	20				
8858674711829	Dried mangoes						
8858679646010	Mochi Ice Dessert Strawberry	Buono	26				
8858679690167	Mee Krob Thai Crispy Rice Noodle Snacks-Larb	MeeKrob					
8858681800080	Low calories sweetener syrup	Kontrol	5				
8858684500239	อินโน วี-เนส นูทริแม็กซ์ 300 g	อินโน วี-เนส นูทริแม็กซ์	300				
8858684500413	Double cheese burger	Cp	127				
8858684502578	โบโลน่าอกไก่	ซีพี	130				
8858684503568	ไส้กรอกอกไก่	ซีพี	50				
8858684504084	แฮมอกไก่	7เฟรช	80				
8858684504237	ข้าวไรซ์เบอรี่ผสมข้าวหอมมะลิปลาราดพริก	อีซี่ช้อยส์	230				
8858684506873	ซีพี 200 ml	ซีพี	100				
8858684507320	สปาเก็ตตี้หอยลาย	EzyChoice	210				
8858684508488	CP Brand Spicy Mini Cocktail Sausages	CP					
8858684509263	ไข่ขาว พร้อมทาน	CP	100				
8858684509782	ข้าวหน้าสเต๊กแฮมเบิร์ก	EzyChoice	300				
8858684510023	มีทซีโร่ 112 g	มีทซีโร่	100				
8858684510191	หมูครีมซอสและมักกะโรนี	เชฟแคร์	270				
8858684510207	สปาเกตตี้ซอสเขียวหวานและอกไก่	CHEF CARES	100				
8858684510214	ไก่ทิกก้ามาซาล่าและข้าวหุงขมิ้น	Chef cares 711	270				
8858684510276	หมูกรอบจากพืช	Meta Zero	100				
8858684510351	โบโลน่าจากพืช รสออริจินัล	Meat zero	45				
8858684510399	ซีโรมีส ข้าวกะเพราเนื้อสับจากพืช	Zero meat	100				
8858684510849	โจ๊กไข่ หมูดำคูโรบูตะทรงเครื่อง	CP	100				
8858684511839	ข้าวแกงกะหรี่ญี่ปุนหมูคูโรบูตะ ตรา ซีพี - 290 g	Cp	290				
8858684511860	ข้าวไก่ผัดสมุนไพร	EzyChoice	300				
8858684512263	ข้าวเหนียวน้ำตกหมูย่าง	ซีพี	130				
8858684512348	น้ำพริกอ่องเนื้อจากพืชและข้าวเหนียว	เชฟแคร์ส	300				
8858684512799	กะเพราหมูคูโรบูตะและข้าวญี่ปุ่น	Chef cares	280				
8858684513338	สุกี้แห้งไก่พร้อมน้ำจิ้มสุกี้	Ezy Choice	230				
8858684513512	Inno We-ness Black bit 96 g	Inno We-ness Black bit	16				
8858684513567	ก๋วยเตี๋ยวคั่วหมูแดง	CP	230				
8858684513642	ซีพี 160 g	ซีพี	100				
8858684514342	สปาเกตตี้กุ้งซอสต้มยำ	Chef Cares	100				
8858684514601	7-ELEVEN 250 g	7-ELEVEN	100				
8858684514908	Thai Cube South Thai Chili Curry Chicken	Kitchen Joy	350				
8858684515134	CP FI-IT 100 g	CP FI-IT	50				
8858684515189	ไส้กรอกอกไก่พริกไทยดำ	CP	50				
8858684516957	โบโลน่าพริกสด	CP	60				
8858684516988	Rice Mixed with Spicy Shrimp Paste (Jolly and Sweet Pork)	Chef Carus	100				
8858684518197	อีซีเทส 120 g	อีซีเทส	60				
8858684518302	ชาบูน้ำดำหมูสไลซ์เส้นบุก สไตล์ญี่ปุ่น	Ezy Choice	330				
8858684519019	อีซี ซอยส์ 290 g	อีซี ซอยส์	290				
8858684519026	หมูย่างจิ้มแจ่ว	ซีพี	80				
8858684519033	CP 320 g	CP	320				
8858684519538	CHEF CARES 280 g	CHEF CARES					
8858684520350	Pork with Garlic and Rice	Ezy Choice	260				
8858684520923	Stir-fried Green Curry Chicken Breast With Rice (Chef Cares Brand)	Chef Cares	250				
8858684522217	CHEF CARES 370 g	CHEF CARES	290				
8858684523160	Kurobuta Pork In Japanese Curry With Rice And Sausage	CP	290				
8858685500023	เป็นแมนดาริน 5 kg	เป็นแมนดาริน	100				
8858694601018	คุกกี้กลิ่นบัตเตอร์มิลค์	YO FRIEND	20				
8858699000229	Wasabi Nüsse						
8858701404601	Dried Tamarind						
8858702400466	สาหร่ายเด็กเส้น	เถ้าแก่น้อย	5				
8858702402187	Hi Tempura	Taokaenoi	25				
8858702402323	BIG SHEET SEAFOOD	Taokaenoi	3.2				
8858702402415	Crispy seaweed big sheet						
8858702406567	Big Bang grilled seaweed spicy grilled quid flavour						
8858702407762	สาหร่ายทอดรสซอสญี่ปุ่น	เถ้าแก่น้อย	3.5				
8858702410304	Big folly						
8858702410748	Big Roll	Tao Kae Noi					
8858702410854	Big Roll: Grilled Seaweed Roll						
8858702410885	Big Roll Grilled Seaweed Roll Spicy Grill Squid Flavor	Tao Kae Noi	3				
8858702411394	Tao Kae Noi Crispy Seaweed	Tao Kae Noi	14.8				
8858702414890	Big roll grilled seaweed						
8858702417457	Big Roll Grilled Seaweed Roll	Tao Kae Noi	3				
8858702419819	Algues nori						
8858702421089	นมอัดเม็ด	เถ้าแก่น้อย	6				
8858702423755	เครื่องดื่มเวย์โปรตีนรสชาเขียว	MyWhey	49				
8858702424677	เถ้าแก่น้อย บิ๊กแบ๊ก	Taokaenoi	6				
8858702425209	เถ้าแก่น้อย	เถ้าแก่น้อย	4				
8858702427449	ปลาหมึกแผ่นรสไข่เค็ม	เถ้าแก่น้อย	24				
8858702441179	Popcorn Major 35g	Popcorn Major	35				
8858702441209	Cheese Flavor Popcorn	Popcorn Major	35				
8858702441230	Popcorn Major 35g	Popcorn Major	35				
8858702442183	Korean Style Roasted Seaweed	Tao Kae Noi					
8858702444545	Seasoned Seaweed Kani Miso Flavour	Taokaenoi Topping Brand					
8858702445733	Wow Nut Pink Salt Flavour	Tao Kae Noi	25				
8858705600108	half cream pesteurized	Magnolia brand					
8858705601167	ครีมเทียมข้นหวาน ตรา ทีพอท	Tea pot					
8858705602737	เนสท์เล่ 140 ml	เนสท์เล่	140				
8858705602959	แมกโนเลีย นํ้านมโคพาสเจอร์ไรส์	Magnolia	200				
8858705604557	แมกโนเลียพลัสกิงโกะ รสจืด	แมกโนเลีย	180				
8858705606605	Bear Brand [only one image]	เนสเล่	140				
8858705606629	Nestlé 140 ml	Nestlé	140				
8858705607350	นมข้นหวานคาร์เนชัน	Nestlé	20				
8858705607398	Carnation Plus Sweetened Condensed Milk	Carnation	20				
8858705607480	เนสท์เล่ 140 ml	เนสท์เล่	140				
8858705607541	ทีพอท 180 กรัม	ทีพอท	20				
8858705607572	ทีพอท 180 g	ทีพอท	20				
8858705608005	น้ำนมโคพาสเจอไรซ์ - 946 มล.	Magnolia	200				
8858705608685	ผลิดภัณฑ์นมพาสเจอไรส์ ปราศจากน้ำตาลแลคโตส กลิ่นวานิลลา ไวท์ช็อกโกแลต - 946 ml	Magnolia	200				
8858705608821	Teapot คาราเมล	Teapot	20				
8858705609347	นมข้นหวาน รสชาเขียว มัทฉะ	ทีพอท	20				
8858705609392	TEAPOT Extra	TEAPOT Extra					
8858705609682	นมข้นหวาน	Carnation	20				
8858705610190	Magnolia 20 g	Magnolia	6				
8858705610206	Magnolia 20 g	Magnolia	6				
8858705610213	นมอัดเม็ด รสสตรอเบอรี่โยเกิร์ต	Magnolia	6				
8858705610329	คาร์เนชั่น พลัส	คาร์เนชั่น	20				
8858705611616	เนสท์เล่ 140 ml	เนสท์เล่	140				
8858705612682	Low Fat Sweetened Condensed Milk Product 25% Less Sucrose Added	TEAPOT	20				
8858705615454	nutriXtract 180 ml	nutriXtract	180				
8858709100017	นมรสจืด	แดรี่โฮม	200				
8858709100154	น้ำนมโคออร์แกนิคพาสเจอร์ไรส์	Dairy Home	200				
8858709100253	Plain Yogurt	แดรี่โฮม	130				
8858709100277	yogurt with blueberry	Dairy Home					
8858709100666	นมก่อนนอน	แดรี่โฮม	200				
8858709101311	DAIRY HOME	DAIRY HOME	18				
8858709102196	High Protein Lactose Free	Dairy Home	300				
8858709107412	น้ำนมโคออร์แกนิค	แดรี่โฮม	200				
8858709600401	makro 60 g	makro	40				
8858709601002	YOU YEE 100 g	YOU YEE	30				
8858710000047	Pineapple Slices In Light Syrup	Isabela	140				
8858710453027	ซีอิ๊วญี่ปุ่นออร์แกนิค	PB FARM BRAND	15				
8858713001034	Rýžový pudink s kokosovým mlékem	Sipso					
8858713001041	Tapiokový pudink s kokosovým mlékem	Sipso					
8858713001393	Pudink s černou lepkavou rýží	Sipso					
8858713001676	Coconut rice pudding sea salted caramel	Sipso	120				
8858713001683	Coconut rice pudding Cinnamon	Sipso	120				
8858713002055	ข้าวต้มข้าวกล้องหอมมะลิ	Sipso	300				
8858713002086	Sipso 300 g	Sipso	300				
8858713002109	Sipso 300 g	Sipso	300				
8858716061011	Mais en grain	Pacific Brand	125				
8858718624771	smooto aloe gel						
8858736929988	PharyaNak 150 ml	PharyaNak	150				
8858740001946	HBD Sparkling	Haruna					
8858740003087	บ๊วยญี่ปุ่นโซดา	ไฮทโซ	400				
8858740003346	MAXI 400 ml	MAXI	200				
8858741290202	Riz long parfume						
8858744401728	Rice vermicelli	Aji	100				
8858744800019	Authentic Thai, Green Curry Paste	Kanokwan Food Products Co.  Lt	13				
8858747700361	นํ้าองุ่นชีราส 100%	PB Valley	180				
8858750200360	KING POWER SELECTION 220g	KING POWER SELECTION	28				
8858752601288	simply delicious crispy seaweed						
8858752606177	Triple M Stick						
8858755200679	กาแฟดำปรุงสำเร็จชนิดผง ผสมคอลลาเจน วิตามิน เกลือแร่ และใยอาหาร	Naturegift	5				
8858755202024	Instant 3 in 1 coffee	NatureGift	250				
8858757004152	recare	mk	200				
8858761900143	ทรูสเลน คอฟฟี่ พลัส	Truslen	16				
8858768027355	Farma	Farma	100				
8858768029670	Basil seed drink with strawberry flavor	REAL	290				
8858768029892	ذرة حب (بيدر)	السعر 5 ريال					
8858768055150	Coco king		520				
8858768058175	Rice vermicelli		50				
8858768060994	COOL TIME Nealko. nesyteny nápoj s príchuťou mangovou a semienkami bazalky						
8858768093534	Coconut cream	Sano Vita					
8858768830009	ฟรุ๊ตมาเนีย 38 g	ฟรุ๊ตมาเนีย	38				
8858768831402	Fruit Mania 30g	Fruit Mania	30				
8858768831907	Fruit Mania 30 g	Fruit Mania	30				
8858768841418	Crispy Fish With Sesame	Tana	32.5				
8858768841432	ปลากรอบรสออริจินัล	Tana	32.5				
8858768842323	Grilled Squid	โกหมึก	10				
8858768842859	Tana 12 g	Tana	12				
8858768842897	ธานา 12 g	ธานา	12				
8858774130087	อกไก่รมควัน	พรีม่าแฮม	90				
8858774130148	อกไก่นึ่ง รสมะนาว - 90 กรัม	ทาคูมิ	90				
8858774130292	อกไก่ฉีก	Primaham	80				
8858774130391	อกไก่แท่งรมควัน รสพริกไทยดำ	Primaham	60				
8858774130407	Smoked Chicken Breast	Primaham	90				
8858781000076	Sauce Soja						
8858781401460	Hot Smoked Atlantic Mackerel	Thammachart Seafood	95				
8858786256058	Low Smoke	2500៛  or 0.64$					
8858788644242	ปาปี้ ปลาซาร์ดีนในซอสมะเขือเทศ	ปาปี้	77				
8858805739180	ยำสาหร่ายญี่ปุ่น	ฮาโตะ	70				
8858814603021	شرائح الاناناس	مانيوليا					
8858815800320	Certified Organic & Fair trade Thai Rice berry Roce	f.a.i.r D					
8858816902146	เบลล่า 130 ml	เบลล่า	130				
8858816902443	ปาร์ตี้ แดรี่ มิลค์กี้ มิลค์	Party Daily Milky Milk	200				
8858817410046	เห็ดเออรินจิ	ปิยะพร	100				
8858820005864	ลูกไหนองุ่น	Mag Mag	30				
8858820100088	นมถั่วเหลือง ผสมฟองเต้าหู้	tofusan	350				
8858820100095	นมถั่วเหลือง ผสมงาดำ	Tosufan	350				
8858820100248	นมถั่วเหลืองออแกนิค-โทฟุซัง	โทฟุซัง	350				
8858820100293	Soymilk with Basil Seed	โทฟุซัง	225				
8858820100316	Tofusan soy milk	Tofusan	180				
8858820100378	Tofusan 250 ml	Tofusan	250				
8858820100859	น้ำเต้าหู้	Tosufan	225				
8858820100873	7-Eleven 200 ml	7-Eleven	200				
8858820100897	SUNSHINE DAIRY CHOCOLATE MILK	SUNSHINE Dairy	200				
8858826200225	ลาซานญ่าหมู	รีโอเดลี	100				
8858826200232	Reo's deli 100 g	Reo's deli	100				
8858826300024	sweet chilli sauce						
8858826626186	บ๊วยคืนชีพ - 155 g	Mag mag	40				
8858829600039	JAYA NOODLES BEEF						
8858829600282	บะหมี่กึ่งสำเร็จรูป รสต้มยำกุ้ง	Sue Sat	60				
8858829601739	iMee noodles						
8858829604570	ก๋วยจั๊บกึ่งสำเร็จรูปนํ้าใส	Koka	55				
8858831700321	นมปรุงแต่งอัดเม็ด รสหวาน แดรี่ฟาร์ม	Daily Farm	20				
8858832604055	Young coconut						
8858832608725	Dry Lime Leaves						
8858836201823	เห็ดเข็มทอง - 500 g	Po	100				
8858843201366	จิ๊กโฉ๋ว, ซอสเปรี้ยว	อันดามัน	5				
8858849111119	Virgin Coconut Oil	TROPICANA	15				
8858849111126	Tropicana	Tropicana					
8858850099635	Soft Dried Mango	Thong Ampai					
8858853800795	ข้าวเกรียบปลา รสดั้งเดิม	ซีรีน					
8858853800818	ข้าวเกรียบปลารสใบโหระพา	ซีรีน					
8858859001448	Freeze-dried Apple	Wel-B	12				
8858859003305	Freeze-dried Durian	King Power	50				
8858862800359	หนองโพ 200 ml	หนองโพ	200				
8858862800380	นมรสสตรอเบอร์รี่	หนองโพ	200				
8858862800397	นมรสกาแฟหนองโพ	หนองโพ	200				
8858862800700	Nongpho 85 g	Nongpho	85				
8858862801110	UHT Milk Low Fat	Nongpho	225				
8858862801271	Whole milk Nongpho	หนองโพ	225				
8858862801363	หนองโพ 225 ml	หนองโพ	225				
8858862802216	หนองโพ 2 L	หนองโพ	200				
8858862802803	NONGPHO	NONGPHO					
8858862802834	นมอัดเม็ด	หนองโพ	12.5				
8858862802858	หนองโพ 12.5 g, 10 tabs	หนองโพ	12.5				
8858867801474	เบอร์ริโต้แฮมชีส	7เฟรช	72				
8858867801603	แซนวิชครัวซองค์ ทูน่าแซลมอน	Ezy Taste	96				
8858867801641	แซนวิชสังขยามะพร้าวอ่อน - 79 g	Ezytaste	79				
8858867805328	หมูบูลโกกิ โทสต์แซนวิช	7เฟรช	86				
8858867805427	เบอร์เกอร์หมูชีส	7Fresh	108				
8858867805434	มันบดและแฮมชีสโทสต์แซนวิช	7fresh	88				
8858867815143	เอแคลร์ นูเทลล่า	Ezysweet	66				
8858867815464	คุกกี้สิงคโปร์	NSL Bakery	33				
8858867815617	โมจิสตรอเบอร์รี่ครีมชีส - 78 g	Ezy sweet	78				
8858867815785	ดูโอไก่ชีสเดนิช	อีซี่เทสต์	105				
8858867816065	เบอร์เกอร์หมูเบคอนชีส	Ezy Taste	122				
8858867816119	Cheese burger	อีซี่เทส	120				
8858867816225	ดับเบิ้ล แซนวิชแฮมชีสและผักโขม	อีซี่เทส	123				
8858867816256	คลาสสิกแซนวิช หมูบาร์บีคิว	CP	90				
8858867816430	แซนวิชทูท่าซาวครีม	Ezytaste	67				
8858867816706	ดับเบิ้ลครัวซองด์โฮลวีท อกไก่สลัดกะเพรา	อีซี่เทส	70				
8858867816768	ดับเบิ้ลครัวซองค์ ผักโขมแฮมชีส	ezytaste	70				
8858867817093	สลัดทูน่า สไปซี่เดนิช	EzyTaste	69				
8858867817215	แซนวิชเค้ก ดับเบิ้ลช็อกโกแลต	EZY Taste	95				
8858867817642	ทาร์ตไต้หวัน รสสตรอว์เบอร์รี่	NSL Bakery	40				
8858867817659	ทาร์ตไต้หวัน	NSL Bakery	40				
8858867817871	ทาร์ตไต้หวัน - 20 g x 6 pieces	NSL Bakery	40				
8858867820512	อีซี่เทสต์	อีซี่เทสต์	83				
8858867820925	อีซี่ เทส 118 g	อีซี่ เทส	118				
8858867821274	แมคคาเดเมียครีมชีสเค้ก	EZY Sweet	52				
8858867821304	EZY taste 103 g	EZY taste	103				
8858867821373	อีซีสวีท 28 g	อีซีสวีท	28				
8858867821632	ขนมเอแคลร์ ชาไทยคลาสสิค	Ezysweet	54				
8858867821656	Ezy tasye 160 g	Ezy tasye	160				
8858867821885	EZY TASTE	EZY TASTE	83				
8858867822028	เฮอร์ชีส์ 60 g	เฮอร์ชีส์	60				
8858867822233	EZY Taste 83 g	EZY Taste	83				
8858867822516	Fish Burger With Four Cheese	Ezy Brand	115				
8858867822707	อีซี่เทส 80 g	อีซี่เทส	80				
8858867828242	Bake A Wish Classic Egg Cake (NSL Selection Brand)	NSL	50				
8858867828297	แซนวิชสลัดกุ้ง และปูอัดมายองเนส	Ezygo	210				
8858867828402	EZYGO 53 กรัม	EZYGO					
8858867828891	EZYGO 90 g	EZYGO	90				
8858867828983	EZYGO 56 g	EZYGO	56				
8858868801473	Short Grain Rice	Royal Umbrella					
8858870100076	Sweet Rainbow 250g	Sweet Rainbow	20				
8858871411089	วัตถุให้ความหวานแทนน้ำตาล - 2 กรัม x 50 ซอง	พาลาทีน					
8858871800555	Mango Slices	Dechoice	230				
8858871805116	ананас шматочки	alba					
8858871832266	Divino						
8858882901333	JULA'S HERB DD CREAM WATERMELON						
8858885302496	อาร์บีอาร์ยู เฮิร์บ ชอท 300 ml	อาร์บีอาร์ยู เฮิร์บ ชอท	50				
8858891300011	ดับเบิ้ล ดริ้งค์	Double Drink	420				
8858891300073	อิชิตัน กรีนที รสน้ำผึ้งผสมมะนาว	อิชิตัน	420				
8858891300264	Ichitan Green Tea	ichitan	420				
8858891301254	น้ำจับเลี้ยง ตราเย็นเย็น	เย็นเย็น	300				
8858891302411	น้ำชาเขียว รสข้าวญี่ปุ่่น	อิชิตัน	280				
8858891304538	ชาเขียวชิซึโอกะ สูตรหวานน้อย	อิชิตัน	440				
8858891304569	น้ำกระเจี๊ยบ รสสละ พุทราจีน	เย็นเย็น	400				
8858891305344	มะพร้าวน้ำหอม 97% ผสมเนื้อมะพรเาวอ่อน - 350 ml	Coco buri	350				
8858891305764	โอเลี้ยง สูตรต้นตำรับ	สภากาแฟ	280				
8858891306044	น้ำชาเขียว กลิ่นองุ่นเคียวโฮ	อิชิตัน กรีนที	280				
8858891306112	Hojicha Mildly Sweet Flavor	Shizuoka Green Tea	440				
8858891306723	PH PLUS 350 ml	PH PLUS	350				
8858891307386	เครื่องดื่มน้ำชาเขียว กลิ่นองุ่นเคียวโฮ ผสมวิตามินเอ	อิชิตัน	350				
8858891308277	อิชิตัน ชาเขียวกลิ่นมะลิ	Ichitan	210				
8858891308345	อิชิตัน ชาอู่หลง	Ichitan	210				
8858891308482	Green tea genmai flavor	Ichitan	250				
8858891308949	โซจูบอมบ์	ตันซันซู	360				
8858891309793	อิชิตัน กรีนที 420 ml	อิชิตัน กรีนที					
8858891310492	อิชิตัน กรีนที 100 มล.	อิชิตัน กรีนที					
8858891310614	น้ำแดงโซดากลิ่นสตอเบอรรี่และแตงโม	ตัน ซัน ซู	360				
8858891310980	SHIZUOKA	SHIZUOKA	220				
8858891311024	Sunsu honey lemon	ตันซันซู	360				
8858893901865	น้ำ						
8858893903685	ซอสเทอริยากิ	Tesco	15				
8858893903692	น้ำมันถั่วเหลือง	Tesco	15				
8858893904316	คุกกี้สอดไส้ครีม กลิ่นวานิลลา	Tesco	30				
8858893904477	คุกกี้สอดไส้ครีมกลิ่นวนิลา	NAXNAX	30				
8858893907461	สาหร่ายปรุงรส	Tesco	4				
8858893907690	ข้าวกะเพราไก่ไข่เจียว	Lotus's	265				
8858893909694	Lotus's 200 g	Lotus's	50				
8858893910126	โลตัส 500 g	โลตัส	33				
8858893920194	น้ำอัดลมกลิ่นส้ม	Tesco	200				
8858893920620	แซนวิชกระเป๋าโฮลวีทปูอัดน้ำสลัด	Lotus's	50				
8858893920637	แซนวิชกระเป๋าโฮลวีททูน่ามายองเนส	Lotus's	50				
8858893920705	ชีสสติ๊ก - 55 g	Lotus's	55				
8858893921085	โอนิกิริ สลัดไข่กุ้ง	Lotus	100				
8858893921139	TESCO 100 g	TESCO	100				
8858893921405	TESCO 55 g	TESCO	27.5				
8858893921740	Naxnax กล้วยตาก	NaxNax	20				
8858893922792	แน็คซ์แน็คซ์ ทองม้วนกรอบงาดำ	Naxnax	30				
8858893922969	Instant Noodle Original Flavour	Tesco	55				
8858893923720	ครัวซองท์	Tesco	45				
8858893924383	ข้าวเหนียวหมูฝอย	Tesco	120				
8858893924925	Lotus's 105 g	Lotus's	105				
8858893926189	น้ำสลัดงาคั่ว สไตล์ญี่ปุ่น	Lotus	32				
8858893931060	Lotus 90 g	Lotus	45				
8858894100014	ขนมปังโฮลวีต - 40 g	คิวบิก	40				
8858894100021	Multi-grain wheat loaf	Cubic	40				
8858894100144	Bread	Cubic	51				
8858894100427	Flax seeds & oat wheat loaf	CUBIC fit	20				
8858894100434	19 Grains Wheat Loaf	CUBIC fit	20				
8858894100489	ขนมปังดาร์คโกโก้	CUBIC	20				
8858894105217	Black Sesame Wheat Bread	Cubic	55				
8858894105262	Vegan Wheat Multigrain Bread	Cubic	55				
8858903700020	PALMYRA 200 g	PALMYRA	4				
8858908303905	Coconut						
8858908311917	dianoe						
8858911200260	Organic Probiotic Yoghurt - Low Fat	Butterfly	200				
8858912614103	ไข่ไก่เวจจี้ - 10 pieces	Akara	55				
8858912626014	เต้าหู้ไข่ไก่	อัครา	120				
8858912627011	เต้าหู้ไข่ อัครา						
8858912628018	เต้าหู้ไข่ไก่ผสมบร็อคโคลี่	อัครา	120				
8858920200909	SKINNYLICIOUS 64 g	SKINNYLICIOUS	32				
8858920201654	Butterbear 102 g	Butterbear	30				
8858921930430	ปลาหมึกเส้นปรุงรส รสสไปซี่แมกซ์	kabklong kabklam					
8858926800011	PHUKET	BIERE AU JASMIN					
8858930600058	เส้นหมี่อบแห้ง ตราข้าวแสนดี	Sandee Rice	50				
8858934706084	กาแฟปรุงสำเร็จชนิดผงผสมคอลลาเจนไดเปปไทด์ พลัส แคลเซียม	ลีฟเนส	10				
8858934706411	Collagen Engfa						
8858935312529	อสร. 380 ml	อสร.	15				
8858937500030	ฮอกไกโดนมช็อค	ฮอกไกโด โมริโมโตะ	250				
8858937500047	ฮอกไกโดนมกล้วย	ฮอกไกโด โมริโมโตะ	250				
8858937500146	Lactose-Free Milk	Hokkaido Morimoto	250				
8858937500177	น้ำส้มผสมน้ำรสแอปเปิ้ลญี่ปุ่น - 250 ml	Hokkaido	250				
8858942400059	ขนมปังชีสเชค ไส้สับปะรด	สถาพรขนมปัง	55				
8858947458024	Aloe						
8858950703906	ขนมเปี๊ยะไส้ถั่วไข่เค็ม - 35 g x 6 pieces	Baan suntiras	40				
8858950703982	KANOM BAAN SUNTIRAS 300g	KANOM BAAN SUNTIRAS	40				
8858951907631	شرائح الأناناس	Golden Land					
8858951907648	ananas en morceaux	golden land					
8858954214286	OK 60 g	OK	15				
8858954215146	OK 60 g	OK	30				
8858960300324	Mirin						
8858960302878	WOK SAUCE coconut et tamarin imp	DESIAM					
8858960303134	Sushi nori						
8858960303295	Thai spices for soup & curries	Siam					
8858960304162	Yakisoba (Noodles kit)						
8858972999912	drinking water						
8858980100003	Eiyo 25 g	Eiyo	25				
8858980100010	Eiyo 25 g	Eiyo	25				
8858981501311	Fermented Fish Sauce	Maeboonlam Brand	16				
8858982900014	ลูกชิ้นอกไก่ผสมข้าวไรซ์เบอรี่รสดั้งเดิม	ชิคเวย์ ไฮโปรตีน					
8858982900076	ชิคเวย์ ไฮโปรตีน 110 g	ชิคเวย์ ไฮโปรตีน	55				
8858984800565	Shrimp Wonton	CP					
8858984831019	Thai cube tom kha chicken with jasmine rice	Kitchen Joy	320				
8858984831071	Southern fried chicken fillets	Kitchen Joy					
8858984832146	Thai cube creamy tom yum chicken with noodles	Kitchen joy	320				
8858984832221	Green Cube	Kitchen Joy					
8858984832238	Green cube	Kitchen joy	300				
8858984834225	Shrimp-Wonton Nudelsuppe mit Gemüse, tiefgefroren						
8858984834515	Plant Based Budget	Meat Zero	100				
8858984836861	Teriyaki Gyoza	Kitchen Joy					
8858984837806	Indian Cube Style Butter Chicken With Jasmin Rice	Kitchen Joy	350				
8858984838322	Thai Cube - Spicy sesame chicken with noodles	Kitchen Joy	320				
8858984838339	Thai Cube Sweet and Sour Chicken	Kitchen Joy	350				
8858984838353	Thai cube Creamy Tom Yum Chicken with Noodles	Kitchen joy	320				
8858984838889	Sweet chili sauce		840				
8858985800069	N2N INTERNATIONAL 18 g	N2N INTERNATIONAL	18				
8858985800083	N2N INTERNATIONAL 18 g	N2N INTERNATIONAL	18				
8858995810409	คุณแป้ง 110 g	คุณแป้ง	55				
8858995810430	เค้กตรัง รสกาแฟ	คุณแป้ง	55				
8858995811574	ทาร์ตสัปปะรส	P&N	40				
8858997800248	นมพัทลุง 200 ml	นมพัทลุง	200				
8858997800255	นมพัทลุง 200 ml	นมพัทลุง	200				
8858997800316	นมพัทลุง 200 ml	นมพัทลุง	200				
8858998581054	เป๊ปซี่	เป๊ปซี่	1000				
8858998581061	เป๊ปซี่ 1.45 l	เป๊ปซี่	200				
8858998581139	Pepsi	เป๊ปซี่	245				
8858998581153	Pepsi No Sugar	Pepsi	245				
8858998581221	เป๊ปซี่	Pepsi	345				
8858998581306	Pepsico	Pepsico					
8858998581313	Pepsi 1.5 L	Pepsi	200				
8858998581399	เป๊ปซี่ 345 ml	เป๊ปซี่	345				
8858998581429	เครื่องดื่มปราศจากน้ำตาลเป๊ปซี่แมกซ์เทสต์ ราสเบอร์รี่	เป๊ปซี่แมกซ์เทสต์	200				
8858998581498	เป๊บซี่	เป๊บซี่	200				
8858998581542	Pepsi 300 ml	Pepsi	300				
8858998581559	เป๊ปซี่	เป๊ปซี่	325				
8858998581610	เครื่องดื่มปราศจากน้ำตาลเป๊ปซี่ แมกซ์เทสต์ กลิ่นครีมโซดา - 200 ml	เป๊ปซี่	200				
8858998581856	เป๊ปซี่ 325 ml	เป๊ปซี่	325				
8858998581870	เป๊ปซี่ 550 ml	เป๊ปซี่	200				
8858998582693	เครื่องดื่มกลิ่นออเรนจ์และทรอปิคลอฟลุต	มิรินด้า มิกซ์ อิท	200				
8858998582730	มิรินด้า กลิ่น กรีนครีม	Pepsico	200				
8858998583188	7UP Free Plus Fiber	7UP					
8858998583201	7up No sugar + fiber	7up	325				
8858998583454	Pepsi	Pepsi					
8858998583485	เป๊ปซี่	Pepsi	340				
8858998583560	เป๊ปซี่ - โคล่า	เป๊ปซี่โค	200				
8858998583690	เป๊บซี่ 320 ml	เป๊บซี่	325				
8858998584017	เมาเทนดิว	เมาเทนดิว	245				
8858998584048	เมาเทนดิว	เมาเทนดิว	200				
8858998584215	TEA PLUS 280 ml	TEA PLUS	280				
8858998584253	มิรินด้า กลิ่นลิ้นจี่	Mirinda	200				
8858998585076	ลิปตัน	ลิปตัน	30				
8858998585403	ซ่าเบอร์รี่เบิร์ส	ลิปตัน	200				
8858998585410	Sparkling Lemon Flavor 0 Sugar	Lipton	325				
8858998585519	Lipton soda	ลิปตัน					
8858998587018	เกเตอเรด กลิ่นมะนาว	เกเตอเรด	350				
8858998587094	เกเตอเรด กลิ่นทรอปิคัล ฟรุต	เกเตอเรด	200				
8858998587223	Grape Flavored No Sugar	Gatorade	200				
8858998588022	น้ํากลิ่นโยเกิร์ต	good mood	450				
8858998589029	กาแฟปรุงสำเร็จพร้อมดื่ม	Boss	250				
8858998589043	ลาเต้ Flash brew - 250 ml	Boss	250				
8858998589074	brew coffee caramel	Boss Coffee	250				
8858998589173	บอส 270 ml	บอส	250				
8859000905615	ไก่หยองทรงเครื่อง - 30 g	Mayo	15				
8859000979531	แน็คซ์ แน็คซ์ 22 g	แน็คซ์ แน็คซ์	22				
8859001200122	Sweet tamarind	J& C tropical	100				
8859003200694	น้ำนมโคสดพาสเจอร์ไรส์ ตรามิงโก้ โซ-เฟรช - 2 L	So-fresh	200				
8859006400206	Erawan Interfood Co.LTD. 95 g	Erawan Interfood Co.LTD.	95				
8859006400466	วุ้นเส้นผัดเห็ดหอม	Cho Chang	85				
8859007201772	Fruitas	Fruitas					
8859007400922	DG 25 กรัม	DG	25				
8859014000610	ไข่พะโล้	KCF	75				
8859014013344	เคซีเอฟ 160 g	เคซีเอฟ	50				
8859015700366	โอเลี้ยง	อีฟ	350				
8859015700588	100% Aromatic Coconut Water	if Local Sensation	100				
8859015700946	Lychee juice drink		100				
8859015701578	น้ำมะพร้าว 100%	if	350				
8859015701738	Vitamin C Jelly Lemon	Vitaday	140				
8859015701790	โอเลี้ยง โกปี๊เตี่ยม	โกปี๊เตี่ยม	280				
8859015701820	โอเลี้ยง	โกปี๊เตี่ยม	280				
8859015702339	วิตอะเดย์	Vit A Day	150				
8859015702407	วิตอะเดย์รสเลมอน						
8859015702773	Vitamin C Water - Peach flavor	Vit•a•day	470				
8859015703718	วิตามิน วอเตอร์ รสชานม	วิตอะเดีย์	480				
8859015703756	Coconut Coffee	If					
8859015703770	วิตอะเดย์ บ๊วยอุเมะ	Vit A Day	150				
8859015703923	Coconut Water	if	100				
8859015704432	if 350 ml	if	350				
8859015704678	NamHom Coconut Water	Local Sensation	350				
8859015705224	if 350 ml	if	350				
8859015705996	VIT-A-DAY 1000 mg	VIT-A-DAY	240				
8859015706139	วิโตเดย์ เอ็กซ์ บาร์บีคิว พลาซ	วิโตเดย์ เอ็กซ์ บาร์บีคิว พลาซ					
8859015706740	Only at 7-Eleven 350 ml	Only at 7-Eleven	350				
8859022406985	Манго, слайси в легкому сиропі	Magic Fruit					
8859026101336	8859026101336						
8859026512200	เส้นหมี่ไข่ขาวพร้อมทาน	นิ่มนิ่ม	100				
8859026512217	สปาเกตตีเส้นไข่	Nim Nim	100				
8859029810556	MAHANAKHON SINGAPORE HOT CAKE						
8859029810624	เครปเค้ก รสครีมนม ซอสสตรอเบอรี่	เบคบาร์	110				
8859033612542	M.K 125 g	M.K	62.5				
8859035801036	Mature Honey						
8859036402546	นมอัลมอนด์รสโกโก้	Vegan shake	300				
8859041300721	น้ำจิ้มหมูกระทะ	อร่อยจิง	30				
8859042000255	โดรายากิไส้ถั่วแดง - 50 g	Kloud	50				
8859042000828	A-my เดนิชบลูเบอรี่	A-my	60				
8859042000866	เอแคลร์วานิลลา - 60 กรัม	Lawson 108	60				
8859042001191	โดรายากิชอคโกแลต - 45 กรัม	Kloud	45				
8859042002785	เค้กวนิลาบลูเบอรี่แยม	a-my	50				
8859042003263	เค้กกล้วยหอมช็อกโกแลต	A-my	45				
8859042003270	มัฟฟิน บลูเบอรี่	A-my	45				
8859042003553	บราวนี่	บิ๊กแฟนท์	45				
8859042004376	ช็อกโกแลตสติ๊ก	เอ-มาย	70				
8859042004604	ขนมปังกรอบพริกเผากุ้ง - 150 g		30				
8859042006325	โดรายากิช็อกโกแลต	Lawson108	60				
8859042007025	ครัวซองท์สลัดไข่และผัก	Lawson 108	45				
8859042007483	LAWSON 108	LAWSON 108					
8859043102019	เครื่องดื่มโปรตีนถั่วเหลืองผสมฟักทองและชาเขียวมัทชา	Baubau	25				
8859046000015	หนังปลาแซลมอนทอดกรอบ	Alasta	10				
8859046000039	หนังปลาแซลมอนทอดกรอบ รสเผ็ด	Alasta	10				
8859047501924	ฮักปัน 1 kg	ฮักปัน	45				
8859047502129	Mixed whole grain rice porridge	Hugpun	70				
8859047700266	ไบโอวิต เอ็กซ์เอส คอฟฟี่เฟลเวอร์	ไบโอวิต	5				
8859047700457	เวย์ โปรตีน ไอโซเลท	Biovitt	32				
8859047700709	WHEY PROTEIN ISOLATE	biovitt	40				
8859047700860	Whey protein isolate chocolate flavor	Biovitt	40				
8859047700938	เวย์ โปรตีน ไอโซเลท	Biovitt	32				
8859047700945	ไบโอวิต เอ็กซ์เอส ช็อกโกแลตเฟลเวอร์	Biovitt	5				
8859047700952	ไบโอวิต เอ็กซ์เอส ไทยทีเฟลเวอร์	ไบโอวิต	5				
8859047700969	ไบโอวิต เอ็กซ์เอส กรีนทีลาเต้	Biovitt	5				
8859047701287	Soy Isolate Protien Chocolate Flavor	Biovitt	40				
8859047701638	Biovitt 907.2 g	Biovitt	40				
8859049300471	ซูเปอร์เฟรช 100 g	ซูเปอร์เฟรช	100				
8859049300518	ผักสลัด 4-6 ชนิด 100% - 100 g	Super Fresh	100				
8859049801183	ถั่วเขียว	เสือบิน					
8859050000155	The						
8859050960978	นมอัดเม็ด	นัมเบอร์วัน	6				
8859050960985	นมทุเรียนอัดเม็ด - 25 g	Number1	25				
8859057400026	นมแพะรสจืด	Yana farm	300				
8859057400057	ยานาฟาร์ม 1000 ml	ยานาฟาร์ม	200				
8859057400064	นมแพะพาสเจอร์ไรส์	ยานาฟาร์ม	200				
8859060301020	Organic Sriracha Chilli Sauce	Lumlum	100				
8859062501046	JEED JARD 40 g	JEED JARD	20				
8859062501244	จี๊ดจ๊าด (สตอเบอรี่แซ่บบ๊วย)​ ​	จี๊ดจ๊าด (สตอเบอรี่แซ่บบ๊วย)​					
8859067620018	ลูกชิ้นปลา	เฮงเฮง	50				
8859067620025	ลูกชิ้นปลาหมึก	เฮงเฮง ลูกชิ้นปลา	50				
8859067620032	ฮือก้วย	Heng Heng	150				
8859067620063	HENG HENG 150 g	HENG HENG	50				
8859069903607	bruno snack クリスピーブラウニー Chocolte Brownie Crisp チョコレート風味	EHG FOOD	30				
8859069908244	bruno 22 g	bruno					
8859073500106	Toddy Plan In Light Syrup	ไทsiam	160				
8859073500120	สละลอยแก้ว - 160 กรัม x 4 ถ้วย	In Siam	160				
8859073700018	Chalong Bay						
8859077802039	ชาผลไม้รสพีช	ฟรุ๊ตที พลัส	200				
8859077810133	Vitamine C 200%		160				
8859078001820	De La Lita	Home Fresh					
8859078001837	Whole wheat chips Smoky BBQ	De La  Lita	30				
8859078002582	Almond Chips Original	De La Lita	25				
8859078002605	Sweet corn flavor almond chips	De La Li Ta	25				
8859078002926	Bean Chips Sea Salt	De La Lita	25				
8859079301127	น้ำตาลมะพร้าว ตราอินทรีย์สควีซ	อินทรีย์สควีซ	15				
8859079301202	โคโคนัทไซเดอร์ ดริ้งซ์ ออริจินัล	ฟรุ๊อิ	270				
8859079301806	มะพร้าวกรอบอินทรีย์ รสใบเตย	ชีวาดี	20				
8859089801518	นมอัดเม็ด	ใจฟ้า	12.5				
8859089803338	เนสท์เล่	เนสท์เล่	380				
8859090912128	Anchovy Snacks	GEO	25				
8859095600778	ถั่วลิสงอบเกลือ	Topvalu	35				
8859095600808	ถั่วลิสงเคลือบ รสปลาหมึก ทอปแวลู	TOPVALU	30				
8859095600846	สปาเกตตีโบโลเนส - 220 g	Topvalu	220				
8859095601232	ขนมปังโฮลวีต - 285 g	Topvalu	57				
8859095653996	tey						
8859098700383	เต้าหู้ทอดเจ	แฮปปี้เชฟ	70				
8859098701298	Korean Style Noodle With Pork And Jjajangmyeon Sauce	Happychef	210				
8859098701342	จับเช (ผัดสุ้นเส้นสไตล์เกาหลี)	แฮปปี้เชฟ	210				
8859098701472	รามยอนกิมจิ	แฮปปี้เชฟ	210				
8859098701588	Happy Chef 78 g	Happy Chef	78				
8859102130007	เขาช่องเอสเปรสโซ่ 3-1	เขาช่อง	18				
8859102130328	เขาช่องซูเปอร์ริช 3-1	เขาช่อง	20				
8859102130700	เขาช่องมอคค่า 3-1	เขาช่อง	22				
8859102131080	เขาช่องรสนมข้น 3-1	เขาช่อง	21				
8859103303103	Sauce piment sriracha						
8859103402486	หมึกแห้งรสเผ็ด	นายประมง	20				
8859108200094	Coconut juice with Pulp	Juscool					
8859108200803	Basil Seed						
8859108201183	SunFat Roasted Coconut	SunFat	240				
8859114900513	กราโนล่า ฮาร์ทตี้ นัทตี้	Diamond Grains	38				
8859114900537	ธัญพืชอบกรอบรสดาร์กช็อกโกแลต - 220 g	Diamond Grains	38				
8859114900605	ไดม่อนเกรนออริจินอล						
8859114900612	Diamond grains granola	Diamond grains					
8859114900797	ไดมอนด์ เกรนส์ รสช็อกโกแลต	ไดมอนด์ เกรนส์	38				
8859114900964	3400723 ใดม่อนเซลล์รสะคอร์เรนท์						
8859114905433	Granola aurora Prebiotic	Diamond Grains	35				
8859114905532	Granola	Diamond grains	35				
8859114905556	PREX CRUNCHY GRANOLA	Diamond Grains	35				
8859119412998	sardines	Lygo					
8859119413902	Oceana White Chunks Tuna						
8859120500011	ข้าวโจ๊กไทเฮา	Taihao	50				
8859123400240	เค้กโรลกาแฟครีมกาแฟ	โบว์เบเกอรี่	40				
8859123402213	Bellinees 75 g	Bellinees	75				
8859123415664	Double Oreo Croissant	Bow	70				
8859123429166	Brownie crackers	Brownie House	30				
8859124000609	inno we ness 480 ml	inno we ness	240				
8859127600073	Blentee 175 gm.	Blentee					
8859127600165	Blendee 175 gm.	Blendee	175				
8859127600219	Blendee 150 g	Blendee	150				
8859127600240	BlendDee EZY	BlendDee EZY					
8859128691179	uglobe drink with chew						
8859129900249	น้ำมะพร้าวน้ำหอม	All Coco	235				
8859135200371	Vitamin water	Concept water	500				
8859138100012	ปลาสลิดทอดกรอบ	บ้านไทย	130				
8859138711539	เค้กสามเหลี่ยม - 235 g	KoKai	38				
8859141124531	Grilled Seaweed Snack	Kokiri	5				
8859144080049	ธัญพืชผสมผลไม้อบแห้ง	สตั๊น	30				
8859153700143	Soy Protein Crisps Lala Flavor	LiL SheeP	40				
8859153700150	Lil Soy Protein	LiL SheeP	25				
8859153700174	Soy Protein Crisps - Truffle	LiL SheeP	25				
8859153700648	LiL SheeP 50 g	LiL SheeP	25				
8859153700730	Soy Protein Crisps Wasabi	LiL SheeP	20				
8859156000233	sauce soja sucrée hideko						
8859157700156	ปลากรอบรสดั้งเดิม	Fullfish	50				
8859159800144	Vitamin water Yanhee						
8859159800229	Yanhee Vitamin water	Yanhee	250				
8859160401934	มหาชัย ปลาแมคเคอเรล	Mahachai	78				
8859169103006	Aro 5 kg	Aro	50				
8859169811314	บ๊วยแผ่นปรุงรส	hoshi	17				
8859173303164	สารัช มะขามยักษ์แช่อิ่มสูตรแซ่บ	สารัช มะขามเพชรบูรณ์	30				
8859173304475	สารัช 35 g	สารัช					
8859173306738	สารัช 20 g	สารัช	20				
8859173307612	สารัช มะขามแก้ว รสมัลเบอร์รี่	สารัช	35				
8859174101189	Taro sticks + purple and Orange Sweet Potato Chips - 30 g	Mae Napa	30				
8859174101226	ข้าวต้มมัดไส้มันม่วง	แม่นภา	80				
8859174500319	ชาเม่ ชาย กาแฟ 3-1	ชาเม่	15				
8859176600697	อกไก่นุ่ม	Betagro	75				
8859178408208	Torez 40 g	Torez	20				
8859178408215	Torez 40 g	Torez	20				
8859178707011	ACNE CLEAA	acne clear					
8859179800162	นมยูเอชที รสจืด	Thai Farm	200				
8859179900527	V farm 100 g	V farm	25				
8859179900756	V Farm 90 g	V Farm	30				
8859179900886	Sun Dried Banana with Longan Flower Honey	TA-KRA	25				
8859180500037	RUMBLE brand 500 ml	RUMBLE brand	250				
8859183513515	คาลพิสแลคโตะ กลิ่นข้าวหมักญี่ปุ่น	Calpis Lacto	300				
8859183522418	คาลพิส แลคโตะ 245 ml	คาลพิส แลคโตะ	245				
8859183522715	คาลพิสแลคโตะ กลิ่นพีชซากุระ	คาลพิส	245				
8859183522814	คาลพิสแลคโตะกลิ่นองุ่นเคียวโฮ	คาลพิส	245				
8859185700364	ฟาร์มรัก 20 g	ฟาร์มรัก	20				
8859188901607	ning chilli secret 30 g	ning chilli secret	30				
8859188901621	หนิง 30 g	หนิง	30				
8859194200244	คีนัวและถั่วผสม	bean bag superfood and nuts	25				
8859202000828	Taro-Pulver						
8859205300147	อีซี่โก 85 g	อีซี่โก	85				
8859207401026	พรีเมียมสแน็ค 324 g	พรีเมียมสแน็ค	32				
8859212600124	NH Foods 125 g	NH Foods	125				
8859212600483	NH Foods 90 g	NH Foods	90				
8859212600490	อกไก่นึ่ง รสพริกไทยดำ - 90 กรัม	NH foods	90				
8859217400194	Assam Green Tea	Choui Fong Tea					
8859217400972	Miód						
8859220400402	มิลค์เชคอัสสัม เคย่า	K-YA	14.5				
8859220400440	Kya 30 g	Kya	30				
8859220400969	Ally Strawberry	Ally	350				
8859220412214	เคย่า 43.5 g	เคย่า	14.5				
8859220412955	เครื่องดื่มผสมโปรตีนพืช สูตรไม่เติมน้ำตาลทราย รสมัทฉะ ชาเขียว	Ally	350				
8859222500056	มารีน่า 50 g	มารีน่า	25				
8859226200013	ไข่ไก่ ออร์แกนิค - 440 g	Hilltribe organics	44				
8859232999901	99 180 g, 8 packeds	99	180				
8859232999918	Khao Soi Kat with Pandan Leaves	99	180				
8859236012101	Apple Slices	Ezy Fresh	100				
8859237002934	Daily nuts original mix	คาเฟ่อเมซอน	16				
8859237007892	O-right	O-right	45				
8859237200323	Americano coffee	Tokyo brew	275				
8859237201382	Tokyo Brew 260 ml	Tokyo Brew	260				
8859237201597	สิงห์คำราม 150 ml	สิงห์คำราม	150				
8859239997115	99 Bakery	99 Bakery	28				
8859242900010	กิมจิ	sukishi	150				
8859242901161	ซูกิชิ 125 g	ซูกิชิ	125				
8859250610505	Hot and spicy tomato ketchup	Todd					
8859252300121	Chef Erwin Spinach & Broccoli Soup [only one image]	Chef Erwin	450				
8859252800058	นมถั่วเหลือง แอมฟิตต์	แอมฟิตต์	260				
8859253100232	บราวนี่อบกรอบ รสดั้งเดิม	Brownie Grob’s	30				
8859253100249	บราวนี่อบกรอบ รสดาร์กช็อกโกแลต - 116 g	Brownie Grob's	30				
8859269591406	Salt	Khewra					
8859272300170	natural brown stick sugar	lin					
8859287400032	Chilli & Pepper BBQ Sauce	McCormick	16				
8859287415524	SICHUAN MALAYSIA SAUCE		20				
8859290400012	Hokkaido Milk Flavoured Bread	D-PLUS	75				
8859290400029	ขนมปังรสช็๋อคโกแลต - 75 g	D-plus	75				
8859290400036	ขนมปังไส้ถั่วแดง	D-PLUS	65				
8859290400050	ขนมปังรสเกลือและเนย - 75 g	D-PLUS	75				
8859290400098	D-PLUS 75 g	D-PLUS	75				
8859290400159	CHOCOLATE FLAVOURED BREAD EXTRA	MARUNAKA					
8859290400531	MARUNAKA	MARUNAKA	75				
8859290400616	MARUNAKA	MARUNAKA	50				
8859290400760	วาฟเฟิลรสเมเปิล	D-Plus	50				
8859292500314	ไอศกรีมดัดแปลงรสกาแฟสอดไส้ซอสคาราเมลราดหน้าด้วยไวท์ช็อกโกแลตและอัลมอนด์เคลือบเนยคาราเมล -	กูลิโกะ	80				
8859292500406	กูลิโกะเซเว่นทีนไอซ์คราวน์ไอศกรีมกลิ่นบานอฟฟี่ผสมคุกกี้	กูลิโกะ	62				
8859295000088	Pasteurized Milk	mMilk	200				
8859295000125	mMilk 2000 ml	mMilk	200				
8859295000149	UHT Lactose Free Low Fat Milk	MMilk	180				
8859295000163	เอ็มมิลค์ รสจืด	เอ็มมิลค์	200				
8859295000170	เอ็มมิลค์ รสจืด	เอ็มมิลค์	200				
8859295000255	เอ็มมิลค์ ไขมันต่ำ	เอ็มมิลค์	200				
8859295000477	นมโกโก้พาสเจอร์ไรส์ปราศจากน้ำตาลแลคโตสกลิ่นสตรอเบอร์รี่	mmilk	200				
8859295001184	ผลิตภัณฑ์นมพาสเจอไรซ์ปราศจากนํ้าตาลแลคโตสไขมันตํ่า	M Milk	180				
8859296300163	Pure refined sugar [Only one image]	TRR Group					
8859296300460	ลิน 300 ml	ลิน	15				
8859297804820	กาแฟปรุงสำเร็จชนิดผง	Peyuk Coffee	15				
8859297813884	กาแฟปรุงสำเร็จชนิดผง	Blazo Coffee Plus Brand	18				
8859298900040	สปาเก็ตตี้คาโบนาร่า	EZYGO	220				
8859298900170	สปาเก็ตตี้กุ้งครีมซอสมะเขือ	EZYGO	210				
8859301200754	Oolong tea	Kin					
8859304500530	ใบไม้แดง 300 g	ใบไม้แดง	12				
8859313500033	Beerlao	Lao Brewery Company					
8859313500200	น้ำดื่ม หัวเสือ	หัวเสือ					
8859313502402	Mirinda	Mirinda					
8859313503065	Somersby 330 ml	Somersby					
8859315560035	Grilled Corn Flavor Crispy Coconut Rolls	แก้ว	20				
8859318800091	แม่น้อย 80 g	แม่น้อย	15				
8859318800183	MAENOI 80 g	MAENOI	15				
8859346800193	เชฟนง 155 g	เชฟนง	77.5				
8859348698859	ใบเมี่ยงญวน	โบราณ	50				
8859349202048	Sweetened Condensed Milk (Gold)	Abevia (Nutridor)	15				
8859358600101	alkaline water	เอท พลัส					
8859362504679	7 in 1 nitro canada lose weight	nitro					
8859362510243	8859362510243						
8859369813507	WHITE STORY 160 g	WHITE STORY	160				
8859370800169	คุกกี้ข้าวโอ๊ต ลูกเกด	Sunbless	40				
8859370800503	SAINT 90 g	SAINT	45				
8859370800510	SAINT 90 g	SAINT	45				
8859370800671	SAINT 80 g	SAINT	40				
8859370800688	SAINT 80 g	SAINT	40				
8859372320030	เบลล	เบลล	200				
8859376000198	เจอจินน์ 100 g	เจอจินน์	10				
8859376000211	เจอจินน์ 100 g	เจอจินน์	10				
8859380300499	Goody 100 g	Goody	25				
8859380300512	Goody 100 g	Goody	25				
8859380308938	อินทผาลัม ไร้เมล็ด	กู๊ดดี้	50				
8859387801494	Pepper-G by Aur-Aree	Pepper-G by Aur-Aree	10				
8859387801500	เปปเปอร์-จี	เปปเปอร์-จี	10				
8859387801784	ผงโรยข้าวไทยสไตล์ญี่ปุ่น	EZYGO	8				
8859389702201	บ๊วยเหลือง 3 รส มินอา	mina	30				
8859389703314	เค้กไข่ชีส ยูมิ ยูมิ	Umi Umi	78				
8859389703437	พี่รี่ 110 g	พี่รี่	44				
8859389703536	ขนมเส้นบุกปรุงรสหม่าล่า รสดั้งเดิม	อาหลิว	18				
8859389704571	อาหลิว 72 g	อาหลิว	18				
8859394400093	Granola dark chocolate (No additional images)	Daily me	35				
8859394400185	DAILY ME 250 g	DAILY ME	35				
8859394400239	ธัญพืชอบกรอบรสดาร์กช็อกโกแลต 35 g	Daily me	35				
8859394400253	เทรลมิกซ์ กราโนล่า	เดลลี่ มี					
8859398100876	บีที	บีที	25				
8859398101453	Siam ချော့						
8859400301925	CHEWY KONJAC JELLY LYCHEE						
8859400302410	TOKENEIK CHILI						
8859400302434	BIG da pian snacks spicy						
8859402900058	Organic Rice Cakes Mini	Allright Kids					
8859407602018	OLY High Protein Cereal Honey Flavored	OLY	35				
8859408701109	Dried Peach	Tan Tan	35				
8859408904975	ทองทิพย์ 200 g	ทองทิพย์	29				
8859408905156	ทองพูน 200 g	ทองพูน	29				
8859409840081	น้ำมิกซ์เบอร์รี่ - 300 ml	Full fresh	300				
8859412501542	เอโยะ 28 g	เอโยะ	28				
8859412902387	นมปรุงแต่งอัดเม็ดรสหวาน - 25 g	ทองหอม	25				
8859414002221	Coconut Cider Vinegar Raw	Agrilife					
8859415802431	Whey Protein Isolate						
8859428901305	DR.DRINK C-NATUR - Elderberry	DR.DRINK	100				
8859428902036	พันธุ์ไทย 250 ml	พันธุ์ไทย	250				
8859430200748	Mangó Þurrkað	Lala Snack	200				
8859430400025	SWEET KEFIR SWEET (มะพร้าว)	GOURMET					
8859431100597	ใจฟ้า 100 g	ใจฟ้า	50				
8859432700017	นมอัดเม็ด ตราแดรี่วัน	แดรี่วัน	6				
8859432700031	นมอัดเม็ดกลิ่นวนิลา	แดรี่วัน	6				
8859432700239	นมอัดเม็ดกลิ่นมอลต์	แดรี่วัน	6				
8859438690053	ชูการ์ บอย 500 g	ชูการ์ บอย	100				
8859441100143	The  tasty milk tea	Le café	200				
8859449700055	นมอัดเม็ด	ไทยชง	20				
8859449800007	โตเกียว คัปป้า แบล็ค	UCC	250				
8859465500240	บันโฮลเกรนไส้ผักโขม	เดอะโอเวนฟาร์ม	130				
8859465500264	ขนมปังมันเทศเนื้อสีม่วงแครนเบอร์รี่ลูกเกด	The Oven Farm					
8859465690675	KILIN						
8859465691092	กิเลน 400 g	กิเลน	30				
8859466021010	ปลาเส้นปรุงรสสอดไส้ชีส รสพิซซ่า	Maruesu	20				
8859467700891	ขนมปั้นสิบไส้ปลา	Grandma’s	27				
8859467701157	tuk tuk 50 g	tuk tuk	25				
8859467701164	เกี๊ยวอบกรอบ รสไข่เค็ม ตุ๊กตุ๊ก	tuk tuk	25				
8859473100074	น้ำอัญชันมะนาว	หวานใจ	300				
8859473100081	น้ำกระเจี๊ยบ	หวานใจ	300				
8859473100135	น้ำเต้าหู้ผสมมันหวานญี่ปุ่น - 320 ml	7-11	320				
8859473100494	นมถั่วเหลือง รสออริจินัล	โทฟุซัง	230				
8859473100593	นมถั่วเหลืองออร์แกนิค ยูเอชที รสออริจินัล	TOFUSAN	180				
8859473100678	SELECT 280 ML	SELECT	280				
8859473101200	HIGH PROTEIN Complete Plant Protein	TOFUSAN	350				
8859473101330	Sunshine Dairy 1 unit	Sunshine Dairy	200				
8859473101521	Sunshine Dairy 200 มล.	Sunshine Dairy					
8859473101538	SUNSHINE Dairy	SUNSHINE Dairy	200				
8859473101644	Chocolate Protein Shake	Sunshine Daily	340				
8859475200901	บะหมี่หยกแห้งหมูแดง เกี๊ยวกุ้งไรซ์เบอร์รี่	ชายสี่ โกลด์	290				
8859475201595	ชายสี่ 240 g	ชายสี่	240				
8859476600021	HOME BAKERY 250 g	HOME BAKERY	25				
8859479403063	Thai Honey Mango	LongBeach					
8859485300257	เซกาเฟรโด ซาเบตติ	Segafredo Zenetti	180				
8859485300264	กาแฟปรุงสำเร็จพร้อมดื่ม สูตรลาเต้ - 180 ml	Segafredo Zanetti	180				
8859488111133	Chocolate Mint Protein Shake	Hooray	340				
8859488111140	Protein Shake	Hooray	340				
8859488112130	Coffee High Protein Mil Choc Mocca	Hooray	230				
8859488113076	Plant  Protein	HooRay	340				
8859488113090	Strawberry Plant Protein	HooRay!	340				
8859488115018	Rich&Homemade Almond milk	Hooray	250				
8859488115025	เครื่องดื่มน้ำนมเฮเซลนัทผสมน้ำนมข้าว รสกลมกล่อม ตรา ฮูเร่	ฮูเร่	250				
8859501300018	เกี๊ยวซ่าไส้กุ้ง	Oishi	132				
8859501300063	Pork Gyoza	โออิชิ	110				
8859501300155	เกี๊ยวซ่าสโมคไก่	โออิชิ	20				
8859501300384	เกี๊ยวซ่าไส้หมูย่าง	โออิชิ	110				
8859501300452	Oishi Eato 100 g	Oishi Eato	100				
8859501320153	แซนวิชไส้สลัดแซลมอนเทอริยากิ	โออิชิ	80				
8859501320313	OISHI EATO 98 g	OISHI EATO	98				
8859501320344	แซนวิช แซลมาโยโนรสาหร่าย	oishi	74				
8859501320467	[only one image]	Oishi					
8859501320641	Oishi Eato 78 g	Oishi Eato	78				
8859501320733	OISHI EATO	OISHI EATO	70				
8859501350082	ราเมนไก่เทอริยากิผัดซอสนาเบะ	โออิชิ	250				
8859501350341	ข้าวญี่ปุ่นไก่ผัดกิมจิ	Oishi Eato	270				
8859511888322	Freeze dried Monthong Durian	Thong Ampai	12				
8859520300037	Grilled Japanese Sweet Potato	KC	130				
8859520300617	PEANUT	KC	55				
8859520301027	มันม่วงญี่ปุ่นเผา - 130 กรัม	KC	130				
8859520301058	ธัญพืชรวม	Kc	140				
8859520301409	ข้าวต้มมัด	KC	65				
8859520301867	3 Tone Grilled Japanese Sweet Potatoes	KC	130				
8859520301874	Grilled Japanese Pumpkin	KC	120				
8859520301911	มันฝรั่งอบเนย - 120 g	KC	120				
8859520301980	กล้วยน้ำว้าหนึบ	KC	28				
8859521000011	munspaak 29 g	munspaak	29				
8859521000073	ปลาแท่งทอดกรอบ รสคลาสสิค	มันส์ปาก	20				
8859522800627	ขนมเปี๊ยะไส้หมูแดงและไส้หมูดำคูโรบูตะย่างไข่เค็ม	April’s Bakery					
8859522800955	APRIL'S BAKERY	APRIL'S BAKERY	50				
8859522804816	Hershey 90 g	Hershey	45				
8859522804960	APRIL'S BAKERY 90 g	APRIL'S BAKERY	45				
8859522805363	เอพริล เบเกอรี่	เอพริล เบเกอรี่	50				
8859523611017	เครื่องดื่มเคทู	เคทู	150				
8859524502185	Collagene 2000		20				
8859526801729	ข้าวผัดไก่ซอสเกาหลี	Lotus	250				
8859526802634	ข้าวกล้องหมูผัดตะไคร้	Tesco	285				
8859526802894	ข้าวผัดปู	King Chef	190				
8859526803150	ก๋วยจั๊บญวน หมูยอทรงเครื่อง	Lotus	300				
8859526803785	ข้าวน้ำตกหมูย่าง	Lotus	195				
8859526804591	ข้าวกะเพราหมูพริกแห้ง	Tesco	220				
8859526805543	ข้าวผัดปูอัด	ควิกเสิร์ฟ	230				
8859526805833	โอนิกิริ ไส้แซลมอนเทอริยากิ	โลตัส					
8859526805840	โนริมากิไส้ไข่หวานปูอัด	โลตัส	100				
8859526806151	โอนิกิริ ไส้เมนไทโกะสไปซี่มาโย	โลตัส	100				
8859526807936	ดงเซฟ 200 g	ดงเซฟ	200				
8859526809251	คิงเชฟ 200 g	คิงเชฟ	200				
8859529700128	แม่ละมาย เฟรช 300 ml	แม่ละมาย เฟรช	300				
8859530450029	ชีส	7-11	17				
8859532700085	ท่าสยาม 129 g	ท่าสยาม	60				
8859544300013	เห็ดเข็มทอง						
8859549200288	ออมุก ปลาแผ่นเกาหลี - 100 g	Happy munchy	50				
8859549200356	Korean Style Fish Cake with Vegetable	Happy Munchy	50				
8859556700207	Fruit cocktail in sYRup						
8859557000146	a season 180 ml	a season	180				
8859557000429	a season 830 ml	a season	207.5				
8859557001457	นมช็อกโกแลต ออลซีซัน	allseason	300				
8859559200087	mom made 1000 g	mom made	30				
8859559600252	Roasted Sunflower Seeds - Chinese Pecan Flavor	ChaCha					
8859559600405	ชาช่า 45 g	ชาช่า	45				
8859559600788	เมล็ดทานตะวัน	ChaCha	25				
8859559600962	Bánh						
8859568700042	Kókusztej	Suree					
8859568700103	Coconut cream thai						
8859568700516	coconut milk	Suree	100				
8859577501333	Juice from Kiwi, Guava, Apple, Grape, Kale Grass with 2% Fermented Milk and Probiotic	QminC	250				
8859577502224	Chlorophyll Extract Drink	QminC	150				
8859577502514	OminC	OminC	250				
8859577502552	Squeezed Carrot Juice Blend	คิวมินซี	250				
8859578303516	BB	KM : 3000៛  or  EN : 0.75$					
8859578600790	7-Eleven 12 g	7-Eleven	6				
8859578600820	PLAY COOLING GRAPE						
8859578604385	Bekin 9 g	Bekin	4.5				
8859578605412	เพลย์มอร์ พลัส 12g	เพลย์มอร์ พลัส	4				
8859578606075	7-Eleven 12 g	7-Eleven	6				
8859578606587	เพลย์มอร์ 22 g	เพลย์มอร์	6				
8859578608284	EVERMORE 22 g	EVERMORE	6				
8859580900505	ขนมปังสอดไส้ รสนม	M&D	30				
8859582201006	ทรี เลดี 340 g	ทรี เลดี	68				
8859585800428	Sweet Chilli sauce	Dee thai					
8859589401010	Crispy Corn Hot Chili	Sucorn	28				
8859589401089	KOIKEIYA	KOIKEIYA	27				
8859589405049	โคอิเคยะ 30 g	โคอิเคยะ					
8859589700038	min min 14 g	min min					
8859589700052	min min 14 g	min min					
8859599300297	Be Cocoa 150 g	Be Cocoa	15				
8859600810098	Nacket 60 g	Nacket	60				
8859601603583	Coffe Caramel Almonds	Nut Walker	30				
8859601603842	Mix Nuts	Nuts walker	30				
8859601605396	บลูไดมอนด์ 30g	บลูไดมอนด์	30				
8859601605419	Extremes Sriracha Almonds	Blue Diamond	30				
8859605700424	มะม่วงพร้อมกะปิหวาน	EZY FRESH	130				
8859608200082	บราวนี่อบกรอบ รสคาปูชิโน่	sweetchew	30				
8859608200099	บราวนี่อบกรอบ รสช็อกโกแลต	สวิทชิว	30				
8859608200297	Brownie Grob's 90 g	Brownie Grob's	30				
8859608200808	Grob's Brand 78 g	Grob's Brand	39				
8859610001523	PRIMA GLUTA C 200 g	PRIMA GLUTA C	20				
8859613400026	Intense Dark Chocolate Compound Coins	Chocolatier					
8859622222015	เย็นคริค 250 ml	เย็นคริค	250				
8859626100012	ทองม้วน	Aroi	20				
8859626100029	ทองม้วน กลิ่นมันม่วง	Aroi Asian Roll	20				
8859636810048	Almond milk with malt	137 degrees	180				
8859636810918	Macadamia Milk	137 degrees	180				
8859645300080	Ivy	ไอวี	180				
8859645300141	I vy 180 ml	I vy	180				
8859645300288	I vy 180 ml	I vy	180				
8859645300844	จับเลี้ยง ไอวี่	ไอวี่	170				
8859646800121	ปีกบนไก่สไตล์อเมริกัน	Tyson	100				
8859646800138	Tyson 200 g	Tyson	100				
8859646800145	Grilled Chicken Tender	Tyson	100				
8859647600058	Prinze 25 g	Prinze	25				
8859661201125	ชิฟฟอนมะพร้าวสอดไส้เนยสด - 35 g	Banyen	35				
8859663200010	ครูสมทรง 80 g	ครูสมทรง	40				
8859672921555	เมล็ดทานตะวันอบ	จินหลง ฟู้ดส์	100				
8859672955864	ไรท์ แคร็กเกอร์ เค้กข้าวบิสกิส	วีทรู	36				
8859672989685	วีทรู เค้กข้าวบิสกิต	Vetrue	32				
8859682600822	TURTLE 60 g	TURTLE	60				
8859688306490	แซนวิชโฮลวีททูน่า - 80 กรัม	Bearbakery	80				
8859693711012	Good Will 1000 ml	Good Will	200				
8859694100150	ออเรนจ์เค้ก	Patra	55				
8859694101782	อเมซอน 100 g	อเมซอน	100				
8859694700442	Yodrak 450 g	Yodrak	15				
8859695400525	พาร์เล่ 30 g	พาร์เล่	30				
8859695400549	พาร์เล่ 360 g	พาร์เล่	30				
8859695400556	พาร์เล 30 g	พาร์เล	30				
8859695400570	พาร์เล่ 360 g	พาร์เล่	30				
8859695600369	Complete Plant Protein Mixed Berries Flavor	Plantae	35				
8859695655567	MCT & Plant Protein, cookies & cream	Plantae					
8859696260036	ฮอกไกโดชีสซอฟเค้ก 85 g	ฮอกไกโดชีสซอฟเค้ก	42.5				
8859696702017	Lemongrass	SFM international trading co l					
8859699420017	น้ำมะพร้าวหอม 100% - 235 ml	Coco power	235				
8859702903599	BeMe Chocolate Flavor	บีโม	65				
8859702903605	BeMe Milk Flavor	บีโม	65				
8859706500138	บ้านปังปอนด์ 50 g	บ้านปังปอนด์	25				
8859708307353	OHH BRAND 112 g	OHH BRAND	112				
8859708307384	Konjac Snack With Mala Suace Flavor	โอ้	112				
8859734900009	เชียงแซลมอน ทำจากเนื้อปลาแซลมอน	โจรสลัด บางบ่อ	50				
8859745200075	ตรา ซันซุ 96 g	ตรา ซันซุ	16				
8859745200105	CHEWY KONJAC JELLY MANGGO						
8859745200211	ซันซู 150 g	ซันซู	150				
8859745200228	Jelly carrageenan mixed konyakku powder, PEACH AND LYCHEES flavour	ซันซุ	150				
8859745200303	ซันซุ หมึกกรุบ  น้ำจิ้มงา	SUN SU	8				
8859745300256	Voiz 84g	Voiz	7				
8859745300850	Sumo	Sumo	28				
8859748500011	TILESTD SIENG 500 g	TILESTD SIENG	100				
8859764700358	Match Shake	XS	30				
8859766200467	บองเต้ 220 ml	บองเต้	220				
8859772800019	เป็นต่อ 150 ml	เป็นต่อ	150				
8859785700573	เค้กไต้หวัน รสออริจินัล	เดมี่	120				
8859785700672	Good Taste 250 g	Good Taste	31				
8859806476197	TURTLE KITCHENERY 250 g	TURTLE KITCHENERY	250				
8859810099122	WHAT THE BEANS 150 g	WHAT THE BEANS	150				
8859813600394	Organic Coconut Water	Kim Dee	240				
8859817600093	Crispy Chicken Breast Tom Yum Flavor	FRANGO	22				
8859817600109	อกไก่อบกรอบ	FRANGO	22				
8859830900095	whery nutrie meal replacement						
8859836605062	เจินเหอ ฟู้ด แอนด์ เบรด จำกัด 40 g	เจินเหอ ฟู้ด แอนด์ เบรด จำกัด	40				
8859849100035	ปังปัง 35 g	ปังปัง	35				
8859850700163	Matcha Latte	นิชิ	250				
8859850700279	Nichi	Nichi					
8883663941260	Asia Farm 300ml	Asia Farm	300				
8885004701595	ၜံက်	2021					
8885017620289	LaDelight						
8886015208363	Chocochip cookies - 216 g	Arnott's	24				
8886015664244	เวเฟอร์ชนิดแท่งรสช๊อกโกแลต	อาร์นอดส์	30				
8886467072703	Unilever 440 g	Unilever	30				
8886467111549	พริงเกิลส์ 20 g	พริงเกิลส์	20				
8886467117381	มันฝรั่งแผ่นทอดกรอบ กลิ่นปลาหมึกย่าง รสเผ็ด	Pringles	25				
8886467117398	มันฝรั่งแผ่นทอดกรอบ กลิ่นปลาหมึกย่าง รสเผ็ด	Pringles	25				
8886467121067	พริงเกิ้ล สาหร่ายเผา	Pringles	25				
8886467121340	พริงเกิล	Pringles	25				
8886467122781	มันฝรั่งทอดกรอบรสกุ้งกระเทียมสูตรเผ็ด	Pringles	25				
8888011150196	น้ำมันคาโนล่า	ซันบีม	15				
8888017300809	ALCOHOL FREE BEER	Heineken	330				
8888056820023	Laska singapura flavour	โคคา	90				
8888112011006	Roasted Cashews	Camel	40				
8888112780148	Natural Cocktail Mix	Camel	40				
8888239000006	Milk Chocolate Drink	Van Houten	28				
8888240052018	ซุปเปอร์ 20 g	ซุปเปอร์	20				
8888240053633	กาแฟไมโครกราวด์ อาราบีก้า 3-1	เอสเซนโซ่	22				
8888703271987	โอเซี่ยน เจมส์ 350 g	โอเซี่ยน เจมส์	100				
8904063222510	Haldiram's	Haldiram's	100				
8906012280039	ชา	chaigold	14				
8934609212200	Bibica 200 g	Bibica	29				
8934609602414	ฮูร่า เดรี่ มิลค์ สตรอเบอร์รี่ เค้ก	Hura Deli	56				
8934674012415	Dired lotus seeds	Truong Tin	200				
8934680033473	โอรีโอ สตรอเบอร์รี่ เวเฟอร์โรล	Oreo	36				
8934680113946	คุกกี้เนย	La collection	39				
8934804023762	แม็กกี้หุงอร่อย ไก่ผัดพริก	Nestlé	6				
8934804023793	แม็กกี้หุงอร่อย ไก่พริกไทยดำ	Nestlé	5				
8934804043005	คาเฟ่ลาเต้ กาแฟปรุงสำเร็จผสมกาแฟคั่วบด	Starbucks	10.1				
8935006331501	ช็อกโกแลตพายสอดไส้มาร์ชเมลโลว์เคลือบช็อกโกแลต - 216 g	Sosof	36				
8935032202622	L CHOICE 250 g	L CHOICE	100				
8936036026078	orion	orion					
8936047442515	เดลี่ ชีสเค้ก	เดลี่	30				
8936079141059	3in1						
8936144480335	Matcha & Marshmallow Chocolate Pie	Tastee					
8936172870917	CHOICE L 100 g	CHOICE L					
8938507039242	ช็อกโกแลต พาย	เทสตี้	36				
8938532962300	Merry	Richy	31.9				
8990800016863	Mentos Soda Mix	Mentos					
8991001242013	เดลฟี่ ท็อป คาราเมล	เดลฟี่	20				
8991001242624	เดลฟี่ ท็อป คาร์ปูชิโน	เดลฟี่	20				
8991001501752	ช็อกโกแลตแอสซอทเม้นต์	Delfi	30				
8991001503442	แวน ฮูเต็นอัลมอนด์	Van Houten	40				
8991001503466	แวนฮูเต็น แอสซอทเม้นต์	แวนฮูเต็นVanhouten	40				
8992741907057	Yupi 35 g	Yupi	20				
8992741950213	ยูปี 40 g	ยูปี	40				
8992775347447	เจอรี่ชีสแครกเกอร์	เจอรี่	40				
8993004788611	Cheese ring Ghost Pepper	Smax	15				
8993083923804	เวเฟอร์ชนิดแท่งกลิ่นสตอเบอรี่	วิลลี่	100				
8993175540353	ขนมอบรสชีส	Ahh	10				
8993175540384	Nabati Cheese Wafer						
8993175558266	นาบาติ 27 g	นาบาติ	27				
8993175563895	Ahh 174 g	Ahh	14.5				
8994963003876	Indomie Mi Goreng Fried Noodles	Indomie	85				
8994963003913	Spicy Gourmet Noodles	Indomie	83				
8996001302606	Mayora 18 g	Mayora	18				
8996001303702	Danisa Butter Cookies	Danisa	30				
8996001303740	Traditional Choco Cashew Cookies	Danisa	30				
8996001314128	COCO'N Cream 31.5 g	COCO'N Cream	31.5				
8996001350591	แคลชีส เวเฟอร์ครีมรสชีส	Mayora	34				
8996001350812	เวเฟอร์สติ๊กสอดไส้ครีมช็อกโกแลต	Go Choco Rollz	16				
8996001353417	เวเฟอร์สติ๊กสอดไส้ครีมช็อกโกแลต	Go Choco Rollz	24				
8996001355855	เบงเบง ไวท์	Beng-Beng	22				
8997237721148	เดลิโค่ ครีม เวเฟอร์ สติ๊ก ช็อกโกแลต	Delico	30				
8998389162018	มาจอริโก้ วานิลลา เวเฟอร์ โรล	โคโคล่า	30				
8998389162025	Kokola 100 g	Kokola	33				
8999999503178	ไอศครีมแซนวิชช็อกโกแลต	วอลล์	51				
8999999520977	Lipton 50 g	Lipton					
9000433744077	แมคไวตี้ 1 แพ็ค	แมคไวตี้	29.2				
9002490285548	เรดบูล	เรดบูล	250				
9006251005048	Mozartkugeln	should not be mandatory					
9202375242233	စားပြီး	ိ					
9300605124790	BREAKFAST BAKES APPLE & CINNAMON	OR RA	65				
9300605124882	Breakfast  bakes	Nestle	65				
9300633308414	Figs	Woolworths	30				
9300652810240	Regular soy milk	So Good	250				
9300657790028	วัตตส์ 100 g	วัตตส์	100				
9300682001311	M&M peanut	M&M's	37				
9300695001254	Taco Kit	Old El Paso	24				
9306440155319	ซุปครีมข้าวโพดและเห็ด	Campbell's	120				
9310155410304	Balducci Spaghetti no.4 500g	Balducci	100				
9310421000734	Nuttelex Buttery Spread with Olive Oil						
9310434004088	Sour patch mixed fruit	Sour patch	6				
9310645318165	buttermilk pancake	Coles					
9316434288602	Cranberry Mango Muesli Bars	Yogood	23				
9331275000145	เวเฟอร์ชนิดแท่งไส้ครีมช๊อกโกแลตและส้ม	รีดอนโด้	31				
9331275002491	เวเฟอร์ชนิดแท่งกลิ่นคุกกี้แอนด์ครีม	รีดอนโด้	30				
9331275002996	เวเฟอร์ชนิดแท่งรสครีมสตอเบอรี่	รีดอนโด้	30				
9331275004884	Creme wafers redondo	Redondo	28				
9331275008271	Luxury Cream Waffers Vanilla Flavored Cream	Redondo	31				
9331275008295	เวเฟอร์ชนิดแท่ง รสคาปูชิโน	รีดอนโด้	31				
9345544000491	Stripped Coconut Water, All Natural & No Added Sugar	stripped	200				
9400501100079	Manuka honey	Comvita	10				
9415007000617	เชสเดล เชดด้าชีสสเปรด	Chesdale	21				
9415007006558	แอนลีน โกลด์	แอนลีน	25				
9415007025382	แอนลีนผสมงาดำ	แอนลีน	180				
9415007025931	แอนมัมมาเทอร์น่า รสจืด	แอนมัม	180				
9415007026037	Anlene 500 ml	Anlene	125				
9415007029625	แอนลีน แอคติฟิต	แอนลีน	125				
9415007034797	Fonterra 25 g	Fonterra	25				
9415007047391	แอนมัมมาเทอร์น่า รสมอลต์	แอนมัม	180				
9526988840113	G Good Taste SHARE DELICIOUS	G Good Taste SHARE DELICIOUS	100				
9555028703668	คอนยัคเจลลี่เกรพเฟลเวอร์ 20 g	คอนยัคเจลลี่เกรพเฟลเวอร์	20				
9555051604956	เส้นออร์แกนิค รสบีทรูท	ออร์แกนิคแคร์ทูยู	67				
9555108413388	Fruitplate strawberry	Fruitplate	28				
9555161007289	จีพีอาร์ชอร์ตเบรด คุ้กกี้ออริจินัลเฟลเวอร์	GPR	29				
9555161007302	จีพีอาร์ ชอร์ตเบรต คุ๊กกี้ช็อกโกแลต เฟลเวอร์	รอยัลบริติช	29				
9555319103023	magic crunch b/w	Win 2	30				
9555319109032	Potato Crisp Vegetable	วินทู	20				
9555419201476	Digestive Cookies with Sesame	K.ROGER'S Préféré	15				
9555540000139	Alfredo 180g	Alfredo	30				
9555615900173	REDUCED CARB WRAPS	MISSION	45				
9555669204319	Oxy pimple patch	Oxy					
9555701502199	จีพีอาร์ รอยัล โฮมเมด บัตเตอร์ คุกกี้	จีพีอา รอยัลโฮมเมด	190				
9555764002384	MY EUREKA BRAND 70g	MY EUREKA BRAND	28				
9555768904769	DURIAN KINGDOM 100 g	DURIAN KINGDOM	50				
9555923801940	Edibee 80 g	Edibee	100				
9555923801957	Edibee 80 g	Edibee	100				
9555928100390	Joybean 54 g	Joybean	54				
9555976600200	หนังปลาแซลม่อนอบกรอบรสไข่เค็ม - 80 g		32				
9556001032898	คิทแคท	Nestle	17				
9556001094926	ไมโลช็อกโกบาร์	Nestlé	15				
9556001132093	ซีรีแล็คสูตรผลไม้รวม						
9556001132130	เนสเล่ 120 g	เนสเล่	50				
9556001132574	เนสท์เล่ 100g	เนสท์เล่	50				
9556001175649	ครันช์รสช็อกโกแลต	เนสเล่	17				
9556001262899	คิทแคท	เนสท์เล่	17				
9556001267030	คิทแคท มินิ มิลค์ช็อกโกแลต	เนสเล่	14				
9556001277435	Kitkat raisin cookie	KitKat					
9556001313331	เนสท์เล่ 35 g	เนสท์เล่	35				
9556007000532	Homesoy soya milk	โฮมซอย	250				
9556007001676	นมถั่วเหลือง	โฮมซอย	300				
9556023210908	ช็อกโกแลต โค้ดเท็ด คาราเมล ไรซ์ คริสปี้ ออริจินัล	เซส	22				
9556041611046	Ayam 425 g	Ayam					
9556041614399	Coconut milk	Ayam Brand					
9556041660242	Ayam	Ayam					
9556085318369	แครกเกอร์โรยผัก	เคิร์ก	24				
9556085501747	ขนมปังกรอบเคลือบน้ำตาล - 125 g	ปิงปอง	32				
9556085501969	Sugar cracker	ปิงปอง	25				
9556085514891	โคโคนัทคุ๊กกี้	ฮับเส็ง	30				
9556121002887	Julie's Peanut Butter sandwich	Julie's					
9556121021468	เซอเรีย แอสซอร์ทเต็ด บิสกิต (ขนมปังกรอบรวมรส)	Julie's	24				
9556121026906	Golden crackers	Julie’s	23				
9556121027170	ขนมปังกรอบ ผสมธัญพืช - 450 g	Julie's	25				
9556121029761	Le-mond Lemon Puff Sandwich	Julie's	17				
9556121029778	Julie's 288 g	Julie's	18				
9556121031832	จูลี่ส์ 360 g	จูลี่ส์	25				
9556121032570	ขนมปังกรอบผสมธัญพืช รสต้นตำหรับ และรสสตอเบอร์รี่	Julie's	25				
9556126661720	Potato flakes	Knorr	13				
9556167782293	ครีมแครกเกอร์ส - 14 g x 7 pack	HWA TAI	14				
9556174702109	[Only one image]	Quaker Oats					
9556174814154	Quick cook oatmeal 2 minutes	Quaker	55				
9556183960385	Granola Cocoa Hazelnut	Captain 1965	40				
9556183960408	granola Straberry yoghurt	Captain	40				
9556191061616	Mushroom, cheese and croutons cream soup	Campbell's	21				
9556191061623	Mushroom Chicken with Croutons	Campbell's	21				
9556191070175	Prego Cheese&Herbs						
9556241600130	ไชยุ หมี่ เจแปนนีส นู้ดเดิ้ล สแน็ค-ออริจินัล เฟลเวอร์ รสดั้งเดิม	Shoyue Mi	35				
9556241600307	โชยุ หมี่ เจแปนนีส นู้ดเดิ้ล สแน็ค-สไปซี่ เฟลเวอร รสเผ็ด โชยุหมี	Shoyue Mi	35				
9556247500786	ช็อกโกแลต เอ็กตราไฟน์ ตราคามิโอร์	คามิโอร์	50				
9556247501653	ช็อกโกแลต รสบิตเตอร์สวีท ตราคามิโอร์	คามิโอร์	50				
9556247527103	Beryl's 180 g	Beryl's	50				
9556247536655	Assorted Chocolate	Beryl's	40				
9556291608735	Nutri-U	TATAWA					
9556291800665	ขนม						
9556291800726	ทิรามิสุ ทวิสต์	ทาทาวา	12				
9556404124268	Pepsi MANGO FLAVOR BOLD TASTE NO CALORIE	Pepsi	200				
9556420534201	Mister Coffee Bagbrew 100% kopi	Mister Coffee	200				
9556863361631	T&G 200g	T&G	100				
9556920002392	Nut crisp	Twinfish	100				
9556995130310	Torto 150g	Torto	30				
9556995140425	ไวท์คาสเซิ่ลบัตเตอร์คุกกี้	Torto	30				
9557062361279	Sweet potato crisps	มิสเตอร์โปเตโต้Mister potato	28				
96183489	ลูกอมปราศจากน้ำตาลรสช็อกโกแลตและกลิ่นส้ม	Fisherman's Friend					
9767033023048	Samyang	Samyang					
9822998584758	ข้าวบาร์เลย์ ชาอู่หลง	ทีพลัส	280				
9856277870119	ดับเบิ้ลซี	Double C	160				
9856992111641	ทองการ์เด้น 55 g	ทองการ์เด้น	30				
9857095303483	ครองแครงกรอบ	Mr.chu' bakery	30				
99195823	มาร์ค แอนด์ สเปนเซอร์ 108 g	มาร์ค แอนด์ สเปนเซอร์	18				
9961193410131	Minced Pork Avatar	Meat Avatar	120				
00004209	ปังสยาม 1 serving	ปังสยาม					
0000455999666	ควินัว						
0000555555523	ผงคาเคา						
0000555565588	งาขี้ม่อน						
0005100000426	JIM THOMPSON FARM 150g	JIM THOMPSON FARM	50				
0005100000427	JIM THOMPSON FARM 150 g	JIM THOMPSON FARM	50				
0005100000428	JIM THOMPSON FARM 150g	JIM THOMPSON FARM	50				
0005100000429	จิม ทอมป์สัน ฟาร์ม 25 g	จิม ทอมป์สัน ฟาร์ม	25				
0005100000432	JIM THOMPSON FARM 80 g	JIM THOMPSON FARM	40				
0005100000433	จิม ทอมป์สัน ฟาร์ม 80 g	จิม ทอมป์สัน ฟาร์ม	40				
0005100000434	Rice cracker cheese flavour	JIM THOMPSON FARM	40				
0005100000544	Good Earth Rice 250 g	Good Earth Rice	100				
0005100000545	Good Earth Rice 250 g	Good Earth Rice	100				
0005100000558	JIM THOMPSON FARM 150 g	JIM THOMPSON FARM	200				
0005100000559	JIM THOMPSON FARM 30 g	JIM THOMPSON FARM	30				
00090725	ARCHE						
0011194596590	Cherries	Maraschino	5				
00140096	Bavarian bread						
0017600082725	Guacamole Dip	Casa Fiesta					
0021000640041	Real mayo [Only one image]	Kraft					
00210214	Green & Organic	Green & Organic	8				
0021130982578	Roasted Almonds No Salt	Flower Food	30				
0023114241909	Liqua-gel food color						
0025073009873	Reduced fat milk	California Sunshine	240				
0025073009910	ผลิตภัณฑ์นมพาสเจอไรซ์ - 946 ml	California sunshine	200				
0025073010015	2% Reduced Fat Milk Ultra-Pasteurized	California sunshine	200				
0025407803306	Kare-kare mix	Mama Sita's					
0025888883369	ผงอาซาอิ						
00269356	Dream.Box 250 g	Dream.Box	250				
0027000422380	ซอสสำหรับราดสปาเก็ตตี้ - 751 g	Hunt's	126				
00400074	Wrong barcode						
0043000126011	Great Grains Crunchy Pecan	Post	55				
0047600082838	Beef stew	Durkee					
0047600546200	Paprika [only one image]	Durkee					
0051325114941	CORNTOS (BBQ FLAVOUR)​	DOUBLE DECKEE					
0051934710367	Shredded Mild Cheddar	California Select Farms	28				
0051934710381	Mozzarella	California Select Farms	28				
0057260000011	Kellogg's [no image]						
0074472075910	คริสปี้ ทิน	Kavli	100				
0074923408731	Pik nik real potato crisps						
0076740079620	Whitmans sampler sugar free	Whitman's	28				
0081200403129	My Whey Protein (Milk Tea)	Baam	42				
0084501802714	ขนมปังกรอบผสมลูกเกด - 100 g	Khong guan	31				
00859911	โรซ่าซอสมะเขือเทศ						
00885197	Fromage blanc nature [Only one image]	Pâturage	100				
0088519880070	Thai Angus Beef Mince Ms4+	ARO	300				
0095916233055	Beer Lao Dark Lager						
01003334	Cafe Amazon 90 g	Cafe Amazon					
0114800000190	woca 160 g	woca	20				
0183859102955	Milk Chocolate Whey Protein Isolate	Inner Armour Isolate Zero	32				
02127644	Tesco Lotus	Tesco Lotus					
0216994001101	ชีสกล่อง						
0255024903008	Wrong barcode						
02910211	ช็อกโกแลตสอดไส้	Van Houten	40				
0300875104255	เอนฟาโกร3เอพลัสนมยูเอชทีรสจืด 180มล. แพค 12						
0300875104262	เอนฟาโกรเอพลัสสูตร3นมยูเอชทีรสวานิลลา 180มล. แพค 12						
0300875104279	เอนฟาโกร 4 ​​เอพลัสนมยูเอชทีรสจืด 180มล. แพ็ค 12						
03802633	แบรนด์จูเนียร์นมฮอกไกโด						
0445029875121	Vanilla Ice Cream Whey	Fitwhey	34.5				
05288008	Botox						
0604895001069	Classic Wrap	Diego's	50				
0641628605422	elm	elm					
06558858	เจีย						
0658141074055	เก๋ากี้อบแห้ง	บีน แฟมมิลี่	28				
0670541669587	Shrimp Burger	EZY TASTE	93				
0675619005649	Quick Cooking Rolled Oats  only one image	Splendor Garden	40				
0705105923598	original pecan pralines [Only one image]	magnolia praline company					
07121401	Plain Pasterurized Milk	mMILK	200				
0728107741816	ลิโก้ผงโกโก้ 500กรัม						
0728107742288	ลิโก้ผงโกโก้สีน้ำตาลเข้ม 500กรัม						
0729238132214	Cleansing Cream Oil	Cle de Peau Beaute					
0729238163041	Eye Cream	Cle De Peau Beaute					
0729238183483	The Serum	Cle De Peau Beaute					
0733739065131	Glucomannan Pure Powder from Konjac Root	Now					
0737483777876	Riceberry Rice Paper	Three Ladies	68				
0745110706182	Peanut butter	Cabalen					
0747599409578	Dark Chocolate Sea Salt Caramel - 362.4 g	Ghirardelli Chocolate Company	30				
0748928971261	100% WHEY HYDRO ISOLATE COOKIES N CREAM	Bodybuild Nutrition	33.3				
0748932451261	Whey Hydro Isolate Dutch Chocolate	BodyBuild	33.3				
0790011300014	MK-7 90 MCG						
0798190218373	Microwave Popcorn Natural	American Classic	33				
0801001006118	BAM!! MY WHEY PROTEIN MAX	FITWHEY	41.7				
0801001006123	Baam Chocolates Hazelnut Flavor	BAAM!!	41.7				
0801001006131	My Whey MAX Nomyen	BAAM	41.7				
0801001006188	Whey - Gourmet Dark Chocolate	BAAM	41.7				
0801102111051	ISO absolute zero hardcore dark chocolate	Baam	36				
0801102111080	BAMM! ISO ABSOLUTE ZERO 0	FITWHEY	42.9				
0801102130028	Whey ISO Mocha	BAAM ISO Absolute Zero	42.9				
0801102130051	Iso Rich Chocolate	Baam!!	42.9				
0801102158204	ISO absolute zero - Frozen mint choco	BAAM	42.9				
0801192008080	Mass Soy Xxxxl Dark Chocolate Flavour	BAAM!!					
0801193001213	BAAM ISO soy - Black sesame	BAAM	40				
0810499145966	Meiji กล้วย	เมจิ	350				
0812004030156	Baam My whey protein						
0812004030170	Whey Protein (Chocolate Cookies)	BAAM	36				
0812004032440	BAAM!! My Whey Protein (453 g. , 1 Ib.)						
0812004032907	FitSoy	Fitwhey	39				
0814408037908	Strudla Smokva	Lasta	15				
0814784028262	Lean meal						
0817295291019	🍟 Crispy Chicken Skin	Kaikai	32				
0819339600467	Nuts						
0819445023396	วิตอะเดย์รสส้ม						
0821123113381	ซัมยัง บูลดัก ฮอตชิดเก้น สตูว์ ราเมง						
0822412381016	น้ำตาลสด	เน็กตร้า	330				
0850030779823	Pure Collagen Peptides	ProHealth	20				
0850151951377	นมข้นหลอด MALI						
0850210006909	Momentum 30 g	Momentum	30				
0850210006916	โมเมนตั้ม รสสไปซี่บาร์บีคิว	โมเมนตั้ม	30				
0851408001454	Black Sesame Soybean Milk	Vitamilk	330				
0851717910951	ดัชมิลล์ 2 L	ดัชมิลล์	200				
0851919132395	สไปรท์ ไม่มีน้ำตาล	Sprite	325				
0852391010739	น้ำพริกเผาฉั่วฮะเส็ง						
0854401442163	Party Salad	EZY Fresh	114				
0856006000038	หมูยอพริกไทยดำ	ป.อุบล	50				
0857239360159	นิวเกรดสาคูกระเจี๊ยบแดง						
0857507179148	Tonggol Tuna Floss	Toone	20				
0857508009161	Chicken Breast Smoothie Blueberry Yoghurt	Must	250				
0858048044186	arabica honey from arabica flower natural honey from royal project's coffee plantation	โครงการหลวง					
0858234800923	Fried garlic	Kanokwan					
0858742007616	พรทิพย์ปลาข้าวสารปรุงรส 110ก						
0859072007420	Iso-Pro						
0859072007529	ISO-PRO valina flavor	VX	38.6				
0859290400579	มารูนากะ	มารูนากะ					
0881314858125	ISO WHEY	BMXX - BODYMAXX SPORTS NUTRITI	30				
0885001024770	Korean style corn dog		80				
0885024441257	Yofiit	Yofiiy	8				
0885030050832	Magnesio e Potassio	Swisse	4				
0885030936037	Organic mango bites - Odds & Ends		40				
0885037455234	Not Coffee		8.1				
0885135113211	Ham And Spinach With Cheese Burger	EZYGO	114				
0885135190080	แพนเบรดไส้เผือก	เลอแปง	90				
0885227128528	Hawaiian stir fry		100				
0885229001591	Iron Kingdom Plant Protien - Iron Kingdom		31				
0885320011017	Protéine Macaroni	Go go Quinoa	465				
0885404006700	Creamy Peanut Butter	Glaser Organic Farms	28				
0885404527526	Mix de castanhas	Taeq	25				
0885421700077	KU milk 200 ml	KU milk	200				
0885435000098	Chopped Kale	Ratto Bros	85				
0885445224477	Chicken noodle soup	Market side	454				
0885460000629	Broccoli & Cauliflower	Church Brothers Farms	85				
0885460000728	Cauliflower Rice	Church Brothers Farms	85				
0885501000083	Blueberry mapel oatmeal	Mylk labs	52				
0885521233904	Galette mais	Feeble	10				
0885556360033	Protéines végétales	Nutripure	30				
0885599373007	Everyday dose coffee		6				
0885610301057	郭生说胡椒猪肚鸡	郭生说	454				
0885625124450	Iogurte banana, mel e aveia		100				
0885770418206	Iogurte natural integral		200				
0885787004232	Protein bar	Rxbar	52				
0885790000092	Queso Oaxaca	Don Froylan	28				
0885859002470	Peach Mango	Body Armor	5				
0885896450340	Maionese Hellmanns Light - Hellmanns		12				
0885929000125	ผลิตภัณฑ์นมพาสเจอไรซ์ ปราศจากน้ำตาลแลคโตส ไขมันต่ำ รสจืด - 2000 ml	mMilk	200				
0885929250413	กูลิโกะ พาลิตเต้ 86 g	กูลิโกะ พาลิตเต้	86				
0885948000073	Coconut yogurt		150				
0885954214286	Big one group 60 g	Big one group	30				
08952961	bfgkg						
0955604160126	ปลากระป๋องอยัม						
10151198	Yoghurt With Honey	Bulgaria	110				
10497449	กระเทียบปลอดเปลือง						
10518618	มะนาว						
10540855	มะเขือเทศราชินี						
10545096	To be deleted						
10545102	กรีนโอ๊ค						
10545103	ฟิลเลย์ไอช์เบิร์ท						
10594759	ส้มสายน้ำผึ้ง						
1092104200001	น้ำพริกเผาคีโต สูตรดั้งเดิม	กินดี	15				
1209810048618	ไรซ์มี	ไรซ์มี	35				
1220000340558	Burger Pattie	อิมพอสซิเบิล	110				
14043437	M&S Food None	M&S Food	30				
14159404	Marks & Spencer 530 g	Marks & Spencer	14.1				
16242320	Sour Cream And Onion Rice Chips	Prize	20				
1683423110083	Mini Cheeseboat Oreo Brownies	Forget Fat	100				
1724887944286	ป๊อปคอร์นชานมไข่มุก	chewlax	30				
1818524170708	FarmHouse Sliced Bread	ฟาร์มเฮ้าส์	48				
18527427	Bissin Coffee Wafers						
18859165400024	Creme de la Creme Family Bread	Yurawan Co.					
18859400301885	ขนมเถ้าแก่น้อย เส้นกรอบ						
2000000019463	To be deleted						
2000000070831	ใจข้าว	ใจข้าว					
2000000070832	To be deleted						
2000000098050	To be deleted						
2000000104566	ทูน่าในซอสโชยุ	นอติลุส	25				
2000000118350	To be deleted						
2000000124657	อกไก่ปั่นพร้อมดื่มรสสตอเบอรี่โยเกิร์ต	Max protein	500				
2000000124658	ขนมเปี๊ยะไส้ถั่วไข่เค็มไข่แดงครึ่งฟอง	สินสถาพร	56				
2000000126016	เนื้อปลาหิมะ พรานทะเล	พรานทะเล	100				
2000000126017	เนื้อหมึก	Prantalay	100				
2000000126018	เนื้อปลากระพงขาว - 100 g	Prantalay	100				
2000000126019	เนื้อปลากระพงแดง - 100 g	Prantalay	100				
2000000126020	มิลค์ฟิต เฟรช 110 g	มิลค์ฟิต เฟรช	100				
2000000126021	เนื้อปลาแซลมอน - 100 g	Prantalay	100				
2000000126022	เนื้อปลาเก๋า - 100 g	Prantalay	100				
2000000126023	เนื้อกุ้งขาว - 100 g	Prantalay	100				
2000000126024	เนื้อปลาช่อนใหญ่ - 100 g	พรานทะเล	100				
2000000132402	Cubic 19 Grains Sandwich Wheat Loaf	Cubic	51				
2000000132979	ลำไยกระป๋อง	เฮง เฮง	140				
2000000132984	ดีน่า 250 ml	ดีน่า	250				
2000000132985	Granovibes 28 g	Granovibes	28				
2000000137473	กาแฟสุขภาพผสมอินทผลัมล้ำค่า และสารสกัดโกจิเบอร์รี่	MPM	15				
2000000137474	Ferrero Rondnoir	Ferrero Rocher	40				
2000000137628	คอนเฟลกเคลือบคาราเมล และธัญพืชรวม	Fin	30				
2000000138196	ขนมไหว้พระจันทร์ ไส้พุทราจีน - ไข่เดี่ยว	แกรนด์ไชน่า	170				
2000000138197	ขนมไหว้พระจันทร์ ไส้ทุเรียนหมอนทอง	แกรนด์ไชน่า	170				
2000000138697	เลย์แมกซ์ กลิ่นอูนางิย่างซอสญี่ปุ่น	เลย์แมกซ์	30				
2000000140318	ขนมปังกรอบอบเนย	Big pang	31				
2000000140319	ขนมปังอบกรอบอบเนย บิ๊กปัง	Big Pang					
2000000145494	เดลี่คาเฟ่ กาแฟปรุงสำเร็จชนิดผง	Delicafe	15				
2000000145560	Sauce traditionnelle Thaï épicée	J-Lek	100				
2000000145821	เผือกรสทิพย์ 100 g	เผือกรสทิพย์	33				
2000000145970	PARADAI 50 g	PARADAI	12				
2000000145971	Burger King 80 g	Burger King	80				
2000000146566	ไนน์ 375g	ไนน์	15				
2000000146737	ไนน์ 375 g	ไนน์	15				
2000000147357	CALBEE HARVEST SNAPS 13 g	CALBEE HARVEST SNAPS	13				
2000000147432	เอกชัย สาลี่สุพรรณ (ชั้นหนึ่ง)	เอกชัย	47				
2000000147467	Cordy - M9 Plus						
2000000147598	ป.ประดิษฐ์ 300 g	ป.ประดิษฐ์	25				
2000000147599	Confetteria Raffaello	Ferrero Rocher	30				
2000000148158	ผลิตภัณฑ์ทดแทนมื้ออาหารกลิ่นวนิลา	Renatar	60				
2000000148159	เท็นจัง 1.2 g	เท็นจัง					
2000000148161	มาร์เวลโก 450 g	มาร์เวลโก	30				
2000000148174	Concentrate Cold Brew Coffee	Macnuts	200				
2000000150524	ทันจิตต์ 150 g	ทันจิตต์	100				
2000000150531	TURTLE 150 g	TURTLE					
2000000151198	ไร่สุวรรณ 70 g	ไร่สุวรรณ	70				
2000000151431	เจ้ม่วย 200 g	เจ้ม่วย	100				
2000000151463	Chocolate flavoured ice cream	เบอร์เกอร์คิง	80				
2000000151570	Mana 30 g	Mana	30				
2000000151571	CHOCOLATE SEA SALT 140 g	CHOCOLATE SEA SALT	30				
2000000151572	Home Made 40 g	Home Made	40				
2000000151573	ปังสยาม 300 g	ปังสยาม	30				
2000000151574	Ummt. Milk 85 g	Ummt. Milk	85				
2000000151575	Ummt. Milk 85 g	Ummt. Milk	85				
2000000151595	ทันจิตต์ 150 g	ทันจิตต์	100				
2000000151596	TURTLE 235 g	TURTLE	235				
2000000151598	Thai Royal Icecream 55 g	Thai Royal Icecream	55				
2000000151599	ไทยรอยัลไอศกรีม 55 g	ไทยรอยัลไอศกรีม	55				
2000000151600	ไทยรอยัลไอศกรีม 55 g	ไทยรอยัลไอศกรีม	55				
2000000151601	Puff&Pie 90 g	Puff&Pie	90				
2000000151602	TURTLE 250 ml	TURTLE	250				
2000000151603	กลุ่มแม่บ้านเกษตรกรลาดบัวขาว 100 g	กลุ่มแม่บ้านเกษตรกรลาดบัวขาว	30				
2000000151604	เจ้าสัว 10 g	เจ้าสัว	10				
2000000151605	เจ๊ม่วย 200 g	เจ๊ม่วย	100				
2000000151608	แฮปปี้ วอร์ม 225 g	แฮปปี้ วอร์ม	15				
2000000151648	ข้าวซอยกินไหม 90 g	ข้าวซอยกินไหม	90				
2000000151650	Tatra Sweet House 100 g	Tatra Sweet House	30				
2000000151651	Tatra Sweet House 110 g	Tatra Sweet House	30				
2000000151652	Tatra Sweet House 200 g	Tatra Sweet House	30				
2000000151653	Tatra Sweet House 90 g	Tatra Sweet House	30				
2000000151686	กล้วยตาก พลังงานแสงอาทิตย์ 200 g	กล้วยตาก พลังงานแสงอาทิตย์	20				
2000000151687	เอกชัย 47 g	เอกชัย	47				
2000000151688	กรอบกลม 120 g	กรอบกลม	30				
2000000151758	แม่สนอง 150 g	แม่สนอง	25				
2000000151759	V.S. FRESHC 100 g	V.S. FRESHC	29				
2000000151760	CHILLCO MENDOY 40 g	CHILLCO MENDOY	29				
2000000151789	NINE 405 g	NINE	15				
2000000151790	JIM THOMPSON FARM 120 g	JIM THOMPSON FARM	120				
2000000151791	JIM THOMPSON FARM 120 g	JIM THOMPSON FARM	120				
2000000151792	RICO 260 ml	RICO	260				
2000000151812	ณิชารีย์ 770 g	ณิชารีย์	32				
2000000151821	จุ๊บแจงทองพบ 325 g	จุ๊บแจงทองพบ	30				
2000000151822	วิสาหกิจชุมชนรวีวรรณ 70 g	วิสาหกิจชุมชนรวีวรรณ	35				
2000000151876	King 250 ml	King	15				
2000000151928	วิสาหกิจชุมชน ใบชาเกาะเกร็ด ชา 20g	วิสาหกิจชุมชน ใบชาเกาะเกร็ด ชา					
2000000151929	Chaleewan 90g	Chaleewan	90				
2000000152518	เนื้อน่องติดสะโพกหั่นชิ้น	GRILL CHOICE					
2000000152519	อกไก่ลอกหนังบด	GRILL CHOICE					
2000000152952	บราวนี่อัลมอนด์	CHEW LOUNGE BRAND					
2000000152953	EAT THIS 70 g	EAT THIS	180				
2000000152954	ขนมปังกระเทียม		35				
2000000152955	เนเจอร์ เบสท์ฟู้ด 3.8 g	เนเจอร์ เบสท์ฟู้ด	3.8				
2000000152956	เนเจอร์ เบสท์ฟู้ด 4 g	เนเจอร์ เบสท์ฟู้ด	4				
2000000152957	ธนรัตน์	ธนรัตน์					
2000000152966	Munchy 150g	Munchy	42.5				
2000000152975	Lookkai 175 g	Lookkai	35				
2000000153007	ข้าวปลาวาฬ	ปลาวาฬ	100				
2000000153195	ขนมบ้านอยยการ 200 g	ขนมบ้านอยยการ	58				
2000000153196	FAJICAWAII 10 g	FAJICAWAII	10				
2000000153226	ไก่เด่น 5 pack	ไก่เด่น	30				
2000000153227	แม่สนอง 150 g	แม่สนอง					
2000000153228	เจย์เมา 200 g	เจย์เมา	100				
2000000153280	ไวท์ เกรฟ จุ้ยซ์ (น้ำองุ่นขาว 79%) (ตรา เมย์ โกลด์)	เมย์ โกลด์	200				
2000000153281	บาร์โคดชนกับอาหารในฐานข้อมูล	TURTLE KITCHENERY	260				
2000000153282	S&B FOODS INC. 200g	S&B FOODS INC.	200				
2000000153283	Duplicate						
2000000153412	ลูกไก่คาเฟ่ แอนด์ เรสเตอรอง 175 g	ลูกไก่คาเฟ่ แอนด์ เรสเตอรอง	35				
2000000153414	Duplicate						
2000000153493	BUKKA RICE 500 g	BUKKA RICE	40				
2000000153494	BUKKA 500 g	BUKKA	25				
2000000153499	อัมชาว 100 g	อัมชาว					
2000000154249	ลัคกี้ ดั๊กกี้ 860 g	ลัคกี้ ดั๊กกี้	30				
2000000154892	ทองดำ 80 g	ทองดำ	20				
2000000155468	สควีซี่ 1000 ml	สควีซี่	40				
2000000155518	Ricely 27 g	Ricely	27				
2000000155519	ไรซลี่ 27 g	ไรซลี่	27				
2000000155569	ตองหนึ่ง	ตองหนึ่ง					
2000000156228	ไร่จันทรา	ไร่จันทรา					
2000000157012	กาแฟ ไร่จันทร์เจ้าขา						
2000000157891	ขนมโก๋ไส้						
2000000157892	ขนมเต้าส้อ คุณเล็ก						
20000022	TURTLE 275 g	TURTLE	275				
2000005035883	ร้านน้ำพริกอำไพวรรณ 100 g	ร้านน้ำพริกอำไพวรรณ	33				
20000053	TURTLE 250 ml	TURTLE	250				
20000056	TURTLE 250 ml	TURTLE	250				
2000005981555	น้ำพริกกุ้งเสียบภูเก็ต						
2000007327535	วาวีกาแฟผงสำเร็จรูป						
20000640	eatfit.th 295 g	eatfit.th					
20000770	TURTLE KITCHENERY	TURTLE KITCHENERY	235				
20001034	TURTLE KITCHENERY	TURTLE KITCHENERY	170				
20001165	TURTLE KITCHENERY 245 g	TURTLE KITCHENERY	245				
20001205	TURTLE KITCHENERY 300 g	TURTLE KITCHENERY					
20001255	TURTLE KITCHENERY 330 g	TURTLE KITCHENERY	330				
20001310	TURTLE KITCHENERY 180 g	TURTLE KITCHENERY	180				
20001328	TURTLE KITCHENERY 260 g	TURTLE KITCHENERY					
2011021700006	Sandwich Thịt Chiên Xù Và Trứng	Ministop	87				
2059669428975	Zero Fat Whey Protein Isolate	Rocketeer Nutrition	33				
2060049100008	99 bakery	99 bakery	60				
2060067660003	99 BAKERY 100 g	99 BAKERY					
2085000260003	หัวหอมปอกเปลือก						
2085002870002	ต้นหอมผักชี						
2085005210003	ผักกาดหอม						
21281136	To be deleted						
21827716	ARO 5 kg	ARO	150				
2200156219952	มะนาว						
2200261983984	Pomme rouge						
2251954101228	ซอสภูเขาทองฝาเขียว	ภูเขาทอง	15				
22582911	Kefir Coconut	Liberte (Thailand)	300				
2258818736378	wrong barcode						
23222106	Singulair 4 mg						
24000001	คุณแม่ชอบ 80 g	คุณแม่ชอบ	5				
24000002	คุณแม่ชอบ 80 g	คุณแม่ชอบ	5				
24899086	Salat-Fein italienische Kräuter	AROMICO					
25661262	Smoked Salmon With Dill	Captain Hook’s Smokehouse	50				
2678810003290	พิสตาชิโออบเกลือ	โก๋แก่	30				
28053187	ARO 2 kg	ARO	150				
2812227000125	To be deleted wrong product code						
28170051	Quail Eggs	Aro	12				
28570936	Shredded cheddar cheese						
29190027	Marks & Spencer 127 g	Marks & Spencer	100				
3073781212693	Cheese Slices “SANDWICH”	The Laughing Cow	16.7				
3415587409189	Glace cookies et cream	Häagen-Dazs					
3756124018205	คาร์เนชั่นไข่เจียว	Carnation					
37833459	Marks & Spencer 125 g	Marks & Spencer	31				
3811998581016	Pepsi	เป๊ปซี่	200				
3839329145027	High Protein Coffee	Meiji	350				
3877716534313	ขนมข้าวโพดอบกรอบรูปดาว รสช็อกโกแลต - 15 กรัม	Bigga	15				
4000358067065	Protien Bread						
4006404102490	Burrata Cheese	Pugliese	100				
4006824998123	Bavarian Cornichons	Develey	100				
4006985900089	Cocoa Powder	แวนฮูเต็น	3.8				
4260677592062	ISO-C Whey Natural Vanilla	Sunday Natural	30				
4550182143850	Pasta Sauce Squid Ink	Muji	33				
4550583385958	Tomato & Basil Flavored Potato Chips	Muji	60				
4550583874506	Honey Butter Flavored Potato Chips	MUJI	60				
4550584298127	無印良品 70g	無印良品	35				
4550584775154	Chocolate Covered Orange	Muji	50				
4550584896460	Tuna Crackers Original Flavor	Muji	20				
4562366263582	Seasoned dried laver original						
4580016972035	New York Perfect Cheese	NY	12				
4580114002580	Vanilla Cake 1 กล่อง x 4						
4582409182601	พอคคาซุปข้าวโพด						
4582589740035	Wedges Skin On	Farm Frites	100				
4600080431082	Cookies Russian name Alenka						
4606383001021	โคฟี ทีเฟส	Cofe	240				
46241702	M&sขนมปังกรอบไดเจสทีฟ400ก.	Marks & Spencer					
46241719	M&sขนมปังกรอบริชที300ก.	Marks & Spencer					
46241726	มาร์คแอนด์สเปนเซอร์ 150 g	มาร์คแอนด์สเปนเซอร์	30				
4631154148551	Coconut Truffle Protein Bar	Fit Kit	60				
4690329016521	Croutons With Spicy Tomato	BEERka	60				
4710022041290	คาดิน่าเผือกทอดกรอบรสเกลือ						
4711018058766	Salted Duck Egg Yolk 450 g	Salted Duck Egg Yolk	45				
4715325958405	ก้านคะน้า						
4730522061604	ชานมเย็น เนสเล่ 13ซ						
4800361000499	เนสท์เลย์โลด์อาหารเช้า	Nestlé					
4806512027209	Caldereta Mix	Mama Sita's					
4809010408662	Tablea	Batangas					
4809014399157	Sardines in sundried tomato sauce	Gustazo					
4809014399232	Sardines in corn oil	Gustazo					
48115520	เบยี้คอสออร์แคนิค						
48116480	Green oak						
48239028	ขนมเปี๊ยะไส้ถั่วไข่เค็ม	ครูสมทรง	56				
48364058	Skinless Chicken Breast	BENJA	250				
4850572071153	Sesame Bars With Honey	Flower Food	50				
48553865	น้ำมะพร้าว 100% - 400 g	Aromatic Farm	400				
48685023	เผือกรสทิพย์ 100 g	เผือกรสทิพย์	33				
4894375035011	Black Truffle Ham Crispy Biscuit	Aji	30				
4894375035035	Caviar Flavor Surprise Crispy Biscuit	Aji	30				
4894475100442	ช็อกโกแลตขาวสอดไส้ครีมสตอเบอร์รี่	Lindt	37				
48955157	Crispy Job’s Tears	Jae And Note	25				
4897003468212	Butter Chicken Paste						
4901035225016	อะมาโนยะแครกเกอร์หมูกระเทียม 43ก						
4901035225115	Flamin’ Hot Red Pepper						
4901050136441	แลงกูล 125 g	แลงกูล	29				
4901050139527	แลงกูล 125 g	แลงกูล	31				
4901108011713	เอบาร่าซอสเนื้อย่างมิโสะ						
4901170021146	Chocomint Ice Bar	Akagi	68.3				
4901305406770	Milk Cocoa	Family Mart	16				
4901305411064	Hojicha Milk Tea	Tsujiri	17				
4901330747800	Fruit Granola	Calbee	52				
4901360275236	เบอร์บอน	เบอร์บอน	26				
4901360311316	คุกกี้รสเนย	เบอร์บอน	28				
4901360358854	ブルボン	ブルボン					
4901360358861	Langue de Chat - Chocolate	Seven Eleven	10				
4901417722515	ICHIJAMI						
4901515124808	ซอสถั่วเหลือง คิโคแมน						
4901762632484	P PURETE 52.2 g	P PURETE	52.2				
4901891241212	น้ำซุป อูด้ง						
4901901248026	Crap paste	Maruha nochiro	50				
4901930005805	เดนโรกุถัวลิสงปลาสาร่าย55ก						
4902105108529	มาม่าปังเมน	Nissin					
4902179016959	Ramuneo						
4902181095294	Cheese & Cod Fish Snack	7 Premium	32				
4902402888896	European Style Beef Curry	Artrie	180				
4902705062054	เมจิ 56 g	เมจิ	28				
4902715876009	Butter Chicken Curry	Family Mart	180				
4902715883809	Grilled Pork	Family Mart	50				
4902745913583	ฟิงเกอร์ ​เชป บิสกิต​	โจเน็ตสึ					
4902745914870	Finger Shaped Biscuits	Jonetz Brand					
4902773015204	มัตซึนากะบิสกิตไส้ถั่วแดง						
4902773018519	ชิรูโกะ แซนนด์วิช สติ๊ก						
4902888183430	ช็อกโกแลตนม	Morinaga	42				
4902888205415	โมรินากะ 12 pieces	โมรินากะ	42				
4902915326809	Hijiki Furikake (Hijiki Rice Seasoning)	Hamaotome					
4903088014166	จินไมลางซอสเปรี้ยวหวาน						
4903379068021	Nutty Bar Chocolate	Royce'	22.5				
4946763021318	Fried Potato Smoke Truffle	Ajigen	50				
4974111880058	Soy Saucr Simmered Beef And Onion	Family Mart	125				
4974120400407	พิสตาชิโอ รสวาซาบิ		29				
4974689022454	Noriten Wasabi	Japanese	100				
4977113612351	โฟริก้า 500 g	โฟริก้า	6				
4977113676704	Forica 50 g	Forica	50				
4987035035411	test						
4989996886910	ข้าวแตน อำพัน						
4990485027288	Seiki Kurumi Mochi: Walnut with Mitarashi Sweet Soy Glaze	Seiki					
5000158066991	กาวิสคอน เม็ด						
5000169221020	เวทโทรสไลท์บราวน์ซอฟต์ชูการ์ 500กรัม	Waitrose					
5000169410806	Spiced mince pies	Waitrose					
5000169586235	เวทโทรสบิสกิตเคลือบซ็อกโกแล็ต	Waitrose					
5010251558071	stuffed crust	Morrisons					
5010482908133	Harry Ramsden's 500 g	Harry Ramsden's	125				
5010482942861	Zing Mini Chicken Breast Fillets	Iceland	100				
5014271420622	All-natural French Prunes	St Dalfour					
5017601039778	Organic Gluten-free Jumbo Oats	Suma	100				
5030756000110	Pukka	Pukka					
5030756006402	Pukka	Pukka					
5031439021019	เพนเตทเพรทเซลรสซาวครีมไช						
50427369	Whipped Cream	Anchor	12.5				
5050713508848	Green Curry Paste	Mae Ploy					
5052197050783	ดูเร็กซ์ แอรี่						
5060861280114	Extra Virgin Olive Oil	Onsuri					
5070003148417	Altimate Nutrition Cricket Protein Bar	Proothie	40				
5099466105669	ช็อกโกแลตสอดไส้ครีมและช็อกโกแลตรสคาราเมลส์ - 100 g	Butlers	100				
51620264	Smoked Bacon Silced	Butcher Choice	50				
56356247000499	Happy day gummies						
5702150151063	Lexapro 15 mg						
5707446502031	แยมส้ม fynba						
5858072603804	Mixed nuts Natural toasted & UnSalted	Nut Walker	30				
5900397756168	à la Kruche ze śliwkami	Łowicz	100				
5901947667378	Budyń proteinowy o smaku waniliowo-śmietankowym	KFD	26				
5904215144021	Pizza margherita	Auchan	300				
5904215163893	Kasza manna	Auchan					
5904277119333	Instant coffee	Noble Essence					
5905858673534	Chocto wafel	Choctopus	80				
6001605005258	Centrum Active Dietary Supplement	Centrum					
6046999079959	น้ำขวด						
6068824087847	Creme Filled rolled wafers	Pirouette	25				
6291011060891	Chocolate-date almond vegan	Chocodate	12.5				
6481340733850	ไวโอเลต เวอเฟอร์	Violet	33				
6520065660026	น้ำพริกนรกแมงดา เชฟยิ้ม						
6616694513302	นักเก็ตดับเบิ้ลชีส						
6744508024161	เบียร์สิงห์						
68615782	คนอร์ คัพโจ๊ก หมู						
6887569817195	mochi lay	Mochi	130				
6901036886115	เต้าหู้ยี้	เซี่ยงไฮ้	10				
6901180932218	Sweet time Tiramisu Sandwich Biscuits	Jia Shi Li					
6901180988611	Happy Fish Biscuits (Tomato)						
6914973002838	Oat Dark Chocolate Bar, Less Sugar	Snickers	19				
6914973603547	เอ็มเอ็ม						
6921101244145	Strawberry ​Nougat Crisp	larbee					
6922833028744	Cheddar Cheese Ball	佳品 ®	100				
6923250618877	เอ เทสท 108 g	เอ เทสท	30				
6924187846852	ชาช่า 40 g	ชาช่า	40				
6924187846883	chacha รสดั้งเดิม						
6925425477937	Trolli (Nite Crawlers)​	German Wholly Owened Enterpris					
6926450601786	Matcha Chocolate ​cookkies	Pick-me brand					
6926651174805	Sunflower Seed	Hosenji	100				
6930397103067	ZHENG​ WEN​ (instand ​glass​ noodle​ original flavor)​	ZHENG​ WEN​					
6930397103074	ZHENG WEN (instand​ glass noodle mala flavor)​	ZHENG WEN					
6936756234878	Biobor Activve Probiotic Gummy Bears กลิ่นบูลเบอร์​รี่						
6936756234939	Biobor						
6937298321309	โอทาโกะซุปไข่ผสมผักรวม						
6937298366836	โอทาโกะซุปไข่ผสมผักโขม						
6937351708948	ชาช่า 40 g	ชาช่า	40				
6937351708979	ชาช่า 40 g	ชาช่า	40				
6940188820790	Crab Row Flavor Sunflower Seeds	Makro	18				
6941499300254	Poye poye 10 g	Poye poye	40				
6942381600032	Châtaignes	Nature’s Best	30				
6946431800267	Tortilla Cheese Chips	Mission	30				
6947929611631	Frannzi	Sandwich Taro	100				
6948433000492	Chan pui mui dried plum 380 g	Chan pui mui dried plum	28				
6964450656269	Siracha Hot Chilli Sauce	Lucky Family	100				
6970296600762	Hawthorne chip	Jinye					
6971272801302	Ian Mei Li Guo	Zong Xiang Foods	100				
6971295941252	Lava Omelet with Cheese Flavour	Ba Bao Li	100				
6971605181118	ทิชชูเปียกแอลกอฮอล์ 80 แผ่น						
6972187464507	Chicken Breast (Barbecue Flavor)	Mr. Kangaroo	50				
6974854975019	Soy Milk (unsweetened)	Dou Soul	200				
6975497180044	ฟองเต้าหู้	จีน					
6977263290247	Seaweed Snack	Chinese	100				
7315120009691	Munsbit Roasted And Salted Almonds	IKEA	60				
7394376619816	Oatly Chocolate	Oatly	100				
7610400060943	Lindt LINDOR	Lindt					
7610400987318	Lindor	ลินด์	100				
7610700004623	4001877 ริโคลา กลาเซียร์เฟรชมินต์ 17.5 ก.						
7612100064528	โอวันติน						
7613033438684	Latte Macchiato - 194.4 g	Nescafé	24.3				
7613036941266	STARBUCKS 129.0 g	STARBUCKS	21.5				
7613287238764	3402187  เนสเล่ครันทรี่โอ๊ต						
7622300073589	โอรีโอ เวเฟอร์โรล ช็อกโกแลต	โอรีโอ	27				
7790100003782	อกไก่ปั่น Ginzy To Go	Ginzy	250				
7790100003799	Chicken Breast Drink	Ginzy	250				
7790100003805	Organic Chicken Yoghurt Berry	Ginzy	250				
7790300000055	อกไก่ปั่น	Ginzy	500				
7850186110412	Whole Wheat Bread	Farmhouse	50				
7851885200688	UHT Soy Milk With Extra Black Sesame Low Sugar	Dutchmill	180				
7851957350747	BIO C						
7852008708005	Tuna In Japanese Soup	Sealect	100				
8000500005026	ferrero rocher	Ferrero	25				
8000500180725	ช็อกโกแลตรวมรสเคลือบเกล็ดช็อกโกแลตและเคลือบเกล็ดมะพร้าวสอดไส้ครีมเฮเซลนัทและสอดไส้อัลมอนด์	Ferrero Rocher	37				
8000895007339	[Only one image]	Sapori					
8001200139028	เส้นสปาเก็ต	Agnesi					
8002920366756	Polpa di pomodoro	GustoBello					
8003340806457	Praliny mleczne Lindor	Lindt	12.5				
8008245004236	ชอคโกวิลล์ เฮเซลนัทบดผสมโกโก้ 350 ก.						
8053904630943	Vermicelli noodle	AsiaTica BIO	100				
8053904631124	Organic brown rice noodle	AsiaTica BIO	200				
8250261778688	2900016 แลคตาซอยหวาน						
8251079030708	Collon Matcha [no image]						
8251959795079	โคคาโคล่า ซีโร่	Coco-cola	300				
8252082131390	สลัดพร้อมครีมสลัดวาซาบิผสมไก่	คิวพี	165				
8282056707702	To be deleted						
8410495541056	TURRÓN DE AGRAMUNT AVELLANA	TORRONS Vicens	100				
84110060	Marks & Spencer 250 g	Marks & Spencer	100				
84110077	M&sบีสกิตเคลือบช็อกนม300ก.	Marks & Spencer					
84110084	M&Sบิสกิตเคลือบช็อกโกแล็ต300ก.	Marks & Spencer					
84110213	ลูกเกตเคลือบช็อกโกแลตนม	Marks & Spencer	31				
84111135	สวิส ช็อกโกแลตดาร์คช็อกโกแลตเมาเท่นบาร์	Marks & Spencer	40				
84119094	ขนมปังอบกรอบผสมข้าวโอ๊ต - 300 g	Marks & Spencer	24				
8413814018352	Popcorn: Extra Butter Flavor	Mr Bop	100				
84156143	ทอฟฟี่ เอลซอร์ทเม้นท์	Marks & Spencer	100				
84157157	Toffee chocolate eclairs - 200 g	Marks & Spencer	100				
84167415	M&sบิสกิตช็อก	Marks & Spencer	29				
8424536938446	Aceite Font Oliva						
84451293	Marks & Spencer	Marks & Spencer					
84517975	Marks & Spencer 300 g	Marks & Spencer	30				
84527547	แกริบอลดิ บิสกิตส์	Marks & Spencer	29				
86243056	Potato Chips - Chili	Fair aprice					
86438674	Marks & Spencer 200 g	Marks & Spencer	29				
8650100121017	Tom Klong Instant Noodles	Quick	60				
8681763380527	Whey Protein Chocolate	Supplementer	30				
8690770320150	ยีสต์						
8691216090460	Haribo fruity basket	Haribo	30				
8691216098121	เยลลี่ฮาริโบะ						
8721264890122	Cheddar White	Daily Dairy					
8760283813828	เต้าหู้ยี้						
87749823	Marks & Spencer 150 g	Marks & Spencer	100				
8801051815399	Cushion Foundation	The History of Whoo					
8801052017945	แป้งทอดกรอบเกาหลี						
8801073116962	Tangle Creamy Mushroom	Samyang	52				
8801073142466	JJAJANG	Samyang					
8801117655204	Potato Chip (Triple Pepper)	Orion	60				
8801128508858	틈새라면	팔도	120				
8801155741877	동원F&B 275 ml	동원F&B	275				
8801207158219	Protein Drink Cereal Flavour	Lotte	250				
8801767340420	Zero Sugar Earl Gray Blend	Nok Cha Won	10				
8806706034477	ยาชาทันตกรรม 2%						
8809018212328	โซจูเดะ นันดา ไอศครีม						
8809022201479	เม็ดมะม่วงหิมพานต์อบรสเนยน้ำผึ้ง	HBAF	30				
8809048411890	Intensive Cream MD	Zeroid					
8809237070204	hi						
8809260947368	Pretzel Tteokbokki	Samjin	35				
8809514642834	Pomegranate Collagen S	BB Lab	20				
8809588770013	YOUUS 729 g	YOUUS	729				
8809617948147	Dried Sweet Potato	Hbaf	60				
8809672283405	Mask bemlises						
88124971	Marks & Spencer 150 g	Marks & Spencer	100				
88124988	Marks & Spencer 150 g	Marks & Spencer	38				
8829893916074	Egg						
8850002013629	KODOmo).						
8850002023390	kirei kirei	Lion					
8850002032866	comfort						
8850002035942	Shokubutsu Monogatari Limited						
8850002804890	Ghh						
8850002807341	kodomo	Kodomo					
8850002807457	potra kodomo zard						
8850002851641	ครีมอาบน้ำโชโกโบสุ						
88500031921396	lucky Fz						
8850003800075	Cooked & Peeled Shrimp	Shore Mariner					
8850004097054	Frosty						
8850004099041	mango drink	Bonko					
8850005014272	Anans	Suntropic	100				
8850006272015	ยาสีฟันคอลเกตริ้วใส						
8850006321133	colgate great regular flavor	colgate regular flavor					
8850006322918	colgate peppermint	colgate peppermint					
8850006325049	colgate triple action mint	colgate					
8850006327357	Oral Care	Colgate					
8850006342213	Colgate Minion Kids 40GR	Colgate					
8850006342312	Colgat Pro Breath Health						
8850006342893	colgate active salt	colgate					
8850006590379	tender care powder (p) 50g						
8850006605189	แป้ง						
8850006930977	ยาสีฟันคอลเกต kids						
8850006933732	Eco Nature Dishwashing Liquid						
8850006933930	Ajax eco multipurpose wipes						
8850006937570	Colgate						
8850006939550	COMPLETE Instant Degreaser						
8850006939727	น้ำยาบ้วนปาก	Colgate					
8850006940969	Tender care						
8850006940976	tender care powder (pp) 50g						
8850006941362	tender care pump						
8850006944257	ยาสีฟันคอลเกต						
8850007012504	Gohnsonis						
8850007061656	lotion						
8850007372882	Napkin	Modess					
8850007814290	listerine mouthwash cool mint	listerine mounthwash					
8850007814382	listerine total care	listerine mouthwash					
8850011053784	Mochi Boba	Nestle	50				
8850011054316	Extreme Nana vanilla	Nestle	65				
8850011054514	ไอติม						
8850011054712	Moji Brown Sugar	Nestle	50				
8850011055375	Milo 3 in 1 sachet	Nestle	23				
8850011059090	Cookie Cereal	Koko Krunch	30				
8850011060713	เนสกาแฟ ชงแพคใหญ่						
8850011061178	2901118 ถั่วเหลืองไมโล พ.4						
8850011066029	ไมโลสูตรหวานน้อย						
8850011066258	2906642 เนสวีต้าดั้งเดิม						
8850011066265	2901143 เน็ตวิสตาดั้งเดิม พ						
8850011066302	2901140 เนสวีต้าโกจิ						
8850011066319	2901141 เนสวีต้าโกจิ แพ็ค						
8850011066715	KitKat Ice cream w/ choc flavoured coating and wafer	Nestle	65				
8850011074123	Honey Milk Flavoured Ice Cream	Nestle	58				
8850011075984	Fancy Feast 85g Makanan Kucing	Fancy Feast					
8850011076028	CAT FOOD WET CLASSIC SAVORY SALMON 85GR	Fancy feast					
8850011076721	Gold Créma	Nescafé	210				
8850011077438	Berat Bersih/ Net Weight: 850g						
8850015070466	Кукуруза						
8850016070052	Imitation Crab Stick	tvi					
8850016075439	Fish Noodle	Tvi	100				
8850016085001	ลูกชิ้นปลา	ทีวีไอ					
8850016180508	TVi						
8850016195007	Thai fish cake	Tvi	50				
8850016295028	Shrimp Chip	Mae Cheng	50				
8850016660024	Seafood bowl 1kg	TVI	50				
8850016880804	Coconut water with pulp						
8850016990299	Cuttlefish ball	Freshasia	100				
8850023160333	Kooky banana	Kooky	25				
8850024101267	เอนฟาโกร A+ จืด						
8850024103599	Handmade Noodles	Myself!	100				
8850024109256	เอนฟาโกรเอพลัสซูพีเรียร์ 360ดีเอชเอเอ็มเอฟจีเอ็มโปร3 180มล. แพค 24						
8850024800887	เอนฟาโกร เอพลัส3						
8850025000637	Unsweetened Soy Milk	Home Soy	200				
8850025001337	Pressed Coconut Water	UFC Refresh	250				
8850025001344	Pressed Coconut Water	UFC Refresh					
8850025010025	4s ufc						
8850025062024	Oat Milk Drink	Velvet	180				
8850025062109	bariatrics						
8850025071101	Ufc chocolate coconut mi	Ufc	250				
8850025072009	Watermelon water	UFC	1000				
8850025073129	นมมะพร้าว ชอค	Ufc	180				
8850025124616	เงาะในน้ำเชื่อม	UFC					
8850025130068	terra pak						
8850025200020	Ufc ซุปฟักทอง						
8850025326416	Bean sprout	Ufc					
8850025331618	ซุปข้าวโพด	UFC	200				
8850025332417	Whole young corn						
8850025335708	เต้าเจี้ยว						
8850025335913	เต้าเจี้ยว	UFC	15				
8850025517364	Refresh	Ufc					
8850025524362	รีเฟรช	UFC	315				
8850025551122	น้ำแครอทผสมผลไม้รวม	Chooze	200				
8850025552129	น้ำผักผลไม้รวม	จุซซี่					
8850025553126	น้ำผักและผลไม้รวม	Chooze	200				
8850025555120	น้ำทับทิมผสมน้ำผลไม้รวม 100%	ชูส	200				
8850026200067	Sardine						
8850026208285	Mackerel marina		85				
8850026216075	Freeze dried jackfruit						
8850026216815	Plant-Based Original Spice Jerky	Meble					
8850026216822	Plant-Based Original Spice Jerky	Meble					
8850026216839	Plant-Based Beef Jerky	Meble					
8850026216846	Plant-Based Beef Jerky	Meble					
8850026216884	Probiotics Dehydrated Mango	Meble					
8850026216938	Probiotics Dehydrated Mango	Meble					
8850026216945	Probiotics Dehydrated Mango	Meble					
8850026216952	Probiotics Dehydrated Mango	Meble					
8850026600041	Plant Protein	The Merry Nutrition	52.5				
8850026600072	PLANT PROTEIN	The Merry Nutrition					
88500266000793	Plant protein	Merry	52.5				
8850029033044	นีเวียดิวอี้ซากุระไวท์โลชั่น						
8850029801056	นีเวียครีม						
8850030001780	Lobo Tom yumpaste						
8850030005030	Satay Sauce						
8850030005047	satay gewürz						
8850030005788	Aka miso soup powder	Lobo	10				
8850030006655	Black pepper sauce	Lobo					
8850030020071	Süß saure Soße						
8850030030285	Mango flavour agar desser mix						
8850030031305	Spicy Shrimp Paste Sauce	Lobo	20				
8850030031640	Fried chicken lemongrass						
8850030032340	Pad Thai Meal Kit	Lobo	110				
8850030032449	panko						
8850030033835	Yellow curry paste						
8850030035457	Chow Mein Sauce Mix	Lobo	30				
8850030100018	Nam powder						
8850030110710	Lobo	Lobo					
8850030110765	LOBO SPICY CHICKEN IN RICE SEASONING MIX						
8850030111236	เครื่องปรุงอบหม้อดิน	โลโบ					
8850030112363	LOBO POTTED SEAFOOD						
8850030118242	Thai Flowers Flavour Agar Dessert Mix	lobo					
8850030161804	Kaeng Lieng Seasoning Mix						
8850030165000	Hühnersuppenpulver indisch						
8850030166496	Curry Paste Northern Thai Stew						
8850032161017	Rice cracker (Naniwa mix)	Hadson Trading Company	30				
8850032161024	Japanese rice crackers						
8850032161031	Mixed Rice Crackers						
8850035000214	ผักกาดดองกระป๋อง						
8850035000221	Pickled Mustard Green	Double Pigeon Brand					
8850035000313	Pigeon Brand Fermented Mustard Green Size 230 G.						
8850035081343	Senfkohl eingelegt	Piceon Brand					
8850035203097	Lychees	Pigeon	141.7				
8850035210316	ลำไยในน้ำเชื่อม	พีเจี้ยน	140				
8850035220230	Angel brand rambutan						
8850035804003	ผักกาดดองเค็ม ฮั่วน้ำฉ่าย (สูตรลดโซเดียม)	Pegeon	20				
8850035808100	ปลากระป๋อง	นกพิราบ	155				
8850037400005	Sauce huitre		100				
8850038500049	น้ำส้มสายชู						
8850043131559	Khak shong roasted green peas						
8850043331379	Chili’n Lime Crispy Peanuts						
8850043333342	Almonds & Walnuts with Freeze Dried Bananas	khao shong	28				
8850043333458	Almonds & Granola with Veggie Crisps	Khao Shong Nuts Select	28				
8850043334851	Coconut Flakes Coated Cashews	Khao	30				
8850043337586	Roasted Almonds	Pioneer Farms	30				
8850043337739	Thai spicy broad beans	Khao shong nuts	28				
8850043338538	Coconut Flavored Coated Peanuts	Chao Shong Nuts	28				
8850044631263	Sugar flakes						
8850044872253	tuna chunks	adma					
8850045113249	Sweet Chilli Sauce	Classic Thai					
8850051016855	[Only one image]						
8850051018255	Cornsnack		29				
8850051019511	ขนมข้าวโพดอบกรอบตราเซเว่น รสซุปข้าวโพดญี่ปุ่น						
8850051019535	ขนมข้าวโพดอบกรอบตราเซเว่น รสข้าวโพดเข้มข้น	7 Select					
8850051023815	บะหมี่ชามกึ่งสำเร็จรูป รสต้มยำกุ้งน้ำข้น	Cooking Town	60				
8850051025963	Baked Cuttlefish	Snack Town	30				
8850051025987	Rolled Cuttlefish	Snack Town	25				
8850051026793	กช้วยหอมทองแพ็ค						
8850051073995	snack town	snack town					
8850058000352	Thai Tee						
8850058000369	Chili Paste With Soya Bean Oil	Pantai					
8850058000451	Shrimp Paste With Soybean Oil	Pantai	15				
8850058000871	Fish Saus	Pantai					
8850058001601	Instant Tom yum Paste	Pantai					
8850058002400	Instant Tom Yum Paste	Pantai	18				
8850058003018	Pantai CHILI PASTE 3 kg						
8850058003209	Sweet chilli sauce for chicken						
8850058003254	น้ำจิ้มบ๊วยเจี่ย	พันท้ายนรสิงห์					
8850058004138	Pantai Cantonese suki suce	Pantai					
8850058004336	sweet chili sauce	Pantai	100				
8850058004657	Sweet Chili Sauce	Pantai					
8850058004831	น้ำจิ้มสุกี้ กวางตุ้ง ขวดใหญ่						
8850058004992	Currypaste, grün	Pantainorasingh					
8850058005012	Yellow curry pasta						
8850058005227	Spring Roll Sauce						
8850058005296	Rice Stick 5 mm	Pantai					
8850058005814	Sogar Bean Curd						
8850058005821	Pantai soy bean curd sec suki						
8850058005937	Sweet chili						
8850058006507	Pantai						
8850058006637	Spring Roll Sauce	Pantau					
8850058006651	Light Soy Sauce	Pantai Norasingh					
8850058006699	Plum Sauce	Pantai					
8850058007009	Green Curry Paste	Pantai	15				
8850058007054	Curry paste						
8850058007177	Chili-Paste	Pantai					
8850058007801	น้ำจิ้มสุกี้พันท้าย						
8850058008327	Shabu Suki Sauce						
8850058008419	Pantai, Teriyaki Sauce With Garlic	Pantainorasingh Manufacturer C	18				
8850058009980	Sriracha chili sauce						
8850058010801	Weswan Sriracha Hot Chilli Sauce	Weswan	15				
8850060110018	Zitronengras						
8850060110230	Thai Chili						
8850060110247	Piment vert						
8850060111053	Enoki Pilze						
8850060524556	Soft dried mango						
8850060700264	dried butterfly pea						
8850060777631	Reisnudeln	CHANTABOON					
8850060777648	Reisnudeln						
8850060777662	Reisnudeln						
8850069382058	Iodized Salt						
8850069430070	Sel de table						
8850076922018	ซีเฟรนด์ ดั้งเดิม						
8850076922025	ซีเฟรนด์ ผสมน้ำมันมะกอก	Oreo					
8850078199999	ทวิสต์	ทวิสต์	43				
8850080737837	Cutepress သခွား						
8850080742503	Cutepress ခရမ်းချဥ်						
8850080755664	Cutepress powder						
8850080755671	Cutepress powder01						
8850081510019	Mackerel in tomato sauce [Only one image]	TCB					
8850085592023	lucky fhis fz						
8850086135606	โอวัลติน	โอวัลติน	20				
8850086141676	โอวันติน		100				
8850086150241	คุกกี้โอวัลติน						
8850086150401	Ovaltine Zero แบบชง	Ovaltine					
8850086161254	โอวัลติน						
8850086161711	โอวัลตินสมาร์ทวนิลา						
8850086164347	ovaltine 434 g, 14 sachets	ovaltine	31				
8850086165955	Ovaltine 3 in 1	Ovaltine TH	29				
8850086194450	Ovaltine						
8850086214035	Ovaltine [Only one image]	Ovaltine	400				
8850086239007	3 in 1	Ovaltine	33				
8850086250200	Ovaltine		20				
8850086250224	Susu Ovaltine						
8850086434952	Ovaltine All In One	Ovaltine	20				
8850086450181	Ovaltine	Ovaltine					
8850087081032	Volume Hair Plus Zwart Verdikkende Haarspray						
8850087081049	Volume Hair Plus Donker Bruin Verdikkende Haarspray						
8850087081056	Volume Hair Plus Midden Bruin Verdikkende Haarspray						
8850087900524	Granola bars						
8850088000438	Smiling  fish mackerel fried mackerels in chilli sauce	Smiling fish	85				
8850088000490	Smiling fish sardines in tomato sce						
8850088003798	smiling fish						
8850088004030	Mackerels in Tomato Sauce	ปุ้มปุ้ย					
8850088200067	Smiling Fish Fried Fish W/ Chilli						
8850088204140	Makrele Tom Yum Soup	Smiling Fish					
8850088300088	Smiling Fish Mackerel In Chilli Sauce						
8850088400009	Smilling Fish Fried Baby Clam						
8850088400061	Smiling Fish Crispy Baby Clam						
8850088601024	Pumpui 30 g	Pumpui	30				
8850088816626	ไก่จิ้มแจ่ว ตราปุ้มปุ้ย - 85g	ปุ้มปุ้ย	85				
8850088825307	ปลาแมคเคอเรลผัดพริกขิง	Pumpui					
8850092821500	น้ำกระเจี๊ยบ	ไอวี่	250				
8850092823351	น้ำมะตูม	ไอวี่	350				
8850094737021	Haarschampoo	Tiara					
8850096148535	cranberries	Heritage					
8850096170079	Dry Roasted Pumpkin Seeds	Heritage					
8850096170802	Dried Cranberry	Heritage					
8850096170864	ลูกพรุน						
8850096170970	พีแคน						
8850096210034	アーモンドキャラメルポップコーン	ワンダーパフ	100				
8850096310574	Nuttie granola	Nature’s sensation	30				
8850096340427	Dried Blueberries	Nature's Sensation					
8850096350204	Natures sensation						
8850096350280	Dried ginger [No image]	Nature’s sensation	30				
8850096350471	Sensation California​ Pitted Prunes	Sensation					
8850096750011	Sunkist p walnuts dr&ls 120g						
8850096818551	Almond Breeze Almond Milk - Matcha	Blue Diamond	180				
8850096820028	Cashews Roasted	Blue Diamond	30				
8850096830157	Mixed nuts						
8850096844512	Almond Breeze Almond Milk Unsweetened Original	Blue Diamond Almonds	180				
8850096848527	Almond Milk Vanilla Flavor	Blue Diamond	180				
8850096848541	Almond Breeze Almond Milk - Latte	Blue Diamond	180				
8850096860093	Almond salt	Blue Diamond	30				
8850096870115	Smokehouse Almonds	Blue Diamond Almonds	30				
8850096870153	Mixed Nuts	Blue Diamond					
8850096870177	Almonds: Dark Chocolate Flavor	Blue Diamond Almonds	20				
8850096920155	Nut walker mixed nuts						
8850096920292	Peanuts Barbecue						
8850096940016	Peanuts Honey	Nut Walker	45				
8850096940023	Cashew Nuts Roasted Salted						
8850096940078	NutWalker Pumpkin Seeds						
8850096940214	Peanuts Roasted & Salted	Nut Walker	50				
8850096940368	Cashews	Nut Walker	35				
8850096940580	Cashews, Thai Lime	Nut Walker	35				
8850096970679	Deluxe Roasted & Salted Mixed Nuts	Nut Walker	30				
8850096980302	Mixed nuts	Nut walker					
8850096980678	Mixed Nuts Deluxe Roasted & Salted	Nut Walker	30				
8850097117196	LOBAK JERUK THAI						
8850097140392	Fried garlic	Savepak					
8850097189438	Lemon Juice (lime)		10				
8850100000002	Noodles chicken flavour	Wai wai	60				
8850100002501	Nouilles instantanées saveur porc	Wai Wai					
8850100002976	serda						
8850100003584	Chilli pas te Tom hum flavor						
8850100005212	SERDA CREAMY TOM YUM						
8850100005366	Nouilles chinoises poulet curry	Wai wai	60				
8850100005977	Serda cream tomyum cup						
8850100006011	Quick กุ้งนึ่งมะนาว	Qiuck Zabb	55				
8850100007278	serda tomyam shrimp						
8850100008336	Soupe asiatique	Waiwai	60				
8850102111058	Waiwai orientation style noodles						
8850112010990	Litschi Nektar						
8850112113615	dried squid	เต่าทอง	11.5				
8850112501122	Seasoned Shredded Squid	Ladybird	40				
8850114011117	Black Pepper						
8850120990154	Moniegold Tamarind						
8850122334154	แป้งมันสำปะหลัง นิวเกรด						
8850122344153	แป้งข้าวเจ้าตรานิวเกรด						
8850122354152	แป้งข้าวเหนียว นิวเกรด						
8850122384609	นิวเกรดสาคูเม็ดเล็กสีเขียว						
8850122394158	Graine tapioca		100				
8850122401061	Instant Rice Noodles - Crab Curry	Double Dragon	55				
8850122401092	mama Nudeln	quidiu					
8850122401184	เส้นเล็กต้มยำโบราณ	มังกรคู่					
8850123110245	ขนมปังชนิดแผ่นผสมวิตามิน	ฟาร์มเฮ้าส์	48				
8850123110320	ขนมปังผสมลูกเกด	ฟาร์มเฮ้าส์	33				
8850123120411	Pocket Pizza Hawaiian pink Sauce	Farmhouse	80				
8850123125027	ขนมปังไส้หมูหยองน้ำสลัด	ฟาร์มเฮ้าส์	60				
8850123130212	Burger bun wit sesame seed [only one image]	Farmhouse	53				
8850123130410	BUTTER BREAD	ฟาร์มเฮ้าส์	46				
8850123170102	Bread crumbs	Farmhouse	100				
8850123390029	Cake Roll Vanilla Flavoured	Farmhouse					
8850123390050	Cake roll	Farmhouse	60				
8850123392016	Cookies Fruit Flavoured [only one image]	FarmHouse	10				
8850123397011	ฟาร์มเฮ้าส์	ฟาร์มเฮ้าส์	45				
8850124022028	Kit Kat	Nestlé					
8850124030832	Low Fat Evaporated Milk	Carnation					
8850124033697	เนสท์เล่ 165 ml	เนสท์เล่					
8850124036551	Red Velvet Dark Chocolate Ice Creame	Nestle	75				
8850124037916	นมข้นหวานคาร์เนชัน	คาร์เนชั่น	15				
8850124038593	Kitkat Ice Cream	Nestle	50				
8850124041524	เนสท์เล่ 140 ml	เนสท์เล่	140				
8850124042323	Ce Cream THAI TEA	7-11	53				
8850124042934	Jolly Lychee Lychee Flavored Frozen Dessert	Nestlé					
8850124045027	Kit Kat Dark Ice Cream Bar	Nestle	65				
8850124070043	Butterbeer Flavoured	Nestle Extreme					
8850124071828	เนสกาแฟริชอโรม่า						
8850124083029	เนสกาแฟชงสำเร็จรูป						
8850124096593	Partita 5 Wonder Fruits	La Frutta	57				
8850124098368	เนสกาแฟเอสเพรสโซ่โรส						
8850125006959	เนสท์เล่	เนสท์เล่	61				
8850125009813	เนสเล่ 70 g	เนสเล่	70				
8850125069923	Nescafe	Nestle					
8850125071476	Partymix catfood clasic						
8850125073036	frisky						
8850125073166	fiskas						
8850125073364	Instant Coffee	Nescafe					
8850125075481	NesVita	Nestlé					
8850125077324	เนสกาแฟ เอ็กซตร้าริช	เนสกาแฟ	180				
8850125089679	เนสวิต้า	Nesvita	23				
8850125091511	2900499 ตราหมีเอนลิสต์เมาส์						
8850125093720	อเมริกาโน่ ไม่หวาน	เนสกาแฟ					
8850125095687	Milo	Nestlé					
8850126002318	หมีUHT ผสมน้ำผึ้งแท้						
8850127002300	ไมโล	Nestlé					
8850127003505	เนสวีต้าดั้งเดิม 12 ซอง						
8850127004397	Nescafe Blend & Brew						
8850127004410	Blend and brew	เนสกาแฟ	17.5				
8850127006827	PURINA FIFST GRIL TUNA 85GM						
8850127008241	Mango Flavour Coconut Cream Frozen Confection With Mango Sauce	Nestlé	55				
8850127008777	CoffeeMate	Nestle’	180				
8850127009538	F/fst LIVER & CHICKEN FEAST IN GRAVT						
8850127009767	Oreo Cone	Oreo	70				
8850127010039	Mini Oreo Ice Cream	Oreo	38				
8850127010190	Coffe mate	Nestle	100				
8850128030111	phuntsokLama						
8850130002472	Captain Fisher CRAB StiCKS						
8850134106138	RAMBUTAN IN SYRUP	ARO					
8850134301618	รถม้ากระเทียมดอง						
8850134306057	กาน่าฉ่าย	แม่จินต์					
8850134508017	Thai Green Curry						
8850135507125	orange juice						
8850135507620	Strawberry Flavoured Fruit Drink Brand Future						
8850135880143	Organic Riceberry Rice Cereal		35				
8850138020706	Cinnamon capsule						
8850144005025	Sandwich Spread Chicken Ham Flavour	Best Foods					
8850144023067	Margarine	Best Foods					
8850144074038	Knoor Corn flour	Knorr					
8850144080404	Nestle Coffee Mate Light	Coffee-Mate					
8850144102021	ผงฟู เบสท์ ฟูดส์	Best Foods					
8850144201564	พีนัตบัตเตอร์	สกิปปี	15				
8850144201793	Knorr	Knorr					
8850144203100	มาร์การีน	เบสฟู๊ด	14				
8850144206583	คนอร์ซุปก้อนรสไก่	Knorr					
8850144208099	ผัดไทยวังทองครัวคุณเขียว						
8850144208211	โจ๊กต้ม รสหมู	Knorr					
8850144208310	แกงส้ม	คนอร์					
8850144211754	Knorr	Knorr					
8850144215783	ALBAS FISH						
8850144221210	[Only one image]	Knor					
8850144222798	Chicken seasoning powder	Knorr					
8850144224136	ซุปก้อนรสไก่	Knorr					
8850144224235	Hot Meals  Arroz Caldo Mix	Knorr					
8850144224242	Knorr Porm Congee	Knorr					
8850144224754	Knorr aroy sure	knorr					
8850144224761	All-In-One Pork Flavor	Knorr					
8850144225348	Oyster Sauce	Knorr	100				
8850144225645	คนอร์ ซุปสุกี้-ชาบูก้อน						
8850144226857	Cup pasta spinach cheese	Knorr	55				
8850144229322	Brühwürfeln Thailändisch						
8850144230755	Knorr Beef Goto Mix						
8850144232544	Instant Jasmine Rice Porridge Egg Cheesy Flavor	Knorr Big Cup Jok	45				
8850144233053	Big Cup Porridge Carbonara Cheese Bacon Flavor	Knorr	45				
8850144233220	Mashed Potatoes	Knoxx	26				
8850144847625	ข้าวต้ม รสหมูเห็ดหอม	Knorr					
8850150600573	เมล็ดทานตะวัน		30				
8850151951414	Mali	Mali					
8850151951629	ผลิตภัณฑ์นมเข้มข้นหวานปราศจากไขมัน	มะลิ	20				
8850151951735	Condensed Oat Milk	Mali	15				
8850153332006	Sardines in concentrated tomato sauce	Three Lady Cooks	95				
8850153333089	ปลากระป๋องสามแม่ครัวแมคโคเรล						
8850153333713	แกงเขียวหวานไก่สามแม่ครัว						
8850153533090	Sardines In Tomato Sauce	สามแม่ครัว	77				
8850154020186	เอ็มเมอรัล 1L	เอ็มเมอรัล	15				
8850154020346	EMERALD 1000 ml	EMERALD	15				
8850154020414	Canola Oil	Golden Drop Sunbeam	15				
8850154020452	มรกต 1000 ml	มรกต	15				
8850155000873	Chocolate milk	C-light	240				
8850155001177	Cookies and cream milk	C light	240				
8850155012067	Manora uncook prawn chip 1kg						
8850155013088	มโนราห์ไลท์	มโนราห์	30				
8850155021045	Meridian chips						
8850155021120	Manora Fried crab chips	Manora	30				
8850155111029	Taro chips manora	Manora	15				
8850155200778	ฟีบัสโรล ข้าวเกรียบรสข้าวเกรียบรสข้าวโพด	มโนราห์					
8850157102186	jele 150 g	jele	150				
8850157102681	Beautie L carnitine vitamin C	Jele					
8850157103671	Jele double Jelly	jele	125				
8850157106757	3802625 เจเล่เนสทับทิม  11 ชิ้น						
8850157107433	jele fresh blueberry						
8850157107938	JeLe Double Jelly Ice Brand 80 g	JeLe Double Jelly Ice Brand	80				
8850157109512	Jele chlorophyll rose extract	Jele	50				
8850157110587	Hero boy jelly						
8850157400244	เบนโตะ						
8850157400572	เบนโตะ ปลาเส้น รสบาร์บีคิว						
8850157400909	เบนโตะ ปลาเส้น รสหมึกย่าง						
8850157401340	Squid Seafood Snack	Bento	18				
8850157402217	Squid Seafood Snack	Bento	20				
8850157402231	Squid Seafood Snack						
8850157404716	ปลาเส้นรสชิลลี่บาบีคิว	เบนโตะ	20				
8850157404846	Bento-XTra Long	Bento					
8850157405300	Thai Roast Squid (Chili Sauce)	Bento					
8850157405331	BENTO SQUID HOT AND SPICY	Bento	18				
8850157405614	Bento X-tra Long Hot & Spicy						
8850157405966	Bento squid Seafood snack sweet&Spicy (red)						
8850157406093	Squid Seafood Snack Flavor Roasted Chilli Sauce Grill Squid (Squid Mixed Surimi)	Bento	36				
8850157406703	Bento	Bento	4				
8850157406765	Squid Seafood Snack (Squid Mixed Surimi) Spicy Korean Flavor	Bento	18				
8850157406819	เบนโตะ โคชูจัง						
8850157406840	Bento gochujang sauce	Bento	18				
8850157407298	Crispy Squid Seafood Snack Sweet And Spicy Flavor	Bento Max	15				
8850157407564	bento curry crab						
8850157407571	Bento drumstick sweet and spicy						
8850157407946	Squid seafood snack roller thai classic chilli flavour (Squid Mixed Surimi) (Bento Brand)	Bento					
8850157408622	Squid Seafood Snack (Squid Mixed Surimi) Barbeque Cheese Flavour	Bento	18				
8850157408813	Koong Groob, Shrimp-shaped Mala Konjac Snack, Garlic Flavour	Tako					
8850157409056	Crispy Squid Seafood Snack BBQ Cheese	Bento Max	15				
8850157409490	Squid seafood snack roller japanese style soy sauce flavour	Bento					
8850157500722	ช๊อคกี้ ช็อกโกแลต						
8850157500784	ช๊อคกี้ นม						
8850157500968	ช็อคกี้ เนย						
8850157511650	ขาไก่โลตัส แดง						
8850157515399	Drumstick snack	โลตัส	24				
8850157516457	ขนมขาไก่ ทรงเครื่อง	lotus					
8850157518215	Wafer Filled With Shibuya Honey Toasted Flavor Cream	Chocky	40				
8850157526838	Drumstick Squid	Dorkbua Brand	27				
8850157529204	Crispy Chicken Skin Larb Flavour	Dorkbua	30				
8850157529532	Lotus Crispy Fried Sheet	DORKBUA					
8850157529594	โลตัส chispy fried sheet		15				
8850157531559	ช็อคกี้ กาแฟ						
8850157531580	ช็อคกี้ ช็อกกล้วย						
8850157531870	Crispy Chicken Skin Chili And Slat Stir-Fried Chicken Flavor	Lotus	30				
8850157551083	น้ำเฉาก๊วย						
8850157553216	เมจิฟาร์มลิ้นจี่ผสมน้ำใบกัญชา						
8850157553452	เมจิกฟาร์มน้ำผลไม้รวมผสมน้ำใบกัญชา						
8850157553896	น้ำมะพร้าวน้ำตาลสด						
8850161150821	Coconut Cream						
8850161160530	Coconut Water						
8850161160561	1.75						
8850161160585	Agua de Coco	My Way	310				
8850161160912	LECHE DE COCO COCONUT MILK Premium	My Way					
8850161161605	Coconut water	Cocomax	100				
8850161161810	Coconut Shake	CocoMax	100				
8850161162404	Cocomax						
8850161163432	Agua de coco con mango						
8850161166174	Lait de noix de coco						
8850161166266	Bbhh						
8850161167041	קוקו ויי						
8850161210112	Kokosmilch süß						
8850169047024	Imperial Soap						
8850172251111	cdr						
8850173310138	Namjaj Red Curry Paste						
8850173310145	Red Curry Paste	Nam Jai	15				
8850173310169	Red Curry Paste						
8850173330136	Panang Curry Paste						
8850173350134	gelbe Curry paste	namjaj					
8850175012917	Glade morning freshness						
8850180040103	เกล็ดขนมปังโกกิ	Gogi	30				
8850180052007	น้ำปลาแท้ตรา ตราชูตราชั่ง	ตราชูตราชั่ง	15				
8850186101020	coffee	equal					
8850186700070	Equal Stevia 200g						
8850187000438	Riz						
8850187000841	Thai Sticky Rice, Uncooked	Royal Umbrella	100				
8850187001558	Royal umbrella 2.5kg	Royal Umbrella					
8850187002197	Riz	Royal Umbrella					
8850187004849	Rice sticks						
8850187006850	Brisure de riz thai parfumé						
8850187011694	ขนมอบกรอบ	ริ-โอ้	35				
8850187012974	Riz	Asian tiger	100				
8850187209114	Pure Coconut Water	Maui & Sons	500				
8850187337206	Fish sauce						
8850187400078	Royal Umbrella Thai Jasmine Rice	Royal Umbrella	100				
8850187801110	riz parfumé jasmin golden lion5kg						
8850187802506	Glutinous Rice	Dragon	100				
8850187811768	Thai Jasmine Rice	Royal Umbrella	48				
8850188100205	นมขาดมันเนย	โฟร์โมสต์	180				
8850188130103	ผลิตภัณฑ์นมข้นแปลงไขมันหวาน ตราเรือใบ	เรือใบ	20				
8850188210300	2900208 โฟร์โมสต์โอเมก้าช็อค						
8850188250702	นมขาดมันเนย	Foremost	225				
8850188254106	นมโคสดแท้ เเพ็ค6						
8850188800198	นมปรุงแต่งตรานกเหยี่ยว						
8850188801058	นม		170				
8850188805346	Foremost 180 ml	Foremost	180				
8850188806428	UHT Chocolate Flavoured Milk Product	Foremost	165				
8850188806794	ฟอร์โมสต์ 200 ml	ฟอร์โมสต์	200				
8850188806800	ENERGY YOGHURT	FOREMOST					
8850188900058	จืด โอเมก้า						
8850188900065	โฟโมสโอเมก้า						
8850188900072	ช็อคโกแลต โอเมก้า						
8850188900157	โฟโมสสตอเบอร์รี่แพ็ค6						
8850188903882	โฟร์โมสต์ โอเมก้า 369 โกลด์ 4 พลัส นมยูเอชที รสจืด 180 มล. แพ็ค 3						
8850188903974	2971187 โฟร์โมสต์โอเมก้าสมาร์ท แพ็ค						
8850189013504	Roasted Watermelon Kernels Salt	Flower Food	25				
8850189015584	Roasted Almonds And Pecan No Salt	Flower Food	30				
8850189016499	Roasted Pumpkin Almond	Flower Food	25				
8850189016512	Roasted Pumpkin Kernels & Almonds	Flower Food	30				
8850189019353	Pump pumpkin choco						
8850189042573	Nut And Tropical Fruit	Flower Food	30				
8850189061609	FLOWER FOOD BRAND 25 g	FLOWER FOOD BRAND	25				
8850189071146	Sunflower Bar with Honey	Flower food	25				
8850189071153	FLOWER FOOD Brand 50 g	FLOWER FOOD Brand	50				
8850199580133	Kẹo ngậm Orange						
8850199582908	jelly						
8850199586906	My candy	Roscela					
8850199587439	แกล้มเหล้า		100				
8850201800211	Melon Flavored Protein Shake	Adella	30				
8850201800235	Chocolate Flavored Protein Shake	Adella	30				
8850203708232	Cream Filled Wafers		38				
88502052140508	คอร์นพัฟฟ์ 64 g	คอร์นพัฟฟ์	32				
8850206011018	Thin Soy Sauce Preperation	เด็กสมบูรณ์	15				
8850206011445	ซีอิ้วขาว ขวดเล็ก						
8850206016129	ซีอิ๊วขาว สูตรลดโซเดียม 40%	เด็กสมบูรณ์	15				
8850206062256	Black Soy Sauce	Dek Some Boon	25				
8850206070473	DSB sweet soy sauce 970g						
8850206077724	thin soy sauce						
8850206111114	Pflaumensosse						
8850206112722	Sriracha hot chilli sauce						
8850206114023	Sweet Chilli Sauce						
8850206115273	DEK SOMBOON chili paste in oil						
8850206123513	Healthy boy sukiyaki sauce						
8850206161515	Soya-Bohnen-Paste mit Chilli	Dek Som Boon					
8850206170517	Healthy boy mushroom soybean paste						
8850206220038	Black Vinegar						
8850206225026	Dấm ăn						
8850206230136	Fischsauce						
8850206231010	Hot Basil Stir Fry Sauce	I-chef	28				
8850206250998	Orange Chicken Sauce	Dek Som Boon	100				
8850206251834	Sweet Chilli Sauce	Healthy Boy Brand	15				
8850206252251	sesam Teriyaki Soße						
8850206252282	Sassy korean sauce						
8850206252503	Healthy boy brand	Healthy boy brand					
8850206252510	Sauce soja						
8850206252534	ซอสปรุงรสออร์แกนิค	เด็กสมบูรณ์	15				
8850206252541	Sauce Soja	Healthy boy brand					
8850206252732	Meeresfrüchte Dip						
8850206253548	ซีอิ๊วขาว คีโต	เด็กสมบูรณ์	15				
8850206620029	Honey teriaki sauce						
8850206621088	Thai Sweet Chilli Sauce	Dekker Son Boon					
8850206800094	RED  bean curd	healthy Boy brand					
8850206808007	Fish Sauce	Dek Som Boon					
8850213011704	Thai Dipping Sauce	Knife	18				
8850213197507	Oyster Sauce	Nam Pla					
8850213807512	น้ำปลาแท้ ตราปลาไส้ตัน	ปลาไส้ตัน	15				
8850215513787	Heritrade Co., Ltd., Fried Garlic	Heritrade Co.  Ltd.					
8850223575548	tone tone						
8850225503044	Fish Sauce	Three Prawn Brand					
8850225504126	น้ำพริกกะปิ	วิเสท	36				
8850225504478	น้ำปลาหอยเป๋าเฮื้อ						
8850225504669	Fish & Shrimp						
8850225505048	Fish Souce	Cook & Lobster	15				
8850227020730	Coconut Cream	OLA					
8850227022413	Pure Coconut Water						
8850227022789	Lite coconut milk						
8850227023120	Thai coco, coconut milk drink, banana	Thai Coco	280				
8850227023236	Thai coco, coconut milk drink, coffee	Thai Coco	280				
8850227023250	Thai coco, coconut milk drink, melon	Thai Coco	280				
8850227023274	Thai coco, coconut milk drink, strawberry banana	Thai Coco	280				
8850227023298	Coconut coffee expresso flavor						
8850227024011	supă internaționale						
8850227024028	supă						
8850227024158	Coconut crispy rolls coffee	Thai Coco	33				
8850227024684	Coconut Milk	Thai Coco	100				
8850227027982	Coconut milk	MK					
8850227027999	Coconut cream	MK					
8850227033884	Pure coconut water						
8850227034133	Coconut Water	Thai Coco	330				
8850227034461	Almond Milk						
8850227042008	Coconut crispy rolls	Thai coco					
8850227042169	남홈 코코넛워터	타이코코	350				
8850227058610	Coconut Water	Freshippo					
8850227060897	Bebida de Coco Sin Azúcar	Kaldini					
8850228000267	Red Bull	Red Bull	150				
8850228000588	Sponser	สปอนเซอร์					
8850228000793	SUN SNACK SMOKED CHICKEN SAUSAGE						
8850228001516	SUN SNACK SEAWEED	Sun Snack	12				
8850228001615	เครื่องดื่ม ready						
8850228001752	Sponsor active	Sponsor					
8850228001899	เรดดี้บู้ท						
8850228002025	แมนซั่ม	Mansome	450				
8850228002797	ถั่ว		28				
8850228002940	Sponsor citrus						
8850228003145	Sponsor strawberry						
8850228003312	SUN SNACK GRILLED PRAWN						
8850228003541	Warrior Đỏ						
8850228003909	Roasted Sunflower Kernel Cereal Coated With Barbrcue Flavor	Sunsnack Dunk	28				
8850228004289	SUNSNACK CORN CHEESE						
8850228004807	PURIKU STRAWBERRY						
8850228004821	PURIKU LYCHEE						
8850228005446	SUN SNACK SPICY GRILLED SQUID						
8850228006696	SUN SNACK HOI LAI PAD PRIK PAOW						
8850228007259	Mansome.aci berry		240				
8850228007419	Red bull Halls XS						
8850228007617	Red Bull Kẽm Vitamin B	Red Bull Thailand	250				
8850228007747	Warrior 320ml	Warrior					
8850228008058	Apple Muscat Grape	Red Bull	250				
8850228008195	เรดดี้บู้ท						
8850228008263	Red bull soda energy drink						
8850228008386	น้ำ						
8850228008683	BEVERAGE WITH MINERAL WATERMELON BERRY FLAVOR SYRUP	SPONSOR					
8850229100027	Tuna in MAYONNAISE	nautilus					
8850229100232	nautilus 140 g	nautilus	70				
8850229100553	Tuna spread with crackers	Nautilus	117				
8850229101727	ทูน่าสเปรด รสสาหร่ายโนริ - 117 g	Nautilus	117				
8850229101994	ทูน่าแซนวิชในนำ้มันถั่วเหลือง	Nautilus	55				
8850229103424	Sandwich Tuna Flakes In Spring Water (lite)	Nautilus	60				
8850229105473	Tuna Spread Truffle Flavour	นอติลุส					
8850229105503	Tuna Spread With Crackers	nautilus					
8850229105626	ปลาทูน่าคลอเรสลอท ในน้ำยาปลาร้า	มงคล					
8850229105770	Nautilus Tuna Spread	Nautilus	107				
8850229105923	คู่ครัว 155 g	คู่ครัว	155				
8850231000261	S&p 300 g	S&p	55				
8850231000575	เอส แอนด์ พี 300 g	เอส แอนด์ พี	55				
8850231001121	เค้กช็อกโกแลต มาร์เบิ้ล - 312 g	s-p	26				
8850231001329	S&P 300 grams	S&P	55				
8850231035171	S&P 95 g	S&P	30				
8850231042995	คุกกี้คิดส์รสโกโก้ - 72 กรัม	s-p	18				
8850231043008	มินิคุกกี้มิกซ์สปริงเคิล - 72 กรัม	s-p	18				
8850231043060	เดลิโอ 320 g	เดลิโอ	30				
8850231043572	เอส แอนด์ พี 150 g	เอส แอนด์ พี	30				
8850231043619	เอส แอนด์ พี 150 g	เอส แอนด์ พี	30				
8850231043640	เอส แอนด์ พี 150 g	เอส แอนด์ พี	30				
8850231044319	s-p 75g	s-p	75				
8850231044401	เอส แอนด์ พี 85 g	เอส แอนด์ พี	30				
8850231170025	SAVOURY THAI COCONUT CRISPY ROLL	S&P					
8850231170681	Delio 15 g	Delio	15				
8850231520349	S&P 160 g	S&P	40				
8850231521063	เอส แอนด์ พี 170 g	เอส แอนด์ พี	170				
8850231756991	Tuna	Queen					
8850231800069	Spaghetti carbonara [only one image]	s-p	245				
8850231821644	แกงพะแนงไก่ ตราเอสแอนด์พี - 140 กรัม	s-p	140				
8850231840560	Easy Meal 200g	Easy Meal	200				
8850231880443	เมล็ดมะม่วง						
8850239004490	Topoxy						
8850247008541	เกลือหิมาลายัน สีชมพู ชนิดเม็ด ตราแพะภูเขา	แพะภูเขา					
8850248003255	ตั้งฉ่าย	แพะภูเขา	10				
8850248009059	งาขาว	krungsrifood	100				
8850250001669	Ajinomoto MSG	Ajinomoto					
8850250003786	Assaisonnement Thai Poulet						
8850250004004	Takumi Aji Sesame Oil And Pepper Formula Stir Fried Sauce						
8850250004011	Takumi-aji Fry Sauce 500 ML.						
8850250004028	Takumi Aji Teriyaki Sauce						
8850250004035	Takumi Aji Teriyaki Sauce						
8850250006374	Ka prao Gewürz	Thai					
8850250007425	Ajinomoto 15 g	Ajinomoto	15				
8850250007449	Birdy Espresso	Birdy					
8850250007685	Poudre 5 Epices	Ajinomoto					
8850250008149	ซุปเปอร์เลม่อน	ช้างน้อย	20				
8850250008156	ยำยำช้างน้อยต้มยำกุ้ง		20				
8850250008200	Ros dee Thai Spicy salad mix (Yum woon sen)	Ajinomoto					
8850250009382	tom Yum Creamy						
8850250009610	รสดี ก้อนหมู						
8850250010937	รถดีหมู						
8850250010999	Hühnergewürzpulver						
8850250011552	รสดี	Ajinomoto					
8850250012429	Black pepper crab noodlea						
8850250014256	Amino Vital Shot Grape Flavor	Ajinomoto					
8850250014706	YamYum  สไปซี่หอยเชลล์​ผัดXO	YumYum Ajinomoto					
8850250015277	Aminovital Shot Peach Punch	Ajinomoto	45				
8850250015307	amino VITAL SHOT (ชาบ๊วย)	Amino Vital					
8850250016878	Birdy Barista Creamy Latte	Ajinomoto					
8850252030049	U.B Chemical Industries Co.,Ltd.						
8850256000680	Cane & coconut sugar						
8850256000895	น้ำเชื่อม						
8850256000932	Whey protein isolate chocolate flavor	Biovitt	40				
8850256500050	Mitrphol Brown Sugar 500G.						
8850259029022	Basmati rice						
8850260724329	ตรา 300 ml	ตรา	300				
8850267112174	Green Tea Soy Milk	lactasoy	250				
8850267117131	เเลตตาซอยช็อคโกเเลต						
8850267117322	เเลคตาซอย หวาน						
8850267117629	แลคตาซอย ออริจินัล						
8850267117643	เเลคตาซอย เจ						
8850267122333	Chocolate Soymilk	Lactasoy	200				
8850267801313	เเลตตาซอยสตอเบอรี่						
8850267801337	เเลตตาซอยเมล่อน						
8850269010133	ส ขอนแก่นหมูหยองกอบ						
8850269019235	Crispy Pork	S. Khonkaen	26				
8850269019594	ส ขอนแก่นหมูฝอยทรงเครื่อง						
8850269020125	หมูหยองกรอบ(หมูผสมไก่)	บ้านไผ่					
8850269050016	poudre chili tamarin						
8850269200473	ส ขอนแก่นแคบหมูไร้มัน						
8850269200497	หนังปลาแซลมอนกรอบ	ส ขอนแก่น					
8850269200510	ส.ขอนแก่นหมูย่างเตาถ่าน						
8850269200527	ส.ขอนแก่นหมูย่าฃซอสเผ็ด						
8850269522391	Crispy Pork	Entrée	16				
8850269522490	Protein Snack	Entree	18				
8850269522520	Crispy Pork Rinds	Wings Zabo Flavor	14				
8850269740658	Thai Green Chilli Dip Thai Sausage And sticky Rice	Ezygo	275				
8850273122617	Ars liquid refill 2yrs prod						
8850273888810	Ars electronic mosquito killer 2yrs prod						
8850274020110	UHT Low Fat Milk	CHOKCHAI FARM					
8850277001949	Assorted Candies	HACKS					
8850277070051	แป้งข้าวโพดกรอบ	Crayon Shin Chan	50				
8850282924103	Rice Bran Cereal Drink	Ricely	27				
8850282924189	Rice Bran Cereal Drink Sesame	Ricely	27				
8850284060113	ไก่ย่าง		12				
8850284061110	ไก่ย่าง เขียว						
8850284069215	Crispy Ped Yang Snack Grilled Duck	BKY	25				
8850284091117	Kai yang PRO	BKY					
8850287000093	Bontea Lemon Flv Tea						
8850287000154	Bontea Peach Flv Tea						
8850287000321	Coffee Beans	Bon Cafe					
8850287001038	Bonchoco Chocolate Drink						
8850287001274	Instant Hot Chocolate Drink	Bon Choco	28				
8850287001687	coffee beans	Bon Cafe					
8850291100697	Sun gift dried cranberries						
8850291100833	Chili Flavour Broad Beans	Tong Garden	55				
8850291100949	Cheezy Pizza Cashew &almond	Tong Garden	30				
8850291101199	Almond	Tong Garden	30				
8850291101458	ทองการ์เด้น 150 g	ทองการ์เด้น	30				
8850291102288	Salted Sunflower	Tong Garden	33				
8850291102493	Salted Broad Beans	Tong Garden	30				
8850291102677	Garlic Peanuts	Tong Garden	30				
8850291102783	Cashew nuts mixed macadamias honey roasted Tong garden		30				
8850291103049	Salted peanuts	Tong garden	45				
8850291103087	ถั่วปากอ้าเคลือบรสสาหร่ายวาซาบิ	ทองการ์เด้น	40				
8850291103322	BBQ Flavor Coated Broad Beans	Tong Garden	30				
8850291103575	Salted Cashew Nuts Mixed Macadamias	Tong Garden					
8850291103582	honey roasted cashew nuts mixed macadamias						
8850291103810	strawberry cream stick						
8850291103827	Chocolate with almonds cream stick	TONG GARDEN					
8850291104077	Nutrione pistachio	Tong Garden					
8850291104244	Popcorn caramel						
8850291104657	Indonesian peanuts	Tong’s Garden	40				
8850291104831	Pad-Khi-Mao Broad beans	Thai	30				
8850291106576	TG Coated Peanuts Barbecue Flavour	Tong Garden	30				
8850291107085	Kacang Menglembu	TONG GARDEN					
8850291107092	KACANG SHANDONG	TONG GARDEN					
8850291107436	amore Oat Cookies (Chocolate Chips)	Tong Garden	30				
8850291107559	Coconut chips	Tong Garden					
8850291108082	Curry Coated Broad Beans	Tong Garden					
8850291110665	Nuts & Berry Mix	Nutrione	30				
8850291110832	Roasted Sunflower Kernels	Tong garden	30				
8850291111099	Mixed Vegetable Chops	Noi	30				
8850291111143	Crispy seaweed	เอ็นโอไอ	18				
8850291111174	Crispy Seaweed with Popping Grains Original	NOI					
8850291111549	Cereal Granola Bite	Tong Garden	30				
8850291111570	Nutrione Apple Pie	TOMG GARDEN	28				
8850291111761	Nutrione walnut	Tong Garden					
8850291112164	Cassava Chips	Noi	40				
8850291112294	Tempura Seaweed Snack	Tong Garden					
8850291113994	Cocktails Nuts	Noi					
8850291114007	Salted Cashewnuts	Noi					
8850291114014	Salted Pistachio	Noi					
8850291114144	Mala Peanut Mixed Broad Bean	Tong Garden	30				
8850291114250	Chilli Pumpkin Seed Mix Mango	Sun Gift					
8850291114298	Chilli Mango						
8850291114304	Chili Guava	Sur Gift					
8850291114625	Wasabi Flavor Party Snack	Tong Garden	25				
8850291115189	Salted Cashew Nuts	THAI Tong Garden	15				
8850291115325	Party snack collection	Tongo Garden					
8850291115479	Mexican style peanuts	Tongo Garden					
8850291202285	Salted Sunflower	Tong garden	100				
8850291211553	Berry Mix	Daily Pack					
8850291211560	(Mango Tango) Baked Nuts And Dried Fruits	Tong Garden	28				
8850291211577	Baked Nuts & Dried fruit	Tong Garden	28				
8850291291500	almonds	Tong Garden					
8850291304309	Tong garden salted green peas						
8850291310416	แมคคาเดเมีย	ทองการ์เด้นท์	35				
8850291510717	b Value. ตรา กองการเดิน ถั่วอบผสมแป้งกรอบ 190						
8850291531309	Cocktail Nuts (Salted)	Tong Garden	30				
8850291710414	TONG GARDEN Prawn Flavour ขนมอบกรอบรสกุ้ง						
8850294001069	Cofe 720 ml	Cofe	240				
8850297990018	Bread crumbs						
8850297990216	Tempura flour						
8850297991503	แป้งไก่ทอดคาราอะเกะ						
8850297998311	Pancake / Waffle mix	Uncle Barns'	28				
8850305310661	Bobbin gold twin	Bobbin	40				
8850309003217	Roller Coasters						
8850309003316	ROLLER COASTER RING ONION						
8850309013520	xo						
8850309140042	JACK'n JILL	JACK'n JILL	5.2				
8850309150188	Cream o chocolate						
8850309200159	ฟันโอคุกกี้ไส้คัสตาร์ด						
8850309200951	POTATO RING TOMATO						
8850309201293	LUSH CANDY CARAMEL						
8850309202580	Magic Twin Cracker Sandwich	Jack 'n Jill					
8850309202979	Cream-o		18				
8850309202986	Bánh thái						
8850309203396	Potato Rings X-treme BBQ Flavour	Roller Coaster MiNi					
8850309203457	Wiggles Jumbo	Jacknjill	4.5				
8850309204058	Cream-O Tart						
8850309204812	JACK N JILL CHOCOLATE CHIP COOKIES						
8850309205239	JACK N JILL COOKIES FILLED CHOCOLATE						
8850309205802	โรลเลอร์	JACK 'N JILL					
8850309205925	เพรสโต้ ครีมโอ	Jack'nJill	15				
8850309206410	JACK N JILL CHOCOLATE WAFER						
8850309206724	Creamo Choco plus	JACKNJILL					
8850309207035	ทิลลี่ จัมโบ้						
8850309207059	LUSH CANDY CORN MILK						
8850309208797	ROLLER COASTER MINI SAUSAGE SWEET						
8850309209398	FUN BITES CREAM FILLING						
8850309209411	ฟันไบท์						
8850309209442	Tivoli		20				
8850309210868	Dewberry	Jack n Jill	36				
8850309211681	ROLLER COASTER SEAWEED						
8850309211735	ROLLER COASTER MINI JAPANESE SEAWEED						
8850309212589	ROLLERS COASTER MINI CHEESE						
8850309213302	Cream-o Vanilla						
8850309214026	TIVOLI KNOTS BISCUITS STRAWBERRY						
8850309215627	DEWBERRY CHOCOBERRY						
8850309215955	Chocolate And Strawberry Wafer	Tivoli	35				
8850309216198	ดิวเบอร์รี่ 15 g	ดิวเบอร์รี่	15				
8850309216235	Jack N Jill LUSH CHOCOLATE						
8850309217249	คุกกี้แซนวิชสอดไส้ครีมกลิ่นแตงโมและแยมกลิ่นเลมอน	Dewberry	36				
8850309218215	Roller Coaster Chilli Hot Bomb Flavour	Jack n Jill					
8850309218550	Lush sour ลูกอมเคี้ยวนุ่มกลิ่นเลมอน	Lush	3.6				
8850309218574	LUSH SOUR GRAPE CHEWY						
8850309219786	โรลเลอร์โคสเตอร์	Roller Coaster	29				
8850309219793	โรลเลอร์โคสเตอร์	Roller Coaster	29				
8850309219922	Roller coaster 54 g	Roller coaster	29				
8850309219939	JACK N JILL EXTRA BBQ						
8850309220522	CARAMEL CREAM						
8850309220645	JACK N JILL THIN POTATO RING						
8850309220775	FunO						
8850309221406	Dewberry Puff Cake	Dewberry	15				
8850309222472	ROLLER COASTER LOBSTER	JACK N’ JILL	30				
8850309225503	Roller Coaster Hot Basil	Jack ’n Jill	30				
8850309227026	Roller Coaster (Angry Spicy)	Jack N Jill	30				
8850310000731	Wheat Flour Red Lotus	Red Lotus					
8850316010437	Ginger-Lemon						
8850316070127	gingen						
8850316070158	Ginger with brown sugar						
8850316070615	Ginger Sugar Free						
8850316070639	Mister						
8850329003679	Lactose Free Dark Chocolate Milk	Meiji	200				
8850329003884	Pasteurized Lactose Free High Calcium Milk	Meiji	200				
8850329016891	Yogurt meiji	Bulgaria	110				
8850329022410	Bulgaria Yogurt Drink LB81	Meiji	150				
8850329031856	Bulgaria Yogurt With Apple	Meiji	110				
8850329051069	นมรสจืด (Lactose Free)	meiji	200				
8850329051212	LACTOSE FREE MILK DOUBLE CHOCOLATE	Meji	200				
8850329051786	Cultured Yogurt Drink Lower Sugar	Meiji	160				
8850329061082	Coffee Latte Flavour	meiji					
8850329063338	Bulgaria Yoghurt sweetened	Meiji	110				
8850329066759	Bulgaria Yoghurt With Strawberry	Meiji	110				
8850329101863	Pasteurized Lactose Free Milk Beverage	Meji	100				
8850329102730	Meiji Lactose Free Plain	Meiji	200				
8850329102808	ซีพี-เรย์	Meiji	200				
8850329103331	Hical skimmed milk	Meiji	100				
8850329103430	PREMIUM QUALITY MILK	meiji CP-meiji					
8850329103621	Lactose free milk	meiji	300				
8850329103768	Milk - Meji - Meji	Meiji	200				
8850329103850	Lactose free Dark Chocolate Milk	Meiji	200				
8850329104765	CP Meiji Lactose Free 0% Fat	Meiji	450				
8850329106110	C.P MEIJI DRINKING YOGHURT MATURAL 8OM						
8850329106561	Banana milk	Meiji	200				
8850329106578	Melon flavoured milk - Meiji - Meiji - Meiji		200				
8850329106738	Lactose free plain milk	Meiji	200				
8850329111190	Lactose Free 0% Fat Milk	Meiji	200				
8850329112623	Meiji gold advance	เมจิ	180				
8850329213672	Drinking Yogurt Peach	Bulgaria	150				
8850329230778	Bulgaria Yogurt Light Original	meiji					
8850329240456	Bulgaria Yogurt 0%Fat	Meiji	150				
8850329309115	Low Fat Yoghurt With Strawberry	Meiji	90				
8850329310647	Meji รสองุ่น	Meji	80				
8850329349364	Meiji white peach		135				
8850329349609	Melon yoghurt	Meiji	135				
8850329349821	Mixed Fruits Whole Grains Yogurt	meiji					
8850329381548	Youghurt 0%	Meji	135				
8850329422135	Yogurt Drink - Natural Taste (Low Fat)	Meiji	85				
8850329441013	Yoghurt	meiji					
8850329803811	Pasturized lactose Free Malt Milk	Meiji	200				
8850329805792	Cultured Yoghurt Drink with Ume Plum Flavour	Meiji	160				
8850329812011	Paigen Blueberry Flavoured	Meiji	160				
8850329837731	Cultured Yoghurt Drink Lower Sugar	Meiji	100				
8850329840731	Paigen Cultured Yoghurt Drink Lower Sugar	Meiji	100				
8850329846139	นมเปรี้ยวMeiji	Meiji	110				
8850329859849	Greek Style Yoghurt	Meiji	130				
8850332008166	Vedan more - Bánh kem xốp hương red velvet	Vedan more					
8850332128116	มาร์การีน						
8850332141115	น้ำตาลก้อน อิมพีเรียล						
8850332162318	เนยจืด						
8850332181111	เมเปิ้ลไซรัปอิมพิเรียล 700 ml	Imperial					
8850332192292	Pancake mix						
8850332234138	Pineapple Fruit Spreadable	Imperial					
8850332234237	แยมสัปรด อิมพีเรียล						
8850332234251	แยมบลูเบอรี่ อิมพีเรียล						
8850332241044	ไวโอเลตแครกเกอร์ไส้ครีม						
8850332242119	Cheddar Cheese Crackers	Imperial	30				
8850332242133	โรซี่ 165 g	โรซี่	28				
8850332250350	Chocolate Flavoured Cookies (Gold Selection)	Imperial	34				
8850332250664	IMPERIAL 80 g	IMPERIAL	30				
8850332250695	Chocolate flavoured cookies (Sunquick Mandarin flavoured cream)	Imperial	31				
8850332251128	имперал печенья						
8850332251401	Butter Cookies Strawberry Jam Topping	Imperial	33				
8850332311013	Cheddar	Allowrie	42				
8850332312041	Allowrie cheddar		17				
8850332312072	Cheddar Cheese	Allowrie	12				
8850332312089	CHEDDAR CHEESE	Allowrie					
8850332315042	Mozzarella slices - Dailygold		11				
8850332318272	Cheddar Cheese Slices	DAIRYGOLD					
8850332501094	SUNQUIC 200 ml	SUNQUIC	200				
8850336033935	Halls.						
8850338000553	halls honey lemon 2.8g						
8850338005602	HALLS Fresh Lime						
8850338006463	Halls	Mondelez					
8850338008146	ฮอลล์เฟรชไลม์	ฮอลล์	6				
8850338008610	ฮอลส์ ฟ้า						
8850338008641	Candy	Halls	27.9				
8850338009273	Halls cool Energy	Halls	6				
8850338018114	Chewing-gum dentyme						
8850338020506	เดนทีนสแปลช ไฮเปอร์มินต์						
8850338021732	Mixed Berry	Halls					
8850338026515	Blue Soda	Halls					
8850338031205	Tang Buko Pandan						
8850338033582	Halls Salt Lemon Lime 36s	Halls					
8850338033605	Halls Salt Watermelon 36s	Halls					
8850338034077	Gum No Sugar Tropical Fruit Flavor	Trident					
8850338034343	คลอเร็ทส์ 2 g	คลอเร็ทส์					
8850338035708	Xs Joker						
8850340140032	Golden Coins Fried Banana Flour						
8850340170077	Dry Rice Noodles, XL	Thai Flour	50				
8850341101063	Rice Flour	Jade Leaf Brand	100				
8850341101223	Rice Pasta	Jade Leaf	83.3				
8850341200025	Farine de riz gluant						
8850341201152	Tepung Ketan GluRice powder						
8850341400333	Small Tapioca Pearl	Jade Leaf Brand	100				
8850343003228	มายองเนส ลดไขมัน	Heinz	15				
8850343003259	ซอสมะเขือเทศ	Heinz	15				
8850343008483	Extra Hot Chilli Sauce	SINSIN	15				
8850343008506	Sweet Thai Chili Sauce						
8850344000561	Chili & garlic sauce	Suree	20				
8850344000684	Hoisin Sauce	Suree	15				
8850344000912	LIGHT SOY SAUCE	SUREE					
8850344001216	Oyster Sauce	Suree					
8850344001353	Thai Massamun Curry Paste	Suree					
8850344001544	Thai yellow curry paste		15				
8850344002077	น้ำจิ้มสุกี้						
8850344003111	BABECUE SAUCE	SUREE					
8850344003388	Mleko kokosowe	Thai					
8850344003470	Garlic Sriracha Chilli Sauce						
8850344003487	Garlic Sriracha Chilli Sauce						
8850344003722	Thai Sriracha Chilli Sauce	Suree					
8850344003746	Mango dipping sauce Suree						
8850344004224	Suree	Suree					
8850344004781	Sriracha Mayo	Suree	26				
8850344005467	Sriracha Sauce	Crying Thaiger					
8850344005481	Sriracha Sauce	Crying Thaigee	30				
8850344005603	Sriracha chilling teriyaki sauce	Crying Tiger	30				
8850344011437	Seafood chilli suace						
8850344011451	Sojasosse						
8850344040659	Sweet Chilli Sauce	my chef					
8850344060640	Pinoy tom yum paste 2yrs prod						
8850344200213	Coconut milk						
8850344210007	Thai red curry paste	Suree	100				
8850344210014	Thai green curry paste	Suree	100				
8850344321475	Rice sticks	Suree					
8850344633790	Organic Coconut Milk	4 Elephants					
8850345920691	Rice Bran Oil	Rizi					
8850345950506	Reisöl	Rizi					
8850348210133	ดอกบัวคู่ สบู่แอนตี้แบคมังคุด						
8850356109184	Light Tuna meat with chiliies	Botany	100				
8850356171334	BD Food						
8850356210200	BD Jal Chanachur						
8850356900309	Premium BD Food Toast Biscuit						
8850357001333	Mixed Rice	ข้าว 4 พัฒน์	49				
8850358010655	Popcorn	Brooks					
8850358042953	Vermont Curry Medium Hot	House Foods					
8850358050187	Tomato Paste	Mica					
8850358373323	Instant Oats Porridge	McGarrett					
8850358374061	Gelatin ผง						
8850358374306	Honey Toasted Muesli	Mcgarrey	50				
8850358374375	Crunchy Peanut Butter	McGarrett					
8850358374382	McGarret	Oat Flour	30				
8850358374733	While Oat Groats	McGarrett	50				
8850360028761	เดทตออลผ้าเช้ดทำความสะอาดผิว						
8850360033307	เดทตอลดิสอินเฟคแทนท์สเปรย์ฟ้า						
8850360036056	กาวิสคอน						
8850360039842	Boneless Chicken Drumstick Fillets (Paprika& Chilli)	Woolworths	100				
8850361000421	Breezer						
8850363000115	Perle de tapioca	3 chef's					
8850363000535	Pâtes de riz 10 mm	3 chef's	55				
8850363000573	Champignons shitake seches	3 chefs					
8850363000580	Chinese Noodles	Thai Foods	25				
8850363001518	Ananas séché en tranches selected quality						
8850363001907	Graines de sésame blanc et noir						
8850363300055	PaD Thai						
8850363300215	Hot and sœur soupe...						
8850363300376	Oignon frit						
8850363301243	Nouilles instantanées crevette	Top Mi					
8850363301304	Young Green Pepper in Brine						
8850363500127	ananas en tranche au sirop						
8850363500233	Pousses de bambou						
8850363500325	Champignon straw 425g						
8850363500349	jeune épis mais vallée verte 425g						
8850363500400	Pleurotes abalonae au naturel						
8850367100101	Coconut Cream 17-19%	East And West					
8850367300105	Red Curry Paste	Mae Ploy	10				
8850367900251	Coconut milk light						
8850367990139	Spring Roll Sauce	Thep Padung Porn Coconut Co. L	38				
8850367990146	Spring Roll Sauce	Mae Ploy	30				
8850367990160	Coconut cream						
8850367990979	Green Curry Paste	Mae Ploy	15				
8850367990986	Panang Curry Paste	Mae Ploy	15				
8850367990993	Massaman Curry Paste	Mae Ploy	15				
8850367991006	Yellow Curry Paste	Mae Ploy	18				
8850367991174	Tom Kha Paste	Mae Ploy	15				
8850367991570	Coconut Milk Lite	Chaokoh	80				
8850367991822	100% Virgin Coconut Oil	Theppadungporn Coconut Co.  Lt	14				
8850367991839	Virgin Coconut Oil	Theppadungporn Coconut Co.  Lt	14				
8850367992041	Coconut Water						
8850367992119	Coconut cream	Tcc	80				
8850367993543	Tom yum paste vege						
8850367993680	Coconut Milk Powder						
8850367994779	Green Curry Paste	Mae Ploy	50				
8850367994793	Yellow Curry Paste	Mae Ploy	50				
8850369010279	Herbal Infusion	FITNĒ					
8850369031274	Boisson au gingembre						
8850369034060	ขิงผงสำเร็จรูป	Hotta					
8850369039164	Instant ginger tea						
8850369046018	Hotta instant ginger tea						
8850369251122	Fitnē						
8850369252129	Fitnè coffee						
8850370081466	3 In 1Green Milk Tea Powder	Cha Tra Mue	20				
8850370420166	Black Tea Loose Leaf	ChaTraMue					
8850370420319	Rose Tea Mix	ChaTraMue Brand					
8850370420975	Lemon Tea 3 In 1	Cha Tra Mue	20				
8850370421538	Original Thai Tea	ChaTraMue Brand					
8850370741117	Black tea						
8850370821116	Green tea mix						
8850372000014	מקלוני שעועית מבושלים	Taste Of Asia					
8850372000144	Bean vermicelli		40				
8850372000229	วุ้นเส้นแห้ง	ต้นไผ่	40				
8850372000328	Unbleached Bean Vermicelli	Pine	40				
8850372000335	วุ้นเส้น แห้ง	ต้นสน	40				
8850372000410	Unbleached Bean Vermicelli	Pine Brand	40				
8850372000496	Glasnudeln						
8850372302712	Jelly	Gumi gumi	135				
8850375002039	ตูมตาม รสคอร์นสวีท						
8850378120013	Premium fish sauce	Thai kitchen	15				
8850378320130	Fish Sauce	Golden Boy	15				
8850381006793	Durian Ice Cream	Cremo	60				
8850384003003	Mango drink		320				
8850384130037	สลัดครีมสุขุม						
8850384130266	สลัดครีมลดไขมัน						
8850384520104	[Only one image]						
8850387000283	Cremo Vanilla Ice Cream	Cremo	42				
8850387000825	JackFRUIT ice cream	Cremo					
8850387003895	Glace à la mangue	Cremo					
8850387004687	Glace Jacquier 5PCS - Surgeles						
8850387006117	Magic Cone Chocolate Ice Cream	iberri	65				
8850387006193	Durian ice cream bar	Cremo					
8850387006384	Ice Bar	Cremo	80				
8850387006391	Ice Bar	Cremo	80				
8850387007206	Atom vanilla chocolate	Atom	44				
8850387009378	Coconut Milk Ice Cream	Cremo	100				
8850387013450	Cremo 55 g	Cremo	55				
8850387014334	Ice Cream Vanilla	Aro	80				
8850387015768	Atom Thai Tea	Cremo					
8850387543810	น้ำผลไม้รวมผักใบเขียว		180				
8850388520988	ยูนีฟม่วง	ยูนีฟม่วว					
8850388521428	Carrot & Orange Juic	Unif	200				
8850388522159	Mixed Vegetable & Fruit Juice with Purple Carrot & Acai Berry	Unif					
8850388540962	น้ำมะเขือเทศยูนิฟ-ขวด						
8850388541334	น้ำผลไม้						
8850388541938	Coconut Water	Coco Dee	200				
8850388545462	All You Need Mixed Berry Fiber	Unif					
8850388546339	ยูนิฟ		250				
8850388546452	unif fresh carrots	unif fresh					
8850389103241	Chocolate and cookies	Cornetto	140				
8850389103753	Beauti Drink						
8850389105825	משקה ענבים בטעם אלוורה	Sappè	1000				
8850389106099	aardbei	Mogu mogu					
8850389106112	mango	Mogu mogu					
8850389106129	ananas	Mogu mogu					
8850389106907	Mogu mogu	Mogu mogu					
8850389106921	Mogu mogu						
8850389107690	sappe drinks pink	sappe drinks					
8850389109076	Sappe Aloe-vera Drink Grape Flavor 365 ML.						
8850389110843	Mogu mogu citron	Mogu mogu					
8850389111246	MOGU MOGU nealko nesyteny nápoj s hrozbou príchuťou a kúskami Nata De Coco						
8850389111369	Mogu mogu meloen	Mogu mogu					
8850389111383	Mogu mogu guava	Mogu mogu					
8850389112175	reduced sugar	Mogu mogu					
8850389113172	Mogu mogu orange flavored drink	Mogu mogu					
8850389114230	Sappe Beauti Drink	Sappe	360				
8850389114261	Sappe Beautitox	Sappe Public Co. Ltd.					
8850389115527	Sappe Lavander						
8850389115619	Mogu mogu blackcurrant						
8850389115954	Mogu Mogu Ndc Sirsat 320ml	Mogu mogu					
8850389116920	Passion Fruit	Mogu mogu					
8850389117057	Aardbeiensmaak met Nata de Coco 1000 ml	MOGU MOGU					
8850389117101	watermeloen	Mogu mogu					
8850389117583	น้ำมัลติดริ้ง						
8850389117620	mogu mogu jelly lychee with nata de coco	sappe public co.					
8850389117644	Jelly strawberry with nata de coco	Mogu mogu	150				
8850389118139	mango flavoured drink	mogu mogu	500				
8850389118191	mogu mogu						
8850389118665	Vitamin Drink	B’lue	500				
8850389118764	Blackcurrant		500				
8850389119303	Vitamin Drink	B'lue	500				
8850389120149	ICE TEA with nata de coco Lemon flavor	MOGU MOGU					
8850389141076	Mogu mogu fraises	Mogu mogu	1000				
8850389300183	Young Wheat Grass Drink Powder	Preaw Chlorophyll	4.2				
8850389302811	Jelly	Gumi gumi	135				
8850389302835	Thạch trái cây vị vải						
8850389304242	บิวตี้คอลลาเจน กลูต้า						
8850389304549	บิวตี้ไฟเบอร์ มะนาว						
8850389304563	บิวตี้ไฟเบอร์ มะขาม						
8850389410806	leccy mogu mogu	mogu					
8850389853856	Mogu mogu						
8850390042720	De-toxi						
8850391131218	Jasmine Green tea	Raming					
8850392370302	น้ำจิ้มไก่	อ่างศิลา	15				
8850393800273	โยเกิร์ต รสสตอเบอรี่						
8850393800280	โยเกิร์ต รสมะพร้าว						
8850393800662	บีทาเก้นสับประรด						
8850393801027	YoGood						
8850393801102	Cultured Milk Drink	Betagen	150				
8850393801126	Betagen original						
8850393801706	YoGood						
8850393801782	Strawberry Yoghurt Drink	Betagen	150				
8850393801959	Fermeted tea Kombucha	Betagen	200				
8850393802093	บีทาเก้น สตอเบอรี่						
8850393802161	betagen 10g pro						
8850393919937	BETAGEN YOGURT DRINK 6'S 85ML 6'SX85ML						
8850393919944	BETAGEN ORANGE YOGURT DRINK 6'S 85ML6						
8850393991926	Betagen SCU lên men h.cam						
8850393991940	BETAGEN ASSORTED YOGURT DRINK 6'S 85ML						
8850393995139	โยเกิร์ตบีทาเก้นรสสตอเบอรี่						
8850393995177	โยเกิร์ตบีทาเก้นรสมะพร้าว						
8850412370701	FF oriental						
8850412374136	เอฟเอฟบะหมี่ก้อนกึ่งสำเร็จรูป						
8850412374150	เอฟเอฟเส้นแบน						
8850412374402	เอฟเอฟ โชกุน บะหมี่อบแห้ง						
8850412374532	Air Dried Jade Noodles	FF	38				
8850412374617	Dried Noodle	Lian Hua					
8850412374785	Stix	FF	29				
8850412375072	FF STIX CHOCOLATE						
8850412503024	ขนมอบกรอบ รสพริกหยวก	FF					
8850414030061	เบสท์ 200 g	เบสท์	200				
8850423000109	Sala Cider	Hale’s Blue Boy Brand	30				
8850424001044	ซีม่อน	SESODA					
8850424001785	Cereal chocolate		34				
8850424002294	Cereal  fill with chocolate hazelnut	Semon	75				
8850425000237	EURO SMOOTH CUSTARD CREAM WAFER						
8850425000336	EURO	EURO					
8850425001319	Empire 100 g	Empire					
8850425003191	ยูโร่ กัสเซ่น						
8850425003498	GUSSEN						
8850425003597	EURO MILK CREAM WAFER						
8850425003757	GUSSEN CRISPY WAFER MILK CHOCOLATE						
8850425003764	GUSSEN Choc						
8850425004532	Pipo fruit jelly						
8850425006291	Tizzi		30				
8850425006871	Chocopie	Euro	26				
8850425007298	Choco pie	Euro	24				
8850425011714	Puff Cake & Hokkaido Milk Cream	Euro	24				
8850425011721	Euro 144 g	Euro	24				
8850426000106	Euro Cake						
8850426000519	EuroCake						
8850426000601	Euro butter w/ vanilla						
8850426000656	ยูโร่เค้ก รสเมล่อน	ยูโร่					
8850434243960	fit me powder 1185						
8850437048333	Creamy treats kitten tuna milk	Meo					
8850443120047	Jasmin Reis	Golden Phoenix					
8850446211391	جوري قطع تونه 95						
8850448111385	Arabiki Cheese Chicken Sausage	Laemthong	25				
8850448131369	ไส้กรอกไก่						
8850451004018	Skinny Pop Popcorn	Skinny Pop	18				
8850453011069	Cola flavored ice confection	Nestlé	38				
8850453015661	เนสท์เล่ 3.6 KG	เนสท์เล่	52				
8850453015838	Nestle 3.6 KG	Nestle	52				
8850453017054	NESTLE 4 kg	NESTLE	52				
8850453019737	เนสท์เล่ 4.2 KG	เนสท์เล่	52				
8850456102054	น้ำตาลทรายสีรำ	วังขนาย					
8850460989368	Natura hair treatment	Lolane					
8850460990654	lolane hair serum						
8850460996069	CE-STLO085SFV5 WATER INLET						
8850464000113	MSG						
8850468203039	Fisho Fish Sheet	Thai Union Frozen Products Pub	30				
8850468208911	ปลาแมคเคอเรลในซอสมะเขือเทศ - 170 g	Sealect	85				
8850468832499	Ezytaste 80 g	Ezytaste	80				
8850469030085	น้ำจิ้มติ่มซำ						
8850477002104	ME-O CAN SARDINE 400G	Meo					
8850477004771	ME-O tuna with goat milk 15grx4 kitten	ME-O					
8850477004856	ME-O CREAMY TREATS CHIKEN W GOAT MILK	Meo					
8850477005136	meo otak otak						
8850477005143	Meo cat food otak²						
8850477006201	ME-O CAN KITTEN FOOD TUNA IN JELLY 400G	Meo					
8850477008977	ME-O CAN SARDINE N SALMON 400G	Meo					
8850477012776	creamy treats tuna bonito flavor	me-o					
8850477013339	Dog food PWF adult S breed 1 kg	SMARTHEART					
8850477015524	ME-O POUCH BEEF CHUNK IN JELLY 10606720	Me-o					
8850477015760	Meo creamy treats bonito 15gx20	Me-o					
8850477020771	me-o creamy treats salmon						
8850477022607	me-o creamy treats						
8850477028562	wet food	me-o					
8850477138025	betta food	optimum					
8850477554504	cuties catz 350gm						
8850477559509	Cuties catz tuna						
8850485021036	สมุนไพรปทุมมาศแอคเน่เซรั่ม						
8850487002125	Thai Chilli Paste	Mae Pranom Brand					
8850487005119	Shrimp Flavour Crushed Chili	Maepranom Brand					
8850487007120	น้ำพริกสวรรค์	แม่ประนอม	9				
8850487017112	น้ำพริกมันกุ้ง	แม่ประนอม	16				
8850487021119	Mae Pranom chili paste shrimp flavor 228g 3,99€ 17.50€ per 1kg	Mae Pranom					
8850487030111	Masaman Curry Paste	Maepranom Brand					
8850487032153	Panang Curry Paste	Maepranom Brand	100				
8850487033150	Red Curry Paste	Marpranom	15				
8850487034171	Green Curry						
8850487037196	Sweet Chili Sauce						
8850487037240	Sweet Chilli Sauce (Gold label)	Maepranom Brand	40				
8850487037363	น้ำจิ้มไก่ แม่ประนอม DPPING FOR CHICKEN MARPRANOM	Maepranom					
8850487040202	Sukiyaki Sauce Cantonese Formula	MAEPRANOM BRAND					
8850487050102	chili oil thai						
8850487051130	Tom Yum Paste	Maepranom Brand					
8850487051154	冬陰功醬	Maepranom brand					
8850487051192	Authentic Thai						
8850487055114	Nam Pla Wan	Maepranom brand					
8850487056104	Pad Thai Seasoning	Maepranom	20				
8850487066110	Pinapple Chili Sauce	Maepranom Brand					
8850493348088	หมูกรอบเกลียวทอง	ลิมส์	120				
8850511121624	Sardine In Tomato Sauce	Roza	85				
8850511124199	ปลากระป๋อง	โรซ่า					
8850511321048	โรซาแพ๊คคู่						
8850511521080	ROZA	ROZA	15				
8850512101717	แชมพูออด๊าซดำ15มล						
8850521115125	Pho Nudeln 1mm						
8850521151512	Klebreismehl						
8850521171312	Tapioca pearls	Golden chef					
8850521978416	Reisnudeln	How How					
8850522981101	Roasted Almond With Salted	Goody Brand					
8850524012001	Crab Sticks	Wei Wei	100				
8850524012254	เนื้อปลาบดปรุงรส	คานิ					
8850524015163	Imitation Crab Stick	AED	100				
8850524016610	Jumbo Crab Stick	Kanu Family	70				
8850525002322	หอยแอส						
8850525111017	MARY 565 g	MARY	140				
8850534004133	ARO 1000 g	ARO	15				
8850534102013	American Green	American Green					
8850534102037	American Green	American Green					
8850534102167	Basil seed drink with Mango						
8850534102730	Basil seed drink						
8850534103942	Basil seed drink lychee						
8850534104833	Graine de basilic						
8850534107186	Basilic Seed Drink						
8850534110933	Chia seed drink	FCB					
8850534119325	Boisson parfum orange aux graines de basilic						
8850534119394	Boisson aux graines de basilic Parfum Tamarin						
8850534119523	oyester sauce	golden prize					
8850534120000	Banana Drink with basil seed						
8850534121779	Chia see						
8850534122028	Satay sauce - Ros Thai Thai		15				
8850534122974	Spicy korean mayo						
8850536107825	Instant Noodles Duck Flavour	Zow Zow	60				
8850539000055	Maesri seafood sauce 330g						
8850539000093	Sweet chili sauce	Maesri					
8850539000147	Spring Rolls Sauce	MAESRI					
8850539000659	MaeSri Nam Ngew						
8850539116282	Shrimp powder	Maesri	11				
8850539124690	Bamboo with Bai Yanang						
8850539180047	Chicken Cashew Nut Sauce	Maesri	40				
8850539180061	Maesri chilli paste (narok)	Maesri					
8850539180184	Maesri Pladug chili paste	Maesri					
8850539180191	Khao Soi Curry Paste	Maesri	35				
8850539180207	Maesri pla tu chilli paste						
8850539180252	Pad Kapao	Maesri	16				
8850539180306	Maesri preserved fish chilli paste						
8850539240383	Chu Chee Curry Paste	Maesri	20				
8850539240413	sweet thai noodle sauce						
8850539240468	Leang Curry Paste	Maesri					
8850539240512	Kang Par Curry Past	Maesri	20				
8850539250023	Maesri, tom yum soup, lightly hot & sour with natural herbs	Maesri	133				
8850539610360	Panang Curry Paste	Maesri					
8850539610452	Maesri 14 oz	Maesri					
8850539620147	Massri panang curry paste						
8850539620277	Pad thai noodle paste	Maesri					
8850539620345	Tom Yum Paste	Maesri	16				
8850539620437	Green Curry Paste	Maesri	16				
8850539620444	Masaman Curry Paste	Maesri	20				
8850539621021	Maesri green curry paste 1kg						
8850539621182	Red Curry Paste	Maesri	17				
8850539621212	Mussaman Curry Paste	Maesri	18				
8850539710442	Masaman Curry Paste	Maesri					
8850543891304	Pandan Flavor	Winners					
8850545155558	SOS IKAN NO1						
8850545888661	น้ำปลาแท้	ทิพรส	15				
8850548003825	POTATO						
8850548008325	M-JOY ORANGE						
8850548008356	M-JOY GRAPE						
8850548010939	MAJIKO SPICY						
8850548011394	Crisp Rice Snack with Korean Chicken Spicy Sauce Flavor	Mojiko	30				
8850548012100	MAJIKO CRISP RICE MALA						
8850550173646	schwarzer Reis						
88505534	Ribeye						
8850554545296	ข้าวผัดไส้กรอก		195				
8850554641080	Boat noodle		120				
8850554642551	Brühe Ramen						
8850554811223	ไส้กรอกซิกเก้นแฟรงค์	CLASSIC					
8850554829532	มินิค็อกเทล สไปซี่	CP	120				
8850567507571	Deonat Fooyspray						
8850571930334	Heineken Original The Can	Heineken	320				
8850575007131	Corn Tortillas	Danita’s	20				
8850575008138	Tortilla	TAS					
8850578120011	mee hoon bintang 400g						
8850578840018	Salt						
8850578954012	Thai Smile, Mushroom Rice Noodle Soup Bowl	Asian Superior Foods	34				
8850578954029	Thai Smile, Spring Onion Rice Noodle	Asian Superior Foods	35.5				
8850580000011	Kopiko	Kopiko					
8850580000141	Coffee Candy						
8850581137105	Extra Virgin Olive Oil Spread Butter	Naturel	15				
8850581312205	น้ำมันมะพร้าวสกัดเย็น - 150 กรัม	Zest gold	14				
8850583000247	ไทลินอล						
8850583000469	Motilium oral suspension						
8850583000599	ไทลินอล						
8850585420456	Organic Coconut Cream	MeritO					
8850585430851	Coconut Milk	Merito	400				
8850585992458	Basil Seed DRINK with Orange	Jus cool					
8850585992656	basil seed Strawberry	Jus cool					
8850587002070	Jolly Bears	7-11	20				
8850587003190	จอลลี่แบร์ 125 g	จอลลี่แบร์	20				
8850587009680	Sweet Potato Strips	Shi Tori	50				
8850590751101	F&D 205g	F&D	205				
8850590920002	we are Fresh 200g	we are Fresh	200				
8850590920101	วี อาร์ เฟร็ช 210g	วี อาร์ เฟร็ช	210				
8850590920200	วี อาร์ เฟร็ช 205g	วี อาร์ เฟร็ช	205				
8850590920408	วี อาร์ เฟร็ช 200g	วี อาร์ เฟร็ช	200				
8850620003019	Fish sauce	ปลาหมึก	15				
8850620888319	squid brand sauce de poisson	squid					
8850624038659	вода пінаколада						
8850624041987	Kato 320 g	Kato	320				
8850624153130	juice						
8850624220818	Strawberry Flavour Drink						
8850624231012	กาโตะ มะม่วงจี๊ดพริกเกลือ	กาโตะ	320				
8850624231418	กาโตะ วิตามินc+		280				
8850624256725	icoco grape 330ml						
8850624256732	Icoco lychee	icoco					
8850624256749	icoco mango	icoco					
8850624256763	icoco strwbrry	icoco					
8850624756393	กาโตะ รสองุ่นเขียว	กาโตะ	320				
8850624756485	Kato melon						
8850632064978	Zazzy Gummy Candy						
8850632100577	RAKAM SALOK						
8850632105435	chanh						
8850632105794	Colours of love Assorted fruit flavour						
8850632200031	Hartbeat love canfy						
8850632202752	sour bombs						
8850632202943	Sweetie fortified						
8850632203926	Heartbeat exotic assorted						
8850632204305	heartbeat blackberry						
8850632500445	FRIT-C PLUS COLA						
8850632500469	FRIT-C STRAWBERRY						
8850632510048	DRAGON TONGUE COLA						
8850632520764	DRAGON TONGUE BLUERASBERRY						
8850632600695	Candy stick						
8850632601807	candy stick with stawberry flavour						
8850632603658	Punk blueberry flavour	Candy stick					
8850632603979	extreme strawberry 🍓						
8850632604266	חמצוצים בטעם קולה	Yogueta	100				
8850632604587	brats						
8850632605119	Suor belts						
8850632605362	frit.c						
8850632605737	Rainbow Belts	Brats	10				
8850632605867	Sour punk candy stick mini strawberry flavour	Sour punk					
8850632606185	DRAGON TONGUE STRAWBERRY						
8850632606390	שטיחים אבטיח	Yogueta	50				
8850632606802	Candy stick						
8850632606901	sour rank	candy					
8850632607939	Extreme						
8850632608714	extrsme						
8850632608974	ExtremeZ						
8850632609704	Spaghetto Soft Candy	SourPunk	40				
8850635009013	Oleen 1000 ml	Oleen	15				
8850639004601	โกโก้ สำหรับชง						
8850639010527	Cocoa Powder	Cocoa Dutch	8				
8850639012125	Dark Cocoa 100% Cocoa Powder	Cocoa Dutch	8				
8850643000514	Por Kwan, Minced Prawns In Spices	Nr. Instant Produce Co.  Ltd.	80				
8850643000538	Bun Rieu Crab Meat	Bun Rieu	80				
8850643000811	Por Kwan, Chilli Paste With Holy Basil Leaves	Nr. Instant Produce Co.  Ltd.	15				
8850643002334	Instant beef flavor paste						
8850643002440	Vietnamese beef flavor paste						
8850643003423	Pad Thai Sauce						
8850643003812	Sauce Piment Pour Fruit De Mer 200ML						
8850643004611	Sambal with Anchovies						
8850643004642	Minced Crab in Spices	Por Kwan	80				
8850643005359	Pennywort drink						
8850643006929	DeDe Basil Seed/HONEY drink						
8850643009111	Pandan Leaves Extract	Por Kwan	240				
8850643009210	Porkwan yanang leave extract						
8850643013330	Por kwan, chicken flavor broth, chicken, chicken	Nr Instant Produce Co. Ltd	245				
8850643015440	Chili Sauce Sweet Dipping 825g Thai Delight	Oluf lorentzen as					
8850643021311	Minced Crab In Spices	Lee Brand	80				
8850643021823	Minced Crab In Spices	Lee Brand	80				
8850643023216	Galanga						
8850643023315	Citronnelle séchée						
8850643024718	Por Kwan, Sour Soup Base Concentrate	Nr. Instant Produce Co.  Ltd.	10				
8850643024749	NU’Ó’C ME CHUA CONCENTRATED COOKING TAMARIND						
8850643026217	Satay Peanut Sauce	Lee	25				
8850643027313	Por Kwan, Garee Yellow Curry With Onion & Potatoes, Mild	Nr. Instant Produce Co.  Ltd.	125				
8850643027412	Por Kwan, Green Curry With Bamboo Shoots & Baby Corn	Nr. Instant Produce Co.  Ltd.	110				
8850643027832	Tom Yum Paste	Por Kwan	15				
8850643028129	laksa paste	Por Kwan	25				
8850643028518	Por Kwan, Panang Red Curry With Onion & Potatoes	Nr. Instant Produce Co. Ltd.	110				
8850643031518	Broth soup	Nr. Instant Produce Co.  Ltd	245				
8850643032713	Spicy Beef, Flavor Paste	Lee	15				
8850643033611	Thai tea						
8850643033918	Instant Thai Tea Drink						
8850643036919	Vegetable Mushroom Soup Base Mix	Nr. Instant Produce Co.  Ltd	4.5				
8850643037213	Fast Rising Instant Yeast						
8850643043412	Tom Yum Kung Soup	Lee	245				
8850643051219	Instant milk tea powder	Nr. Instant Produce Co. Ltd.	35				
8850643055811	Oyster Sauce	Lee	15				
8850643057617	Beef flavor broth mix						
8850643057914	Por kwan, beef flavored broth, beef, beef	Nr. Instant Produce Co.  Ltd.	245				
8850643059116	Fried Red Onion	Por Kwan					
8850643059123	Fried Red Onion	Lee Brand					
8850643062819	Instant green tea with cream sugar	Nr. Instant Produce Co.  Ltd	35				
8850643063045	Hokkien noodles	Thai delight	100				
8850643063458	Lemon Grass	Thai Delight					
8850643063977	Pork Flavor Beoth Mix						
8850643064417	Sweet Chili Sauce	Lee Brand	25				
8850643064646	Hoisin Sauce Bbq 200ml Thai Delight	Oluf lorentzen as					
8850643064806	tamarind concentrate	por kwan	10				
8850643064837	Lee, Sate Trieu Chau	Nr. Instant Produce Co.  Ltd.	15				
8850643065469	Spicy crab paste						
8850643065582	Gia Vi Bo Kho	Por Kwan	15				
8850643066824	Green Curry Paste	Thai Delight					
8850643067005	Thai Delight Hokkien Noodles						
8850643067401	Pho Broth						
8850643067425	Phö broth mix						
8850643067777	fried chili paste						
8850643068101	Roasted Peanut Satay	Thai Delight	130				
8850643068132	Tamarind Soup Base	PORKWAN					
8850643068842	Lee, Stir Fry Soy & Sesame	Nr. Instant Produce Co.  Ltd.	30				
8850643069429	Thai Delight Red Curry						
8850643070302	Pad Thai Sauce	Por Kwan	100				
8850643070432	Laab-Namtok Seasoning Mix						
8850643070524	3 In 1 Instant Thai Tea With Crean/Sugar	Dede	35				
8850643070838	Vietnamese Style Dipping Sauce for Fresh Spring Roll						
8850643071149	Matcha instant boba						
8850643072535	Thai Coffee						
8850643072542	Boba milk tea						
8850643073181	Instant Matcha green tea with cream sugar						
8850643073242	sos						
8850643073341	Konjaknudeln	Thai Delight					
8850643073365	Konjac Noodle	Thai Delight					
8850643073372	Konjak Rice	Thai Delight					
8850643073792	Thai Chilli Paste with Shrimp Oil	Por Kwan Brand					
8850647000329	Curry Paste	JHL	15				
8850647000503	Jhl, pure palm sugar	Jhl	4.5				
8850647001272	Dried Longyan	JHL					
8850647002538	Rice noodles						
8850647002880	Sweet and Sour Plum Powder						
8850647003306	Jhc, Pure Palm Sugar	Jack Hua Company Limited	4.5				
8850647446646	Pure Palm Suger						
8850649000082	King Longans Litchi	Lamthong	70				
8850649005131	Toddy Palm & Jackfruit In Syrup	Golden Lion	140				
8850649009290	Lamthong, Fruit Cocktail In Syrup	New Lamthong Food Industries C	140				
8850649100096	Lamthong, Mangosteeen In Syrup	New Lamthong Foods Industries	152				
8850649205159	Cream Style Golden Sweet Corn	New Lamthong	121				
8850649310426	Golden Choice Frozen Lemon GRASS (MINCED)						
8850649311508	Jelly fit fresh frozen coconut jelly						
8850649316374	Coconut water	New Lamthong Foods Industries	100				
8850653180374	Liquid Egg White	Cp	3.3				
8850653180381	Egg White Pasteurized	CP	100				
8850653180497	แกงป่าหมู	ตายาย	100				
8850653194500	สุกี้แห้งไก่	Ezygo	220				
8850653196054	[Only one image]						
8850653196573	Tender Chicken Breast	CP	85				
8850653196580	อกไก่นุ่ม	CP	85				
8850653197013	เกี๊ยวกุ้งสับตราซีพีเฟรชมาร์ท	CP freshmart	135				
8850653205510	เลือดหมู	CP	100				
8850653206555	Garlic And Pepper Tender Chciken Breast	CP	85				
8850653210934	หมูสันคอสไลซ์						
8850653236514	หมูสดอนามัย	ซุปเปอร์เชฟ					
8850653238846	Braised Pork	CP	100				
8850653242379	Chicken Meat	CP Selection					
8850653430776	Cage-Free Egg	Benja Egg	62.5				
8850653530032	ไก่ย่างบุลโกกิ	ซีพี	100				
8850653530391	ไก่ย่างซอสญี่ปุ่น	ซีพี	100				
8850653670547	CP 330g	CP	330				
8850653792065	Pork Congee with Shiitake Mushroom	Ezygo	285				
8850653792539	กุ้งอบวุ้นเส้น	EZYGO	200				
8850653799057	cp pacific						
8850672120238	Therma plast neck						
8850672120245	Therma plast neck						
8850672120252	Therma plast shoulder						
8850672120269	Therma plast shoulder						
8850672120344	Therma plast neck						
8850672120351	Therma plast shoulder						
8850672232054	Tigerplast soft pad						
8850678239934	Albendazole. 200 mg.						
8850706000260	Boulettes de poisson	Chiu Chow Brand	100				
8850706000376	Mixed seafood fishball	Chiu Chow	100				
8850706082174	Fried Fish Tofu Cube with chili	Chou Chow Brand	100				
8850706082181	ห่อหมกปลา	Ezygo	140				
8850710015045	Dr.somchai acne foaming cleanser						
8850710100123	Dr.somchai acne double whip foam						
8850710110030	Dr.somchai acne deep cleansing foam						
8850718800209	Cheesy chips		15				
8850718801664	Potato chip bag(Sweet basil)		70				
8850718801879	Nori Seaweed	Lay's					
8850718802531	เลย์คลาสสิคสาหร่าย						
8850718803866	LAY STAX SPICY LOBSTER	Lay's	35				
8850718804757	ตะวัน รสหมึกสามรส		16				
8850718805327	ซันไบทส์ ออริจินอล	ซันไบทส์	15				
8850718805334	Baked Multigrain Snack Barbeque Flavor	Sunshine					
8850718805648	เลย์ รสลูกชิ้นปิ้งน้ำจิ้มแซ่บ	เลย์	29				
8850718807901	เลย์ สแตก เหลือง						
8850718808410	Lays STAX	Lay's					
8850718809028	Seaweed Chips	Lays	30				
8850718809936	เลย์เบค รสสาหร่าย	เลย์	30				
8850718810284	เลย์ กลิ่นวาซาบิญี่ปุ่น	เลย์	60				
8850718810338	เลย์ รสปูผัดผงกะหรี่	เลย์	28				
8850718811359	lay [Only one image]						
8850718811809	โดริโทส รสนาโชชีส	โดริโทส	30				
8850718811816	Doritos Spicy bbq	Doritos					
8850718814152	เลย์	Lay's	30				
8850718815029	Laej	Lay's					
8850718815401	Korean bbq	Lay's					
8850718815692	lays Wavy 50g	Lay's					
8850718815708	Lay's	Wavy BBQ Flavor	50				
8850718815807	Lay potato Max ridged chips gourmet SOUR Cream&onion						
8850718815920	Potato chip Lay’s Esan Hot Pot Flavor	Lay's					
8850718816279	STAX Mac & Cheese	Lay’s	105				
8850718816507	เลย์ สแตคส์	Lay's	14				
8850718816606	Korean Cream Cheese Garlic Chips	Lay's					
8850718816743	Tawan Tapioca chips somtum and grilled chicken flavour						
8850718817108	เลย์	Lay’s	34				
8850718817115	เลย์	Lay's	34				
8850718817368	Truffle	Lay's					
8850718817412	เลย์สแต็ค รสเห็ดทรัฟเฟิล	Lay's	42				
8850718817580	เลย์รสแซลมอนแซ่บซี๊ด	Lay’s	30				
8850718817627	เลย์ 3 in 1 กลิ่นป๊อปคอร์นมิกซ์	เลย์	30				
8850718818488	มันฝรั่งแท้ทอดกรอบแผ่นเรียบ กลิ่นชิลลี่แครบ	เลย์	43				
8850718818587	Lay Chip Max Xtra crunch  crab curry flavour						
8850718818921	เลย์ กลิ่นแซลมอนย่างครีมชีส	Lay’s	30				
8850718819348	เลย์ รสต้มยำมักุ้งหม้อไฟ	Lay’s	30				
8850718819379	Boat noodles flavor	Lay's					
8850718819393	เลย์ รสก๋วยเตี๋ยวเรือ	Lay’s	30				
8850718819478	LAY NORI SEAWEED	Lay's	30				
8850718819669	7-Eleven 42 g	7-Eleven	42				
8850718820078	[No image]						
8850718820429	🍟 Flat Potato Chips Roasted Nori Seaweed Flavor	Lay's Light	30				
8850718820597	Lay's	Lay's	30				
8850718820719	Lay’s Max BBQ Chips	Lays	44				
8850718820733	MAX Spice	Lays	44				
8850718820740	Lay's max™ ridged potato chips ghost pepper extra chili flavor		30				
8850718820856	LAY MALA BARBECUE	Lay's					
8850718820900	LAY PRIK PAO CHEESE	Lay's					
8850718820993	Sunbites						
8850718821105	Lay's 67 g	Lay's	30				
8850718821242	lays mieng Kam krob ros						
8850718821594	辣樂事	Lays	30				
8850718821631	ชีโตส ซาวครีม						
8850718821846	เลย์	เลย์					
8850718821952	Japan Lay’s	Lay’s	30				
8850718821976	Spanish Style Garlic Shrimp	Lays	30				
8850718822003	Riceberry Snack	Sunbites	30				
8850718822041	Lay's stax corn cheese flavor		42				
8850718822133	Lay's rocks potato chips baked spinach with chese favor		30				
8850718822416	lays spicy mala						
8850718822430	LAYS CHIPS THAI BASIL	Lay’s	30				
8850718822454	lay larb tod						
8850718822539	Lays ‘s Chips Basil Flavored	Lays	30				
8850718823048	Lay's	Lay's	40				
8850718823062	เลย์ 40 g	เลย์	40				
8850718823079	ตะวัน สาหร่าย						
8850718823086	ตะวันกุ้ง						
8850718823109	ตะวัน ลาบแซ่บ						
8850718823178	เลย์ 66 g	เลย์	30				
8850718823185	Lay's 44 g	Lay's	44				
8850718823208	เลย์ 44 g	เลย์	44				
8850718823215	Chili & Salt Chips	Lays	30				
8850721011814	เต้าหู้สตีม (นิ่ม) ohayo						
8850722510484	Cooling ociio spray						
8850722664316	Water Melon Powder						
8850722664736	Civic oil C powder						
8850743010192	Textured Soy Protein	JV	50				
8850762010050	นมข้นหวาน	พาเลซโกลด์	30				
8850762040101	Dill Pickles						
8850762050230	นมข้นหวานพาเลท						
8850762050322	Kondensmilchtube						
8850765001048	ปูไทย สาหร่าย						
8850769009453	Nat B	Mega					
8850769013108	MAX XOMEGA 3	Mega We care					
8850769013429	Acnetin 10						
8850769014426	Fenza						
8850769014853	OSTEOMIN JOINT CARE 3x 10 Film Coated Tablets	JOINT CARE					
8850769016512	Eugica candy						
8850769016802	LIVOLIN						
8850769017908	Eugica syrup						
8850769018530	ZEMAN 3x10 Softgel Capsules						
8850769019056	GOFEN 400						
8850769020090	Mega we care 1000 g	Mega we care	10				
8850769020236	Nat-c						
8850769020908	EUGICA COFF HERBAL LOZENGES						
8850769022391	Glow collagen						
8850769022698	Zirin						
8850769022711	Natc						
8850769023022	Eugica spray						
8850769023855	Glow anti-wrinkle serum						
8850769025507	Giloba						
8850769025750	Natc gummies						
8850773110701	น้ำมะเม่า	ดอยคำ	200				
8850773110718	น้ำเบอร์รี่รวม	Doikham	200				
8850773510358	98% Mango Juice 200ml	DoiKham	200				
8850773510488	ดอยคำน้ำมะเขือเทศ P.4						
8850773510761	ดอยคำน้ำมะขามผสมน้ำผึ้ง						
8850773511881	Winter Melon Drink	Doi Kham	250				
8850773511942	ดอยคำ 200 ml	ดอยคำ	200				
8850773511980	ดอยคำ 200 ml	ดอยคำ	200				
8850773512239	ดอยคำ 200 ml	ดอยคำ					
8850773530042	Doi kham 500 ml	Doi kham	20				
8850773550576	Dehydrated guava	Doi Kham	40				
8850773570123	Mango with Passion Fruit Spread	Doi Kham					
8850779100102	s-p 200 ml	s-p	200				
8850779781981	TIPCO ананас						
8850779790358	Dr. Drink - Lychees e lime						
8850781601505	Thai satay sauce 2yrs prod						
8850781700109	Green curry paste						
8850781700802	Tomyum Paste	Thai Heritage	100				
8850781701069	Salsa Picante Agridulce	Thai					
8850781701205	Thai hot Sour sauce 2yrs prod						
8850781702714	crushed galagam						
8850781702929	Thai Seafood sauce 2yrs prod						
8850781703537	Sesam Oil	Thai					
8850781704039	Feuilles De Citron Séchées	Thai Heritage					
8850781704145	Thai panko 2yrs prod						
8850781704886	SRIRACHA Majo	Thai heritage					
8850781707214	Yellow Curry Paste	Thai Heritage					
8850781707269	Chinese Noodles	Thai Heritage	100				
8850783000009	มารูโจ้รสไก่						
8850788804022	Kernel corn	Affco					
8850789106491	Mogu pineapple						
8850801891947	ข้าวโพดอบกรอบแม่เล็ก		35				
8850801892234	แม่เล็ก	แม่เล็ก	25				
8850813200300	Sweet Chili Sauce Low sodium formula	กู๊ดไรฟ์	36				
8850813213010	Seasoning Sauce (Soybean Sauce)	Good Life					
8850813223019	น้ำจิ้มซีฟูด						
8850813223026	น้ำจิ้มสุกี้สุขภาพ						
8850813300000	100% Pure Coconut Water	King Insland					
8850813315028	Coconut Flower Syrup	King Island					
8850813322040	All Purpose Seasoning Sauce	King Island					
8850813502008	Panang curry soup	รอยไทย	80				
8850820204537	SB ROD SNACK NORI						
8850820204735	ข้าวเกรียบหลอด ตราเอสบี	เอส บี					
8850820505337	ไดโนพาร์ค 5บาท						
8850826500749	metwurst	tgm					
8850826506062	Ham	TGM					
8850826506727	Smoked Chicken						
8850855618758	lucky nishin						
8850866112421	ซอสหอยนางรม	BigC	15				
8850866113343	Salsa Thai Prestige	Thai Prestige	100				
8850866116702	Plum sauce						
8850866120525	Thai prestige sweet chili sauce						
8850879100682	Mogu mogu litchi						
8850884119020	ไลม่า ครีม						
8850885122760	Curry powder						
8850885394761	Ground white pepper						
8850885594413	Rice stick						
8850901050053	นมพรั่สงสุด 500 g	นมพรั่สงสุด	6				
8850901100154	โจ๊กไก่ จิตรลดา	Chitralada	340				
8850901140129	จิตรลดา 400g, 15 g per table	จิตรลดา	400				
8850904219013	Giffarine Honey foam						
8850904373197	Giffarine 700 ml	Giffarine	200				
8850904672498	Dmaxx energy formula						
8850931030506	Fried Fish Tofu	Madame Wong	80				
8850931031244	Glace  noix de coco		80				
8850931031268	Panda with jelly						
8850931031756	Frozen Pandan Leaves	City Fresh					
8850931032685	Taro Coconut Based Icecream						
8850931032876	Durian						
8850931040062	Klebriges Reis-Mehl	Madame Wong					
8850931040215	Jackfruit in Brine	Madame Wong					
8850931040666	Farine de  Tapioca	Madame  wong	30				
8850931041045	Frozen Banana Leaves	City Fresh					
8850931041274	Banana sticky rice cake	Madame Wong	113.5				
8850931041434	Bamboo Shoot						
8850931042400	Weiße Sesamsamen	Madame Wong					
8850931042646	Schwarze Sesamsamen	Madame Wong					
8850931043964	Hot Chili Sauce Sriracha						
8850931050085	Sriracha	Madame Wong	30				
8850939200680	Chocolate chips						
8850939912484	Van houten 140 g	Van houten	28				
8850939921585	ทิวลิปไวท์ชิพส์เม็ดกลาง 500กรัม						
8850939929567	เจลฟี่ จูชชี่ เกรป						
8850939943631	basil leaf	McCormick					
8850939961291	ล็อคเกอร์ 140 g	ล็อคเกอร์	28				
8850939977919	ไวท์ช็อก						
8850940010698	HAITAI 192 กรัม	HAITAI	24				
8850940014672	High Fat 24% Cocoa Butter	Tulip	12				
8850940017376	chocolate						
8850940018021	VAN HOUTEN 140 g	VAN HOUTEN					
8850940021632	Jelfy	Jelfy Spooky Skull					
8850940026484	ขนมบัวหิมะไส้ถั่ว - 50 g		50				
8850940033901	McVitie's The Original	McVitie's					
8850943519242	BIGGA Stick Corn Cheese Flavor	BIGGA					
8850943525281	OK Thin Biscuit	OK					
8850943528954	BIGGA CHOCOLATE						
8850943529951	BIGGA SELFIE BROWNIES CHOCO						
8850943530131	BIGGA SELFIE PANDANLAVA						
8850943538588	wafer stick strawberry flavour	bigga					
8850952213537	ดีโด้ เเคนตาลูป 20%						
8850952219744	MIKKU	mikku					
8850952224144	Fruitku grape						
8850952229446	Fruitku strawberry						
8850952229545	Fruitku melon						
8850952250549	DEEDO GRAPE						
8850952250648	Deedo						
8850952253540	DEEDO CANTALOUPE						
8850952253649	น้ำส้มสายน้ำผึ้ง	ดีโด้	225				
8850952545737	Deedo		100				
8850952925102	Jelly Deedo						
8850959001137	ลีลา 1 L	ลีลา	15				
8850978200061	Green Tea Ice cream	Bud’s ice cream					
8850987101199	Mama Nudeln						
8850987101496	มาม่า เป็ดพะโล้	Mama					
8850987101946	เจเรสต้มยำ	มาม่า					
8850987108136	Oriental style instant noodle tom yum flavour	Thai Chef					
8850987128745	Shrimp Creamy Tom Yum Instant Noodles	MAMA	60				
8850987131158	Mama Instant Noodles Spicy	Oriental Kitchen	85				
8850987131370	Shrimp Creamy Tom Yum Flavour	Mama	60				
8850987133152	Instant noodles	Bamee Cup	370				
8850987139161	Shiitake & soy sauce	Ts Tan Tan	75				
8850987139246	Miso						
8850987140006	RUSKI TOMYUM						
8850987141218	มาม่า รสต้มแซบ						
8850987142628	มาม่าเย็นตาโฟ เเพ็ค10						
8850987143342	Pork Nuudelit	Mama	490				
8850987143618	Instant noodles	mama	60				
8850987143854	Oriental Style Instant Noodles Chicken Flavour	Mama	375				
8850987143861	Oriental style instant noodles	MAMA	70				
8850987144509	Instant Noodles	MAMA	75				
8850987144943	Mama seafood pad kee mao	Mama					
8850987145254	Mama cup	MAMA					
8850987146695	Chicken flavour	Mama					
8850987148248	MAMA 350	MAMA					
8850987148361	Mama Nudler Kylling med Risolje 60g	VATAN ENGROS AS	405				
8850987148378	Mama Nudler Reker med Risolje 60g	VATAN ENGROS AS					
8850987149320	Pork Flavour	Manna					
8850987149382	Mama Noodles	Mama					
8850987150838	บะหมี่กึ่งสำเร็จรูป กลิ่นชิลลี่แครป	mama	85				
8850987151422	Noodle Chicken Flavour	Mama	100				
8850987151736	Mama Chicken Flavour Oriental	Mama	485				
8850987194641	มาม่าคัพ โอเค ชีสโคชูจัง	mama					
8850987194993	Oriental Kitchen Kimchi Seafood	Mama	85				
8850987201035	Instant Rice Stick S Tom Yum / Snabb-Risnudlar &quot;Tom Yum&quot; Smak / Hurtige Risnudle	Mama					
8850987297342	Instant Nudelsuppe	Mama					
8850987351068	Bissin บัตเตอร์โคโคนัตบิสกิต ไส้ครีมกลิ่นส้ม						
8850987351396	Bissin Coffe Wafers						
8850987362705	บิสชิน 45 g	บิสชิน	45				
8850987364723	โฮมมี่ มะพร้าว						
8850987364785	โฮมมี่ สาหร่าย						
8850987364815	โฮมมี่ งาดำ						
8850987367045	บิสซิน 100 g	บิสซิน	33				
8850987369506	Bisshin						
8850987369988	ทินบิสกิตรวมรส - 17 g x 12 sachets	Bissin	34				
8850987377273	โฮมมี่ รสคาราเมล						
8850987377334	โฮมมี่ โกโก้						
8850987377723	โฮมมี่ รสงา						
8850987701047	Pre-cooked Rice Porridge Chicken Flavour						
8850993102043	งามระหง						
8850994101090	ramen chicken	mama					
8850998010084	วนัสนันท์กระเทียมดอง 850 กรัม						
8850999000565	เบียร์สิงห์	Singha					
8850999001784	สาหร่ายมาชิตะ ออริจินัล						
8850999003443	สาหร่ายมาชิตะบาร์บีคิว						
8850999004020	ชาอู่หลง						
8850999007519	Roasted Seaweed	Masita					
8850999009681	can						
8850999010946	Seaweed Tomyumkung	Machita	5				
8850999012384	red curry with noodles						
8850999012391	Yellow curry with noodles						
8850999012407	Green curry						
8850999012414	massaman curry worh noodles						
8850999012421	Pad thai						
8850999012438	Holy Basil sauce with Noodles						
8850999013077	Leo 320ml						
8850999014302	Singha 620ml						
8850999014326	เบียร์สิงห์ singha 320ml ~ direct. Platinum 72075						
8850999014333	Singha 620ml						
8850999014364	Singha 6s 320ml ~ direct. Platinum 72075						
8850999018249	Sweet abd sour sauce w noodles						
8850999018256	Chow Mein Sauce with Noodles						
8850999018423	Vittamin water	Purra	500				
8850999018522	singha						
8850999020099	Korean Seaweed Topping Original	Masita	40				
8850999022666	Crispy Seaweed With Spicy Chicken Drumsticks Flavored	Masita	4				
8850999023939	Korean Topping Seaweed Shots	Masita					
8850999026558	Baked Seaweeds	Masita	4				
8850999026930	SINGHA LEMON SODA	SINGHA					
8850999027357	MANDARIN ORANGE FLAVORED FRUIT TEA	HARU					
8851004101116	ปาร์ตี้คาราเมล						
8851004101352	Party fried sweet Potato chips						
8851004102052	ปาร์ตี้ กล้วยหอม						
8851004104056	ปาร์ตี้ครองแครง						
8851004104100	ปาร์ตี้ครองแครง						
8851004120209	ปาร์ตี้คริสปี้พาย						
8851004121206	ปาร์ตี้คริสปี้พายรสคร์อนชีส						
8851004199311	Corn Star	ปาร์ตี้	12				
8851004199571	ดอรี่ เหลือง						
8851004199779	ปาร์ตี้ โตเกียวเนยกรอบ						
8851004199793	ปาร์ตี้โตเกียวเนยกรอบ						
8851004199830	ปาร์ตี้เลมอนชีสเค้ก						
8851004199984	ขนมทอดกรอบเคลือบเนยคาราเมล รสปังพริกเผา	ปาร์ตี้	28				
8851004408055	TASTO PLA SAM ROD						
8851004408178	เทสโต ปลาสามรส	Tasto					
8851004416050	เทสโต ซอลธ์&ซาวร์						
8851004417057	เทสโต สาหร่ายญี่ปุ่น						
8851004417200	Japanese Seaweed	Tasto	20				
8851004417309	เทสโต้ รสสาหร่ายญี่ปุ่น	เทสโต้	28				
8851004418016	เทสโต บาบีคิว สไปซี่						
8851004418023	TASTO DEVIL SPICY						
8851004418030	TASTO DEVIL CHILI	Tasto	42				
8851004475507	Signature Real Salted Egg Potato Chips	Tasto	30				
8851004496922	Home Fried Sour Cream & Onion Chips	Tasto Signature	30				
8851004498261	เทสโต บ๊วยเผ็ด						
8851004498469	เทสโต wave รสสาหร่ายเเซลมอน						
8851004498476	เทสโต wave สาหร่ายแซลมอน						
8851004498582	Thai Tom Yum Goong Nam Khon	Inalfcn	30				
8851004498971	Karamucho 40 g	Karamucho	20				
8851004498995	คารามูโจ้ รสหม่าล่าหม้อไฟ	คารามูโจ้	20				
8851004499077	คารามูโจ้ กลิ่นสไปซี่แคลิฟอร์เนียโรล	คารามูโจ้	20				
8851004499237	Wave						
8851004801054	โดโซะ รสกลมกล่อม						
8851004832560	โดโซะมันเทศรสคอร์นชีส						
8851004899457	โดโซะ ไรซ์ รสมะเขือเทศ						
8851004899495	โดโซะ ไรซ์ รสกลมกล่อม						
8851004899518	โดโซะ คอร์นชีส						
8851004899532	โดโซะ กลมกล่อม						
8851004899747	DOZO	DOZO	12				
8851004918158	ดอรี่ ฟ้า						
8851007197093	ผักชี						
8851008000064	น้ำปลาแท้ ตราหอยหลอด	หอยหลอด	15				
8851008000590	หอยหลอด 700ml	หอยหลอด	15				
8851008000781	น้ำส้มสายชูกลั่น	รวมรส	15				
8851011111160	Longans au sirop						
8851011215356	elephants						
8851011311195	100% Coconut Water						
8851011322955	COCONUT CREAM Rich & Creamy	ELEPHANT AND SUN					
8851011511274	Saumure de poissons						
8851013722487	ทิปโก้40%บล็อคโคลี่						
8851013744984	Brocolis mix fruit juice	Tipco	200				
8851013756932	ทิปโก้ เนเจอร์ อัพ 180 ml	ทิปโก้ เนเจอร์ อัพ	180				
8851013762599	ABC Juice Apple, Beetroot and Carrot Juice	Tipco					
8851013764982	100% Coconut Water	Tipco					
8851013772499	Watermelon						
8851013773984	น้ำเชอร์รี่ เบอร์รี่ ผสมองุ่น	ทิปโก้	200				
8851013778934	ทีปโก้ น้ำส้มสายน้ำผึ้ง	Tipco					
8851013778989	ทิปโก้100%น้ำส้มสายน้ำผึ้ง	Tipco	200				
8851013790912	Pomegranate juice	Tipco	110				
8851013794934	ทิปโก้ น้ำส้มเขียวหวาน						
8851013795498	Jus de goyave						
8851013797935	ทิปโก้น้ำองุ่นแดง						
8851013798918	Tipco Apple Kid						
8851013798987	น้ำแอปเปิ้ล 100%	ทิปโก้	200				
8851016000537	บันบัน						
8851016000681	แจ็กซ์ ซอสพริก						
8851016000698	แจ็กซ์ ซอสมะเขือเทศ						
8851016000810	คาลบี้ รสต้มยำ	คาลบี้	28				
8851016001169	مقرمشات الروبيان	Calbee					
8851016002012	คาลบี้ ซูเปอร์	คาลบี้	32				
8851016006232	Harvesr snaps						
8851016006249	Prawn Crackers Grilled Squid Seaweed	Calbee	100				
8851016216075	ข้าวเกรียบกุ้ง เคลือบซอสพริกเผา	Calbee	25				
8851016218017	Calbee wasabi shoyu - Calbee		30				
8851016221130	คาลบี้ข้าวเกรียบกุ้งบาบี้คิว						
8851016223219	แจ็กซ์มันฝรั่งแท่งพร้อมซอสไข่เจียว						
8851016230194	Baked Pea Crisps	Calbee	35				
8851016300156	Green peas snack	Calber	31				
8851016500112	Baked Pea Crisps Sour Cream & Chives Flavour	Calbee Harvest Snaps	35				
8851016500167	ขนมถั่วลันเตา	บันบัน	25				
8851016500228	HOOLEYS RINGS (SOUR CREAM &​ ONION)​	Calbee					
8851016500242	บันบัน น้ำเงิน						
8851019000367	Pocky 39 g	Pocky					
8851019000619	Pocky Summer Paradise peach lychee	Glico					
8851019000800	Glico Pejoy Vanilla Hokkaido Milk	Glico					
8851019000848	Pejoy Vanilla Hokkaido Milk	Glico					
8851019001128	Almond Koka Chocolate Flavor	Glico	180				
8851019001531	Pocky baked cheesecake	Glico	33				
8851019001630	Glico	Glico	41				
8851019001753	ป็อกกี้นม12ซอง						
8851019001821	Passion Fruit Yogurt	Pocky	38				
8851019001890	POCKY CRUSHED NUTS DOUBLE HAPPINESS CRUNCHY & THICK	Glico					
8851019005492	Poki						
8851019015170	pocky chocolate	glico					
8851019020273	GLICO ALFIE CHOCOLATE						
8851019020365	GLICO ALFIE MILK & STRAWBERRY						
8851019030265	เพรทซ์คอร์นเล็ก						
8851019030333	เพรทซ์ลาบเล็ก						
8851019030760	Glico Teenie Strawberry	Glico					
8851019030906	เพรทซ์ รสน้ำจิ้มไก่	กูลิโกะ	21				
8851019030913	เพรทซ์ รสน้ำพริกเผาไทย	กูลิโกะ	21				
8851019100180	Glico	Glico	41				
8851019130149	Pretz sour cream n onion	Pretz					
8851019210254	pejoy choco						
8851019210278	Pocky 7packs						
8851019230214	pretz jagung manis						
8851019310251	Pocky (chocolate flavour)	Pocky	22				
8851019310268	Pocky strawberry flavour value pack	Pocky	21				
8851019410142	pocky chocolate	Glico					
8851019500454	pejoy						
8851019500683	Pocky Wholesome	Pocky	36				
8851019510514	Biskuit Stik Rasa Original						
8851019510736	Pocky colourful limited Edition	Glico					
8851019600000	Almond Koka Original	Glico	180				
88510196000093	Wrong barcode						
8851019600093	almond koka	Glico	180				
8851019600253	Pretz Baked Biscuit	Glico	18				
8851019600291	Pocky Milk Flavour						
8851019600338	Pocky Milk Chocolate	Glico	21				
8851019600499	Pocky Rose	Pocky					
8851019600727	Pocky Rose Flavour						
8851019600857	Ondeh Ondeh Pocky	Glico	28				
8851019600871	Durian Flavored Pocky	Glico	29				
8851019601236	Mala Pretz	Glico	100				
8851021104886	Batavo probio2 170g, ameixa						
8851028000358	Vamino Soymilk original 6 packs						
8851028001935	Vitamilk CHAMP Double Choco Tetra 6s x 100ml						
8851028002208	V-soy Multi-grain		200				
8851028003106	Soya bean milk original	Vsoy					
8851028004585	ไวตามิลค์ แชมป์ สูตรน้ำตาลน้อย	ไวตามิ้ลค์	110				
8851028004882	Thai Tea Soymilk						
8851028005179	Vitamilk Strawberry						
8851028005322	ไวตามิลค์ แชมป์ สูตรช็อกโกแลต	ไวตามิ้ลค์	110				
8851028005889	V soy multigrain No sugar 1L	V-Soy	250				
8851028006756	v- soy no sugar	Multi-Grain					
8851028006787	Vitamilk Yuzu	Vitamilk	300				
8851028006862	ไวตามิ้ลค์ ไลท์ 300มล						
8851028006879	vitamilk melon						
8851032800043	Plant Based Pork Jerky	Happy Meat	35				
8851035320050	Dried squid	Bdmp	100				
8851035410003	Dried fish						
8851035415008	Dried Fish	BDMP					
8851035821007	Kaffir Limettenblätter						
8851035821069	Frozen Lime Leaves						
8851042800125	ข้าวแสนดี 100 g	ข้าวแสนดี	100				
8851042806110	Glutinous Rice	Sandee					
8851046911025	Thai Glutinous Rice	Golden Royal	50				
8851060030450	Fischkugeln						
8851060061089	Reiskuchen Gefüllt mit Banana						
8851064006925	Breaded Shrimp						
8851081180059	Longvity Nudeln						
8851081181230	Tapioca Pearl “S”						
8851081222636	Sweet Chili Sauce	Double Golden Fish Brand	15				
8851081222681	Sweet chili Sauce	Double Golden Fish Brand	15				
8851081222810	Mango Sauce						
8851081222919	Peanut Satay Sauce	Double Golden Fish Brand	15				
8851081224654	Teriyaki sauce	Double Golden Fish Brand	15				
8851081224661	Spicy Teriyaki Sauce		15				
8851081225330	Oyster Sauce	LinLin					
8851081225415	Hoisin Sauce	Golden Pagoda					
8851081250110	Black Pepper Sauce	White Elephant					
8851081250172	Søt & Sur Saus	White Elephant					
8851081250202	Ginger Sauce	White Elephant					
8851081250301	oyster sauce	white elephant					
8851081250417	Соус Падает Тай	WOK					
8851081250677	Sweet Chilli Sauce	White Elephant	30				
8851081281596	mayo sause						
8851081281671	Taka unagi. No tare						
8851081281701	Yakiniku Sauce	Taka					
8851081281770	Sushi & Sashimi Soy Sauce	TAKA					
8851081281824	Tonkatsu Sauce	Takao					
8851081282418	Sushi Rice Vinegar	Kaori					
8851081282784	sweet Chili Sauce	melda					
8851081283439	Sichuan pepper “ma la”  sauce	LinLin	15				
8851081290116	Teriyaki Sauce	Dragon	15				
8851081290123	Peanut sauce satay	Dragon	15				
8851081300471	unagi sauce						
8851081300495	Siracha Hot Chili Sauce	Tiger Brand	15				
8851081301430	Sambal	Ox Brand	15				
8851081301782	GYOZA SAUCE	KAORI					
8851081301799	JAPANESE WAFU SALAD DRESSING	KAORI					
8851081301812	SUSHI SASHIMI SOY SAUCE	KAORI					
8851081301836	YAKISOBA SAUCE	KAORI					
8851081301843	PONZU SAUCE	KAORI					
8851081420131	Pickled Red Chilli						
8851081422180	Pickled Garlic		20				
8851081422326	Pickled Ginger (sliced)						
8851081425228	Pickled Mayom	Double Golden Fish	150				
8851081480418	Ground red chili	Penta	15				
8851081481040	Twin Rabbits, Pickled Garlic	Penta Impex Co.  Ltd.	20				
8851081481262	sour Bamboo Shot						
8851081525089	Intant Thai Red Curry Paste						
8851081543229	Tom Yum Paste	Double Golden Fish Brand	30				
8851081545568	Pad thai paste						
8851081570249	Fried Crispy Chili In Oil	Golden Boy	15				
8851081570355	Instant Hot and Soup Base						
8851081580699	Penta lnstant tomyun paste						
8851081610105	Tamarind Puree	White Elephant					
8851081630608	Concentrated Tamarind	L.A Lucky	10				
8851081640430	Seasoned Anchovy	Big Enjoy	100				
8851081653010	Palm sugar						
8851081690008	Palm Sugar	Dua Duong	50				
8851081790005	Dried longan						
8851096060018	Juicy Pop Drop						
8851111201112	Sofy						
8851111400331	Mamy poko royal soft S 28						
8851111400423	Mamy poko perekat newborn						
8851111401277	Mamy poko r soft girl xl 24						
8851111601134	mm	mm					
8851121217431	Ravioli ai funghi porcini						
8851123113076	utaitip						
8851123212861	M-150						
8851123215213	เครื่องดื่มฉลาม						
8851123215435	SHARK						
8851123222129	Shark						
8851123224857	Shark apple & melon						
8851123224895	Shark Red Berries						
8851123226004	كليكز مشروب الطاقه						
8851123237215	วิตามินซี+ไฟเบอร์	C-vitt	100				
8851123240611	M 150 10 packs ×150ml						
8851123240635	M 150    250ml						
8851123240666	chanta						
8851123250108	Shark strawberry line can						
8851123250139	stimulation	SHARK					
8851123250382	shark ဂျင်ဆင်း						
8851123250726	SHARK						
8851123285056	Slimma	Slimma	100				
8851123311021	[Only one Image]						
8851123375696	เบบี้มาย						
8851123422499	OLE strawberry						
8851123431002	OLE BERRY BERRY						
8851123433006	OLE KIWI APPLE						
8851123703420	ออออ						
8851123711579	BabiMild ချိုးပြာကြီး						
8851123750196	BabiMild Powderပြာ 160g						
8851123809429	12plus Roll On						
8851127000358	VAMINO SOYA MILK 300ML						
8851144160226	ดีแดชมูฟวิ่งแฮร์มูส						
8851144625121	Xcuteme 2way						
8851198018528	Strepsils Original						
8851212230011	Thai Jasmine Rice	AAA Lotus Brand	50				
8851228000233	ยาสีฟันดาร์ลี่						
8851229045011	Food seasoning chicken flavour	Rosneung	15				
8851234290147	BITEE	BITEE					
8851234290208	ทาบิ	ทาบิ	35				
8851234290277	ทาบิ อาราเระ ข้าวอบกรอบสไตล์ญี่ปุ่น						
8851234310081	Crispy Green Peas - Shrimp Flavored	Greennut	43				
8851234567058	Myrtilles congelées	SEA					
8851242000271	Nettare di Frutti di bosco		100				
8851243100147	peanuts	pele					
8851344002074	[only one image]						
8851344002685	Egg White	OVF	50				
8851344004498	PANNA COTTA STRAWBERRY						
8851344004610	PANNA COTTA MACHA						
8851351132405	Jumbo Grilled Pork Sticky Rice Burger	EZY TASTE	182				
8851351132856	Ezy taste 153 g	Ezy taste	153				
8851351132993	Royal Thai Cuisine Style Pork	7-11	130				
8851351133075	ข้าวเหนียวหมูปลาร้า		142				
8851351133082	เบอร์เกอร์ข้าวเหนียวเนื้อลาบแซ่บ	EZY Taste	134				
8851351133129	EZYGO 101 g	EZYGO	101				
8851351133150	Pork With Basil And Fried Egg Burger	Ezy Taste	147				
8851351133204	Jaedang Grilled Pork with Roasted Rice Sticky Rice Burger	EZYGO	140				
8851351133280	Shrimp (with Chicken) and Ebiko Burger	EZY TASTE	98				
8851351133341	EZYGO 137 g	EZYGO	137				
8851351268791	ข้าวกระเพราเนื้อโคขุนคั่วพริกแห้ง ตรา รสนิยม - 270 g	รสนิยม	270				
8851351268814	Australian Chuck Beef Red Curry with Rice	Ros'niyom	300				
8851351344761	Ezigo						
8851351380769	โจ๊กหมู ตรา อีซี่โก	อีซี่โก	250				
8851351381391	ต้มจืด	เซเว่น	315				
8851351385375	Pork Steak Box Set	Delicasia	210				
8851351385702	สลัดธัญพืชน้ำสลัดครีม ตราEZY FRESH - 150 g	อีซี่เฟรช	150				
8851351386280	สปาเก็ตตี้ซอสมะเขือเทศหมูสับ	Ezygo	320				
8851351386457	RAK KI 320 g	RAK KI	430				
8851351387171	อีซี่โก 220 g	อีซี่โก	220				
8851351387317	ข้าวหอมมันปูกะเพราอกไก่	Ezygo	245				
8851351387324	ข้าวไรซ์เบอร์รี่ลาบอกไก้	Ezygo	245				
8851351387362	Salmon With Mentaiko Onigiri	Ezygo	100				
8851351388017	ไข่กุ้งเอบิโกะ (Ebiko)	EZYGO	30				
8851351388222	Penne Pink Sauce With Salmon	Ezygo	235				
8851351388314	Stir-fried Instant Noodle With Imitation Crab Stick And Ebiko	Ezygo	190				
8851351389052	Red Grilled Chicken with Sticky Rice	EZYGO Brand					
8851351390119	Thai Style Omelette with Rice		205				
8851351393356	Grilled Mackerel with Soy Sauce and Rice	EZYGO	215				
8851351393387	EZYGO 315 g	EZYGO					
8851351394780	อีซี่โก 215 g	อีซี่โก	215				
8851351395183	ข้าวผัดกระเทียมหมูคั่วพริกเกลือ	Ezygo	220				
8851351395251	Grilled Salmon with Soy Sauce and Rice	EZYGO	265				
8851351395480	Deli Thai 600 g	Deli Thai	200				
8851351395862	ก๋วยจั๊บญวน	EZYGO	195				
8851351396234	เดลีเซีย 540 g	เดลีเซีย	180				
8851351396654	ข้าวผัดกระเทียมหมูสามชั้นคั่วพริกเกลือ	EZYGO	200				
8851351532656	Chinese Hotpot	วีจี4	300				
8851351620056	Layer tost		70				
8851351621916	Ham Cheese Bun	Ez Bake	85				
8851351622104	Sausage Cheese Pan	EZYBAKE					
8851351622166	Vegetarian Bread With Black Bean Filling	Ezybake	75				
8851351634084	salted butter roll	EZYBAKE	55				
8851351634138	อีซี่ เบค 90 g	อีซี่ เบค	90				
8851351672871	EZY SWEET 560	EZY SWEET	125				
8851351680661	พุดดิ้งเค้กช็อกโกแลตครีมสด - 115 g	Ezy Sweet	115				
8851351680708	ขนมปังเนยกระเทียม แฮมและเบคอน ตรา Ezy taste - 85 g	อีซี่เทส	85				
8851351681170	Egg Salad And Chicken Breast Salad Sandwich	Ezy Taste	85				
8851351681200	Ham Cheese And Chicken Breast Salad Sandwich	Ezygo	75				
8851351681224	Milk whipped cream bun		55				
8851351753020	EZY BAKE						
8851351753181	พายชาเขียวไส้ถั่วแดง - 85 g	EZY bake	85				
8851351753198	อีซี่ พายกลิ่นสตรอเบอร์รี่ไส้ช็อกโกแลต	EZY Bake	85				
8851351753549	พานไส้สังขยามะพร้าว (ครึ่งนึง)		85				
8851351753556	พายไส้ช็อกโกแลต		80				
8851351753792	Chocolate Filled Strawberry Flavored Pie	EZY BAKE Brand	85				
8851351760615	Two Tone Croissant	EZY BAKE x Ovaltine					
8851351760639	Strawberry Filled Two Tone Croissant	EZY BAKE Brand	60				
8851351800557	แซนด์วิชหมูหยองน้ำสลัด	เซเว่นอีเลฟเว่น	60				
8851351801783	Bouble pocket sandwich	เลอเปง	90				
8851351802001	Ham Egg Tuna Mayo Sandwich	Le Pan	80				
8851351802018	Tuna Mayonnaise Whole Wheat Sandwich	Le Pan	80				
8851351820036	Two Tone Sandwich Bread - Taro Flavored	Le Pan	77				
8851351830059	Sandwich Bread	Le Pan	47				
8851351850545	TWO TONE CHOCOLATE CHIP SOFT COOKIE	Lady Jane					
8851351911574	Potato Bread	เลอแปง	54				
8851351933330	Blueberry Cupcake	Lepan	65				
8851351950542	Lady Jane 86 g	Lady Jane	43				
8851351960176	Banana Bread	Kudsan	90				
8851351975422	Ezy sweet 90 g	Ezy sweet	90				
8851351975590	EZY SWEET 75 g	EZY SWEET	75				
8851351976481	Oreo Cake Roll With Whipped Cream	EZY SWEET	55				
8851351976528	Custard Whipped Cream Pancake	EZY Sweet Gold Selection					
8851351976535	EZY Sweet 85 g	EZY Sweet	85				
8851351976542	EZY Sweet 55 g	EZY Sweet	55				
8851351976597	Caramel Custard Pudding	YOLK					
8851356002239	Ziiit intensive acne serum						
8851356500292	Ziiit mild facial wash						
8851356500896	Ziiit acne lotion						
8851356502227	Ziiit advanced powder lotion						
8851359702129	ไฮคิว 4 เอ็กซ์พลอเรอร์ ยูเอชทีรสจืด 180มล. แพค 4						
8851359702464	Hi-Q1 Plus​-Plain รสจืด	ผลิตภัณฑ์นมคืนรูป ยูเอชที	100				
8851359703423	ไฮคิว 3 สตาร์ทนมยูเอชทีรสจืด 180มล. แพ็ค 4						
8851359706837	ดูเม็กไฮคิว						
8851359708282	ไฮคิว 3สตาร์ทยูเอชทีกลิ่นน้ำผึ้ง 180มล. แพค 12						
8851359708299	ไฮคิว4เอ็กซ์พลอเรอร์ยูเอชทีรสน้ำผึ้ง 180มล. แพ็ค 12						
8851359708756	2900417 ไฮคิวสูตรสาม						
8851359708770	2900308 ไฮคิวสูตรสี่						
8851359711282	DUMEX 180 ml	DUMEX	180				
8851359950117	DUMEX						
8851359984426	2901145 ไฮคิวสามแพค3 สูตร4						
8851359985157	Protinex	Protinex	220				
8851359985294	ไฮคิว 1 พลัส ซูเปอร์ โกลด์ พลัส ซี-ซินไบโอโพรเทก คิว ช่วงวัยที่ 3 ขนาด 1650 ก.						
8851359985522	Oat drink original favor	Alpro	180				
8851359985577	อัลโปร โอ๊ตรสจืด	Alpro	180				
8851359985584	Unsweetened Oat Milk	Alpro	180				
8851359985607	Oat Unsweetened	alpro	180				
8851359986215	Almond Milk Unsweetened	alpro					
8851364944583	8851364944583						
8851381201362	Kati coconut cream 560ML						
8851381500151	Tapioca Pearl						
8851381500182	Dried Noodle	CTF Brand	50				
8851381500601	Rice Vermicelli	Combine Thai foods co.	55				
8851381500823	BLACK SESAME SEED	Three Deer Brand					
8851381500908	CTF Brand Tamarind						
8851381501233	Banh Pho Thuong Hang	C.T.F. Brand	50				
8851381501424	Thick Rice Noodles	Three Deer Brand	50				
8851381501431	Rice Noodles	BANH PHO	50				
8851381520067	Pickled whole red chili						
8851381520159	Pickled Eggplant						
8851381520791	Green Peppercorns Picked On String young	Three Deer	30				
8851381540591	Palm sugar						
8851381540829	Fried Seasoned Anchovy with Herbs						
8851381540898	Tamarind candy						
8851381540904	Sour Bamboo Shoot in Brine						
8851381540911	Crispy Chili Snack						
8851381550057	Thai Tea Powder	Three Deer Powder	8				
8851381560216	Amyl flavour	Combine Thai Foods					
8851381560483	Sweetened Radish	From Argyle					
8851389003180	Grapes	Mogu Mogu					
8851425210060	แจ่วห้าดาว						
8851440013066	ข้าวญี่ปุ่น	ช้างทิพย์					
8851473000231	Difelene						
8851473000309	Aracaf syrup						
8851473000484	Duran syrup						
8851473000514	Sara syrup						
8851473000873	Canasone						
8851473001047	Sara syrup						
8851473002242	BEBIDOL						
8851473002655	Tiffyrub						
8851473003195	Sara syrup						
8851473008428	Iyafin syrup						
8851473008435	Iyafin syrup						
8851473008688	Iyafin syrup						
8851473008701	Iyafin syrup						
8851473008756	DIOXZYE						
8851494007530	น้ำมันปาล์ม	เกสร	15				
8851494007547	น้ำมันพืชเกสร						
8851495014728	เชนไดร์ท์โฟม						
8851515605516	Vitamin	Vista					
8851515606834	Scar silicone						
8851530160076	MAI						
8851530260011	king power 500 ml	king power					
8851532004552	Thai Jasmine Rice	Eight Elephant Brand	50				
8851538005980	happy price pro ฟองเต้าหู้						
8851540017315	Kojo Pea And Brown Rice Protein Green Apple Flavor	Kojo	35				
8851540017322	Plant-based Protein (Chocolate malt flavor)	Kojo	35				
8851583000497	กระเทียมโทนดอน 3 รส	แสนผึ้ง					
8851583002262	เห็ดหอมใหญ่	ต้นตะวัน					
8851583003566	น้ำผึ้งแท้ 100%	แสนผึ้ง					
8851583005379	ชุดพะโล้	ต้นตะวัน					
8851583005553	กระเจี๊ยบแห้ง	ต้นตะวัน					
8851583005959	happy price pro สาหร่ายแห้ง						
8851583005973	happy price pro อาหารแห้ง						
8851613000107	Sweet Chili Sauce	Royal Thai					
8851613001869	Sriracha Hot Chili Sauce	Uni-Eagle					
8851613002309	Rote Currypaste	Orient Gourmet					
8851613002347	Fisch sauce	Orient gourmet					
8851613003191	Glass Noodles	Orient Gourmet					
8851613003566	sweet chilli Sauce						
8851613003573	Sriracha	Real Thai	34				
8851613003948	Bamboo Slices	Orient Gourmet					
8851613004440	Red Curry Paste						
8851613004501	green curry paste	orient gourmet					
8851613004518	Red curry paste		50				
8851613004938	Kokosnussmilch	Orient Gourmet					
8851613005614	Shiitake	Orient Gourmet					
8851613005744	Jasmin Reis	Orient Gourmet					
8851613006253	Tom Kah Paste						
8851613006659	Panang Curry Paste	Orient Gourmet					
8851613006666	Massaman Curry Paste						
8851613006673	Yello Curry Paste	Orient Gourmet					
8851613101941	Aroy-D 24 x 400 ml	Aroy-D					
8851613107424	Chinese Mixed Vegetables	Orient Gourmet					
8851613107608	Bambuss Sprossen						
8851613800646	Chili Paste	Aroy-D					
8851613800943	Pate de curry vert	Aroy-D					
8851639000808	Yammamori ton katsu						
8851639000921	น้ำซุปเข้มข้น yamamori						
8851639001058	Sauce teriyaki						
8851639001362	ซอสพอนซึ						
8851639001423	Worcester sauce						
8851639001515	ชูซิ โชยุ						
8851639002451	น้ำซุปสุกี้นากี้ญี่ปุ่น						
8851639002468	Sukiyaki Sauce	Yamamori					
8851639002901	Yamamori katsu sauce 2yrs prod						
8851639003205	Yamamori japanese soy sauce extra						
8851639003212	Yamamori japanese soy sauce						
8851639004141	Roasted Sesame Dressing	Yamamori	50				
8851639004349	ซุปหม้อไฟสไตล์ญี่ปุ่น						
8851639005179	Caesar Dressing	Yamamori	30				
8851639005186	Roasted Sesame Dressing	Yamamori	30				
8851639005957	Yamamori apple ginger dressing 2yrs prod						
8851639006169	น้ำซุปญี่ปุ่นโอมากาเสะ						
8851639006527	Tonkatsu Sauce	Yamamori					
8851639006558	Okonomiyaki sauce		4				
8851639006633	Takoyaki Sauce	Yamamori					
8851639006756	Sesame Dressing	yamamori					
8851639007494	ROASTED SESAME Dressing	Benecol					
8851668000428	Plant Based Crab Cakes	OMG Meat	80				
8851683000328	SOY BEAN	RAITIP	100				
8851683000762	Raitip						
8851683000823	Raitip 100g	Raitip					
8851683001813	ถั่วลิสง	ไร่ทิพย์					
8851683002704	mungo Bohnen	raitip					
8851683002728	Schwarze Bohnen						
8851683003664	Sesamsamen weiss	Raitip					
8851683003855	Schwarzer Sesam	Raitip					
8851683100059	ถั่วเหลืองซีก	ไร่ทิพย์					
8851707000174	Special Rum	SangSom					
8851717021039	DUTCHIE 0% Fat Yogurt	DUTCHIE					
8851717021145	โยเกิร์ต						
8851717030116	ดัชมิลค์นมเปนี้ยวรสส้ม						
8851717031045	โยเกิร์พร้อมดื่ม รสส้ม						
8851717049026	ดัชมิลล์นมเปรี้ยวรสส้ม						
8851717049224	drinking yoghurt mixed fruits flavour						
8851717200014	Dutch Mill Blueberry Juice flavor						
8851717200045	Dutch Mill						
8851717200052	dutch mill (p) starwberry 90ml						
8851717200595	ดีน่า Extra Black Sesame	ดีน่า	180				
8851717903939	ดัชมิลล์ดีไลท์	ดัชมิลล์	100				
8851717905025	DUTCHIE 5 kg	DUTCHIE	150				
8851717907722	Proyo						
8851717907951	ดัชมิลล์ 100 ml.	ดัชมิลล์	150				
8851717908415	Yogurt	Dutchie					
8851717909405	Dutch mill very berry	Dutch mill	150				
8851717909818	DUTCHIE 2 kg	DUTCHIE	150				
8851717910371	ดัชมิลล์ 450ml	ดัชมิลล์	150				
8851717910449	Probiotic Set Yoghurt	Dutchie	110				
8851717910470	ดัชชี่โยเกิร์ตชนิดคงตัว						
8851717910845	Yogurt Bio Duo Probiotic	Dutchie	135				
8851717910951	Pasteurized Milk	Dutch Mill - Pro Fresh	200				
8851727001021	POTATO SNACK	Potae	12				
8851727001236	Potato		27				
8851727001243	โปเต้ เอ็กซ์ตรา	โปเต้	30				
8851727003230	Cheese Flavour	Cornae	100				
8851727003353	Cornae corn snack seaweed flavour						
8851727003643	Tomato flavour corn snack	Cornae	24				
8851727003650	Cornae Tomato Flavour	Corn Snack	34				
8851727006026	KOB KOB (สาร่าย)​	KOB KOB					
8851727007412	Assorted Cookies	Matinée	30				
8851727008600	Trolli Bears	Trolli					
8851727008860	โดเน่มิลค์บานาน่า						
8851727903011	BKK Corne 12pks						
8851743000527	Hirudoid						
8851743001951	Hiruscar						
8851753090181	Moccona 108 g	Moccona	12				
8851753095759	Trio Americano Low-Calorie	Moccona	9.5				
8851753099061	มอคโคน่า60ซอง						
8851759450934	JerHigh Chicken beef	JERHIGH					
8851759452211	DOG TREAT JERHIGH DUCK	JERHIGH					
8851759484847	HOT DOG BAR						
8851759711196	DOG FOOD JERHIGH BEEF STICK	JERHIGH					
8851759911619	Dog Treat Jerhigh Chicken Jerky	JERHIGH					
8851759961140	JerHigh chicken chunks						
8851759961157	jerhigh roasted duck						
8851788800922	PLANT protein Unflavored	The Merry	52.5				
88518121	Chocolat praliné	Sirius	100				
8851813888925	Flying deer brand fish snack 250g						
8851818101098	Body care serum	Biore					
8851826523110	ข้าวอบแห้ง สำหรับทำโจ้ก						
8851826541169	Milk Flavoured Candy						
8851873001128	Instant whole grain rice noodles		50				
8851876001606	Instant Rice Noodles	Mama					
8851876001750	Instant Rice Noodles Coriander Flavour	mama	60				
8851876005024	reis porridge						
8851876005123	ข้าวต้ม รสซุปไข่สาหร่าย	มาม่า Signature					
8851876010417	Rice pasta	Mama					
8851876105649	Mamy fusilli	Mamy					
8851876200757	Rice wholegrain vermicelli	mama	80				
8851876201310	Rice Noodles	Mama					
8851876201570	Rýžové nudle široké	PaPa					
8851876204267	Reissuppe	Mama					
8851886015990	White Chocolate Cake	Makro	60				
8851886022400	SANDWICH SLICED BREAD	We are Fresh					
8851892421983	Core  Power	Fairlife					
8851894617766	สันนอกหมูสไลด์		100				
8851912050537	ซอสหอยนางรม	ง่วนเชียง	15				
8851912090014	ซอส กูร์เม						
8851912100003	น้ำจิ้มไก่	ง่วนเชียง	15				
8851912100096	Sweet Chilli Sauce	Golden Boat					
8851919050349	eingelegter roter Ingwer	Kuchnie Świata					
8851919050523	Garciniasenna Catherine 32 Bags Weight Loss						
8851919600155	คอร์นซอย งาดำ						
8851919620405	คอร์นซอย โกโก้						
8851919620443	คอร์นซอย โคโค่นัท						
8851919630053	คอร์นซอย น้ำตาลน้อยงาดำ						
8851919630183	วัดทองแก้ว	วัดทองแก้ว	20				
8851932200158	Shot Fruity	Wall’s	36				
8851932201186	วอลล์ ฟรุตตี้ ทวิสต์	วอลล์	92				
8851932201193	วอลล์ โคโค่ ฮาวาอิ	วอลล์	92				
8851932216289	paddlepop 60g	paddlepop	60				
8851932219945	ฟรุตทาเร่ รสสตอเบอรี่	วอลล์	65				
8851932219952	ฟรุตทาเร่ รสองุ่นแดง	wall's	65				
8851932221542	Ponds pure white foam						
8851932234429	POND'S TEA TREE OIL,CICA						
8851932295871	Choco Almond Fudge	Wall’s	80				
8851932312394	Mini Kisses ice cream	Walls	80				
8851932335874	Dove	dove					
8851932335904	Dove						
8851932336635	ponds men energy charge 50g						
8851932337526	Solero Lime & Vanilla Split	Wall’s	63				
8851932337533	Vanilla ice cream	Walls	90				
8851932349796	Wall's 3.6 KG	Wall's	80				
8851932353823	แชมพู						
8851932355018	Sunsilk soft & smooth						
8851932355131	Sunsilk						
8851932355148	Sunsilk import						
8851932369084	Choco Nutty Crunch	Wall's	80				
8851932386449	Vaseline ချိုင်းပန်းလက်						
8851932390644	Paddle Pop Fruity Bubble [only one image]	Wall’s	70				
8851932392020	แชมพูเคลียร์เมน						
8851932393836	Asian Delight Coconut Corn						
8851932395144	แชมพูเคลียร์						
8851932399388	SCALP CARE SHAMPOO						
8851932399586	OTHER						
8851932401289	axe ice chill	axe					
8851932408127	Pond's glowup pink						
8851932409759	AXE Parfum Saku Pria Dark Temptation 17ml						
8851932416320	POND'S BLURRING FILLER						
8851932417464	vaseline daily sun						
8851932419253	แยมเบสฟู๊ดส้ม						
8851932424868	Vaseline ချိုင်းလိမ္မော်						
8851932425384	โอโมซักผ้า						
8851932430272	Magnum Chocolate Truffle	Magnum	62				
8851932432368	ผลิตภัณฑ์ทาขนมปัง รสสตรอเบอร์รี่	Unilever	13				
8851932432375	ผลิตภัณฑ์ทาขนมปัง รสส้ม	Best foods	13				
8851932445207	wall's 72 g	wall's	72				
8851932448611	Vaseline gluta hya pro age restore						
8851932450768	Neapolitan	Wall’s	90				
8851932450782	Chocolate Chip Ice-cream	Walls	90				
8851932450812	Vanilla Ice Cream	Wall’s	90				
8851932463805	MATCHA CRUMBLE	MAGNUM	80				
8851932464956	Honey Almond Butter Ice Cream	Selecta	69				
8851932465465	Calippo cola lemonade - Streets,		107				
8851932466370	Pond ပန်း သစ်ကြီး						
8851932468749	axe blue lavender						
8851932470193	Mango Yogurt Parfait	Magnum	80				
8851932478502	Golden Gaytime Bites Crunchy Strawberry Yogurt	Selecta PH	28				
8851932479035	Feast Pop Strawberry & Yoghurt with Crunchy Cornflakes	Wall's					
8851932484541	Choco Almond Deluxe	Selecta	88				
8851936002017	Mango Dehydrated						
8851952115074	น้ำแดงเอส	19					
8851952115142	เอส สตอเบอรี่						
8851952121310	เอสเพลย์ กลิ่นครีมโซดา	เอส	250				
8851952141257	100พลัสเลม่นไลม์						
8851952141271	100 พลัส	100plus	200				
8851954100689	Golden mountain soybean sauce						
8851954100726	ซีอิ้วขาว	ภูเขาทอง	15				
8851954101648	Seasoning sauce	Thaitheparos Public Company Li	15				
8851954102485	Destillierter Essig	DAM Trang Asropa					
8851954103512	ซอสพริกเผ็ดน้อย	ภูเขาทอง	15				
8851954109514	Fischsauce	Golden Mountain					
8851954111241	KIZAN JAPANESE SOY SAUCE						
8851954113733	ซอสพริกศรีราชา	Srirachapanich	15				
8851954195258	Golden Mountain seasoning sauce						
8851959001332	แฟนต้าแดงมะนาวโซดา	แฟนต้า	200				
8851959003008	Fanta	Fanta					
8851959003220	โคคาโคล่า ไม่มีนำ้ตาล	Coca-Cola	325				
8851959003282	สไปร์ท เลมอนไม่มีน้ำตาล	สไปร์ท	200				
8851959108017	Coke Original	โคคา-โคล่า	180				
8851959110072	โคคา-โคลา 1.45 L	โคคา-โคลา					
8851959127070	Coca-Cola Zero Sugar	Coca-Cola					
8851959127254	แฟนต้า 400 ml	แฟนต้า	330				
8851959133019	Coca-Cola	Coca-Cola					
8851959133163	กลิ่นส้ม	แฟนต้า	240				
8851959139783	[Only one image]						
8851959141045	Coca Cola กลิ่นเชอร์รี่	Coca Cola	500				
8851959143391	สไปร์ทไม่มีน้ำตาล1.5						
8851959149072	โค้กไม่มีน้ำตาล1ล.	โคคา-โคลา					
8851959149393	สไปร์ทไม่มีน้ำตาล1ลิตร						
8851959156018	โค้ก	Coca-Cola					
8851959158074	Coke Zero						
8851959158166	แฟนต้า น้ำส้ม						
8851959158180	แฟนต้า น้ำเขียว						
8851959158197	แฟนต้า น้ำองุ่น						
8851959192924	บีทาเก้น	บีทาเก้น					
8851959632642	Soda Water	Schweppes					
8851965000008	มิซูโฮ 45g	มิซูโฮ					
8851965000084	มิซูโฮ ขนมพันสาหร่าย รสวาซาบิ	Mizuho	55				
8851965001159	มิซูโฮ ชีสพันสาหร่าย						
8851965005546	Rice Cracker Mix	Mizuho	35				
8851965005553	Rice Cracker Mix - Wasabi Flavor	Mizuho	35				
8851970021777	Lait au chocolat	Fairlife	250				
8851978410016	Jasmine Hrísgrjón	Nings					
8851978800015	All-Purpose Stir-Fry Sauce	Thai Choice	15				
8851978800336	Thai Sweet Chilli Sauce Mild	Thai Choice					
8851978800343	Thai Sweet Chilli Sauce Extra Mild	THAI CHOICE					
8851978801036	Thai Sweet Chilli Sauce	Thai Choice	18				
8851978801050	Sriracha chilli garlic sauce	Rooster	100				
8851978801159	Soy Sauce	Thai Choice					
8851978801173	Hoisin sauce	Thai choice					
8851978801210	thai choice						
8851978801753	Sesame Oil	Thai Choice					
8851978802026	Rice Flour	Thai Choice					
8851978803870	Coconut Cream	Thai-Choice					
8851978803887	Coconut Cream	Thai Choice					
8851978804051	Rice Paper	Thai Choice	40				
8851978804075	LITE COCONUT MILK	THAI-CHOICE					
8851978804112	Sweetened condensed coconut milk	Thai choice	40				
8851978805133	Instant Noodles Tom Yum Flavor	Thai Choice	60				
8851978805317	Thai rice noodles	Thai-Choice	50				
8851978805348	Instant Noodles Beef Flavour	Thai Choice	85				
8851978814449	Tom Kha Paste	Thai Choice					
8851978820037	Sushi Noti Seaweed						
8851978825421	GLUPATONE						
8851978860521	Instant Noodles	Thai Choice	85				
8851978901064	Worcestershire Sauce	Monty	100				
8851978918024	Sushi Vinegar	Japanese Choice					
8851978918352	Aka Miso Soup						
8851978918529	Ramen aka miso set						
8851978918802	Panko crispy bread crumbs	Japanese choice	30				
8851978920065	Rice Papper	Vietnames Choice	100				
8851988000962	ราชเบอรี่แช่แข็ง						
8851988001044	Frozen chopped spinach	aro	100				
8851988002027	สตรอเบอรี่แช่แข็ง						
8851988002065	Frozen broccoli	aro	50				
8851989080505	Benice clean & care						
8851993330016	น้ำดื่ม	ช้าง					
8851993516052	Chang Quater 620ml						
8851993523012	Chang beer						
8851993625136	เบียร์ช้าง	Chang					
8851994325653	Tapper						
8851994916011	Bière blonde						
8852001100010	Essence of Chicken	BRAND'S					
8852001103530	Essense of chicken						
8852001106067	Brand's innershine pati prune tinggi serat 12 botol x 42ml						
8852001106364	ซันโทรี่ 252 ml	ซันโทรี่	42				
8852001109815	ซุปไก่สกัด	แบรนด์					
8852001110064	Berry Essence	BRAND'S					
8852001111986	Brand phyto drink		50				
8852001112181	จินเซนโนไซด์ โปร	แบรนด์	50				
8852001113119	2802633แบรนด์จูเนียร์ฮอกไกโด 7ชิ้น						
8852001114635	Birds Nest	Brands	43				
8852007940054	Nid d’hirondelle						
8852008000115	Lotte Xylitol	Lotte					
8852008000528	Wigu u tu ū						
8852008001846	Chew gum au litchi	Lotte					
8852008002041	ลอตเต้แท่งคูลเมนทอล	Lotte					
8852008300765	Koala's march						
8852008302455	Lotte Koala Shibuya Honey Toast Biscuit	Lotte					
8852008303087	Koala ´s march	Lotte	20				
8852008303926	Koala's March	Lotte	37				
8852008305371	Koala’s March	Lotte	37				
8852008305425	White	Koala’s March	20				
8852008510225	Vanilla Pretzel Stick With Compound Chocolate Filling	Toppo	11				
8852008510409	Pepero filled with rich Chocolate	Lotte					
8852008510737	Pepero chocolate pretzel	Lotte					
8852008910063	Borgat bubble gums mini	borgat					
8852008910148	Borget						
8852008910445	Lotte 15 g	Lotte					
8852008940633	borgat bubble gums mini						
8852014001908	cuttlefish ball						
8852014005883	Breaded Shrimp Nuggets	Pfp	100				
8852014007382	Thai Fish Cake	Thai Flavor	85				
8852014007993	Fried Fish Bar (Eumuk)	A Food Market	100				
8852014009355	Trang Black Pepper Fish Ball	Pfp	100				
8852014010696	ปูอัดครีมชีส	PFP	30				
8852014011013	pfp chikuwa						
8852014011211	Frozen chikuwa fish roll	Pfp	72				
8852014019088	Frozen Vegetable Fish Ball	PfP	15				
8852014020053	Fish tofu		100				
8852014046039	Golden Fish Solos	PCook	100				
8852014046404	Coconut Shoots Mushroom Bun	Y&Y	100				
8852018101208	yumyum shrimp Flavour	yumyum					
8852018101879	Curry Flavour	YumXum					
8852018142010	Tom yum shrimp						
8852018280019	Yum Yum Duck						
8852018280026	Yum yum Ramen Chicken	yum yum					
8852018280057	Yum yum Ramen Beef	yum yum					
8852018280071	curry yunyum						
8852018280088	Yumyum Nudeln Gemüse	yumyum					
8852018301004	Tom Yum Shrimp Flavor						
8852018301011	Ajinomoto Yun yum Chicken	Yum Yum					
8852018410102	Chicken flavor	yumyum					
8852018800071	Yum Yum Thai Coconut Noodle Soup - 10 x 100 g	Yum Yum					
8852018800088	YumYum Thai Spicy Soup with Shrimp & Lemongrass (Tom Yum) - 10 x 100 g	Yum Yum					
8852018800309	triple cheese						
8852018800446	Pad Thai noodles	Yum yum					
8852020211018	ข้าวเกรียบรสปลาหมึก	อาริงาโต	18				
8852020901063	thai peanut sauce						
8852020910973	นายอู๊ดสามชั้นพะโล้						
8852020910997	นายอู๊ดขาหมูพะโล้						
8852020972087	หมูทอดเจปรุงรส						
8852020980051	ไก่เจทอดปรุงรสเผ็ด						
8852020980075	ไก่ทอดเจผัดพริกแกง						
8852020980136	ไก่ทอดเจรสพริกเผาต้มยำ						
8852021002257	CherryStar	Atún en Agua					
8852021003506	Poulet a la mayonaise						
8852021005982	Thon Entier à l'huile d'olive						
8852021006149	Skipjack						
8852021006675	Tuna Can	Leeza	110				
8852021011280	Light Tuna Chunks	Fisherman	100				
8852021012973	Premium Canned Solid Tuna In Sunflower Oil	Afia	100				
8852021012997	Afia tuna		170				
8852021016681	Chunk Light Meat Tuna In Oil	Mayflower	56				
8852021016773	لحم تونا فالنسيا						
8852021016797	Valencia Yellow fish Tuna in Olive Oil						
8852021017770	Tuna Chunks in Olive Oil	Henry's Kitchen					
8852021111256	Tuna Slices Light Meat in non GMO Soy Oil	Bostany					
8852021114080	Thon entier à l’huile						
8852021184281	Light Meat Tuna						
8852021219037	Light Meat Tuna In Soybean Oil						
8852021291460	Tuna		80				
8852021320016	ทูน่าแซนวิชในน้ำเกลือ	ซีเล็ค	55				
8852021330039	Sealect 185 g	Sealect	92				
8852021330077	Kaeng Khiaw Waan Tuna	Sealect	185				
8852021540278	Tuna Spread Classic Style	Select	124				
8852021707060	Tuna	Sealect	61				
8852021708005	ปลาทูน่าชิ้นใหญ่ ในซุปญี่ปุ่น ตราซีเล็ค - 100 กรัม	Sealect	100				
8852021708340	Sealect 140 g	Sealect	140				
8852021708883	Tuna in Soy Sauce	ซีเล็ค	100				
8852022003260	Roasted sesame dressing	Kewpie	20				
8852022032550	น้ำสลัดงาซีอิ้วญี่ปุ่น - 1000 มล.	Kewpie	26				
8852022032901	น้ำสลัด						
8852022032970	Caesar Dressing	Kewpie	30				
8852022032987	น้ำสลัดเทาซันด์ไอแลนด์ - 1000 ml	Kewpie	30				
8852022033045	น้ำสลัดงาซีอิ๊ว	Kewpie	26				
8852022033052	Japanese Dressing Roasted Sesame	KEWPIE					
8852022033328	น้ำสลัดงาคั่วญี่ปุ่นรสเผ็ด - 1000 ml	Kewpie	30				
8852022033434	Caesar Salad Dressing	Kewpie	30				
8852022033557	Kewpie dressing น้ำาลัด						
8852022033731	Roasted Sesame Spicy Flavour Japanese Dressing	KEWPIE					
8852022092035	KEWPIE MAYONNAISE 50% Reduced Fat	KEWPIE					
8852022092097	Mayonnaise - 50% Reduced Fat	Kewpie	12				
8852022150056	Potato Salad	kewpie					
8852023003917	Salted Peanuts	กิ๊บจู	30				
8852023004211	ถั่วลันเตาอบกรอบ รส วาซาบิ	Koh-Kae	20				
8852023004556	KOH KAE BBQ						
8852023006161	ถั่วลิสงเยื่อแดง						
8852023006727	Koh kae bbq						
8852023008950	Squid flavored green beans						
8852023339511	ถั่วปากอ้าอบเกลือ	โก๋แก่	30				
8852023448770	Wrong barcode, it sould be 8852023008240	โก๋แก่	20				
8852023664194	KOH KAE PRAWN						
8852023664217	โก๋แก่รสกาแฟ	โก๋แก่	17				
8852023664514	KOH KAE COFFEE						
8852023664644	Honey Roasted Peanuts	Koh-Kae	38				
8852023664712	โก๋แก่ทัวร์ปากอ้า						
8852023665382	โก๋แก่ รสไก่						
8852023665870	Koh kae						
8852023666006	Nori-seaweed	Koh Kae	35				
8852023667492	Durian						
8852023668628	Salted Red Skin Peanuts	Koh-Kee	30				
8852023670416	โก๋แก่บีนถั่วเขียวรสสาหร่าย	โก๋แก่					
8852023670805	ขนมหวานรสช็อกโกแลตเคลือบถั่วลิสง	Koh-Kae	22				
8852023671123	เมล็อกมะม่วงหิมพานต์อบ	โก๋แก๋	30				
8852023671376	Broad Bean With Chili Flavour	Koh Kae	20				
8852023671468	Broad beans wasabi flavour	Kokae	40				
8852023671475	Broad Beans Wasabi Flavour	Koh-Kae					
8852023672298	Salted Mixed Nuts	Koh-Kae Plus					
8852023672465	โก๋แก่ sukiahi		35				
8852023672717	Peanuts With Wasabi Flavor	Koh-Kae Brand	38				
8852023672984	PEANUTS MALA	Koh-Kae					
8852023673981	Thai Spicy Nuts	Koh Kae	30				
8852023673998	SQUID FLAVOUR COATED GREEN PEAS	Koh-Kae					
8852023674001	Peanuts Sriracha Chilli Flavour Coated	Koh-Kae					
8852023674421	โร๊ด มิ๊กซ์ นัทส์	เก้าเก้า	28				
8852023674445	MIXED NUTS HIMALAYAN PINK SALT	Koh-Kae Plus	28				
8852026635399	Koh kae chicken coated peanuts						
8852027350246	Hiruscar post acne						
8852027350550	Hiruscar acne						
8852027352264	Spot gel						
8852027352271	Hiruscar post acne						
8852028322044	Adiba						
8852032612131	Lotus brand, pickled mustard	Lotus Brand	28				
8852040002047	Pomursko mleko	Pomurske mlekarne					
8852041600013	ตั้งเต๋มเต๋ม 90 g	ตั้งเต๋มเต๋ม	30				
8852041600020	ตัง-เติม-เต็ม 90 g	ตัง-เติม-เต็ม	30				
8852041600037	ตั้งแต่วัน 90 g	ตั้งแต่วัน	30				
8852041600044	ตังเติ่มเต็่ม 90 g	ตังเติ่มเต็่ม	30				
8852043255020	Chicken Thighs Boneless Skin-on (Without Skin)	Betagro	100				
8852043550064	Korean Chicken Skewer	Betagro	48				
8852043604057	Tender Chicken Breast Garlic Pepper	711	90				
8852043604255	ข้าวกะเพราไก่ไข่ดาว	Lawson 108	265				
8852043605382	Teriyaki Chicken	Betagro	85				
8852043605405	Japanese Style Fried Breaded Chicken Breast	Betagro	100				
8852043605436	Chicken Karaage	Betagro	50				
8852043605467	Fried chicken strip	Betagro	50				
8852043605474	Soy Sauce Yakitori	Betagro	48				
8852043606181	Stemed Chicken Breast	Betagro	90				
8852043610058	Stir fried Holy Basil Pork With Rice	เบทาโกร	220				
8852043610065	Betagro 200 g	Betagro	200				
8852043610089	ข้าวคั่วกลิ้งหมู	Betagro	220				
8852043613233	หมูกระเทียมดงบุริ	Betagro	215				
8852043615893	BETAGRO 220 g	BETAGRO	220				
8852043618887	Sichuan Yakitori	Betagro	125				
8852043619884	Chick And Cheese Sausage	Betagro	80				
8852043620712	Chicken Breast	7-11	90				
8852043623355	Chicken Sausage	Betagro	80				
8852043623362	7/11 Chicken Sausage	7/11	100				
8852043623386	Chicken breast  herbs - Betagro		90				
8852043623850	Plant Based Crispy Meat	Meat!y	100				
8852043624079	Chicken Breast Black Pepper	Betagro	90				
8852043625083	Chicken Teriyaki	Betagro	100				
8852043625090	Fried Chicken Strip - Pepper Flavor	Betagro	50				
8852043625120	Chicken Karaage	Betagro	50				
8852043625151	Chicken breast	7/11	90				
8852043625298	Italian Herbs Chicken Sausage	Arabiki	28				
8852043625328	Garlic Pepper Arabika Chicken Sausage	Itoham	100				
8852043628800	Lemon & Spices Chicken breast	Betagro	90				
8852043629111	Charcoal Grilled Yakitori	Spure	78				
8852043629180	Roasted Chicken Bites	S Pure	100				
8852043629227	Chicken Breast Salt and Pepper	S Pure	100				
8852043629869	Roasted Chicken Fillet Black Salt & Peppercorn	S Pure					
8852043630070	Chicken and pork						
8852043630322	Chicken Breast	Betagro	90				
8852043631732	Tender Chicken Breast Original	Farm Fresh	90				
8852043631756	Garlic Pepper Sriracha	Farm Fresh	90				
8852043631770	Chicken Breast (Lime & Chilli)	Farm Fresh	90				
8852043631794	Lemon Black Pepper Chicken Breast	Farm Fresh	90				
8852043632463	Chicken Sausage Black Pepper	Betagro	80				
8852043632623	Tender Chicken Breast Paprika And Garlic	7 Eleven	90				
8852043632647	Stuffed Chicken Wing	7-11	80				
8852043633460	meatly 180 g	meatly	180				
8852043636584	Bratwurst Sausage	S-Pure	60				
8852043638298	Herb And Cheese Sausage	Betagro	80				
8852043639325	Cheezy Potato Stuffed Wings	7-11	80				
8852043640512	Crispy Chicken Skin With Classic Flavor	Arnie' s					
8852043640529	Crispy Chicken Skin With Wingz Zabb Flavor	Arnie' s					
8852043640888	Chicken Bite Sour Cream Flavor	Betagro	50				
8852043642516	Curry BBQ Chicken Breast	Betagro	90				
8852043724700	Smoked Applewood Chicken Sausage	Betagro	80				
8852044053519	Sauce-Coated Fish Snack, Extreme Hot Cuttlefish	TARO	27				
8852044180314	taro รสสาหร่าย						
8852044497719	taro รสเข้มข้น						
8852044507814	taro รสบาบีคิว						
8852044517912	Taro รสซุปเปอร์เเซบ	TARO	13.6				
8852044562318	TARO	Taro	100				
8852044592414	TARO BRAND CRISPY FISH SNACK BAR-B-Q FLAVOURED	TARO	18				
8852044697966	Fish Sheet Spicy Tamarind Sauce	TARO	15				
8852044738515	ปลาเส้น ทาโร่	ทาโร่	30				
8852044743311	ทาโร่		100				
8852044828155	Fish Sheet Spicy Cuttlefish Flavored	Taro	15				
8852044849075	คาโบนาร่าเผ็ดเกาหลี Taro korean Spicy cabonara	ทาโร่	100				
8852046011227	ตะไคร้น้ำปลาหวาน สูตรดั้งเดิม	Takrai	50				
8852047129211	Uni အနီ						
8852047129228	Vanilla Flavoured Cream						
8852047137124	Time milk เวเฟอร์						
8852047139210	Bánh thái dài						
8852047210162	X-Soft Chocolate						
8852047217413	Coffee Candy						
8852047232027	Jelly Yoyo Cola Jelly						
8852047232218	YOYO JELLY GRAPE						
8852047238210	Yoyo Jelly Grape plus						
8852047326795	โตโรรสอัลมอนด์						
8852047412016	Almond Coated Chocolate Flavour	United Food	33				
8852047412917	ยูไนเต็ด 715 g	ยูไนเต็ด	33				
8852049401124	ถั่วลิสงอบเกลือเจดีคู่						
8852049404514	เมล็ดทานตะวันจังโก						
8852052140201	คอร์นพัฟ						
8852052150101	ข้าวเกรียบกุ้ง	รวยเพื่อน	20				
8852052310215	Hanami 6x15g						
8852052310307	Hanami 12pks						
8852062088801	Fischsauce	Squid					
8852071021017	Farine de riz gluant						
8852071151011	Farine pour pate a beignets						
8852072091002	Mango slices in light syrup	Essente	140				
8852084110357	Tuna shredded in oil	SA-PAC					
8852084175585	Tuna can ( water )	Medalla de Oro	56				
8852084175646	Tuna						
8852084501643	Clover Valley Chunk Light Tuna in Water						
8852084502053	Tuna Chunk in Spring Water	Lotus	140				
8852084502206	Mila						
8852084503005	Fried Rice Tuna Bowl						
8852084503012	Mexican rice tuna bowl						
8852084505214	Valencia Tuna Salad (Pasta)	Valencia	150				
8852084505221	Valencia Tuna Salad (Beans)	Valencia	150				
8852084505245	Valencia Tuna (Potato)	Valencia	160				
8852086000588	snake brand						
8852086004128	Mosquito killer spary						
8852086921241	แป้งตรางูรีแล็กซิ่ง						
8852089007416	koriander wortels	toko					
8852089303105	Pandan Leaves						
8852091755909	Chocolate chip cookies	Siete	30				
8852098101129	Instant Noodles						
8852098701510	Rice Cracker Mixed Flavours (Original, Seaweed, and Snow)	Bin Bin					
8852098702166	Stewed Duck	Little Cook	170				
8852098705709	Jasmine Brown Rice	Nam Chow					
8852098707000	Instant Noodles - Oriental Flavored	Little Cook	70				
8852098707512	Instant Noodles Korean Spicy Cheese	Little Cook Chef	70				
8852098708076	Pakupan						
8852098708090	Pakupan	Pakupang	30				
8852098708472	Thai Green Curry Noodles	Little Cook	70				
8852098708670	Rice Cracker	Bin Bin	23				
8852099010215	Khao Shong Coffee						
8852099090040	เขาช้อง 150 g	เขาช้อง	3				
8852099100213	Coffeee						
8852108110912	orange juice						
8852108220185	Freeze extra coffee with milk						
8852108221786	FREEZE GUAVA						
8852111002563	Thon entier au naturel						
8852111003751	Light Meat Tuna	DWARF SKIPJACK					
8852111004628	Thon au naturel						
8852111012555	King Fish A1 Sardines in tomato sauce						
8852111013736	Jack Mackerel						
8852111018281	RAKKIE Fancy big Tuna						
8852111018946	plaza mackrel						
8852111019974	henan						
8852111021090	Rakkie FANCY MEAT TUNA						
8852111021298	Tuna Chunks in Brine	Golden Prize	43				
8852111021694	Al Tagdiya Meat TunaL						
8852111021700	ADEN GUTR LIGHT MEAT TUNA IN SUNFLOWER O						
8852111024121	Sardines In Tomato Sauce	Hokkaido Brand	100				
8852111024367	Sardines						
8852111025579	Henan						
8852111027696	Mackerel in oil						
8852111027795	Sardines						
8852111027900	لحم تونه						
8852111028044	Tuna shredded in brine	Golden Prize Canning Co  LTD	150				
8852111028402	Sardine in Oil	Golden Prize	45				
8852111028907	ماسی هێنانی 2عدد						
8852111030207	Tuna with water and salt	amazon guardian	105				
8852111030276	تونا سالم صغير						
8852114537611	Kokosmilchpulver						
8852114745184	โค-เลตต์ โกโก้ 3 in1	โค-เลตต์	35				
8852116060032	THAI HOM MALI RICE						
8852116800669	Seleco Nori						
8852116801017	ซีลีโกะ 45 g	ซีลีโกะ	30				
8852116805947	Seasoned Sea weed sandwich						
8852116808061	Seleco						
8852116903292	Organic Yellow Curry Paste						
8852117001331	ชูวี่ 67 g	ชูวี่	7.2				
8852117284017	โอทาโกะซุปมิโสะ						
8852117284130	โอทาโกะซุปซีฟูดส์สาหร่าย						
8852117380146	Milk Candy Coffee Flavour	My Chewy					
8852118329601	Thai Curry Noodle	Super Siam	80				
8852124010135	Coffee Beans	Amazon					
8852124014836	มัฟฟิน	Amazon					
8852124015123	Café Amazon 30 g	Café Amazon	30				
8852124015475	Amazon latte		200				
8852124015703	Cafe Amazon 45 g	Cafe Amazon	45				
8852124016311	Café Amazon 30 g	Café Amazon	30				
8852124021469	Red Velvet Cream Cheese Muffin	Cafe Amazon					
8852172101434	Imitation crab sticks	Kita marine	500				
8852172102288	Chikuwa Yaki	Kibun	95				
8852172102561	Imitation Crab Legs	Kani Zanmai	85				
8852172102653	Crab Stick	Kanimi	120				
8852172105005	Kibun no kisetsu	Kibun	109				
8852172519161	Surimi seafood w/ soup base	Kibun (Thailand)Co.  Ltd.	143				
88521985	Purified Drinking Water	Great Value					
8852199115155	ปลาเส้นปรุงรส	คัมโตะ	18				
8852199185189	Fish snack crab flavour	Full Fish					
8852236311298	เฉาก๊วย						
8852240010071	เจ้าสัว 135 g	เจ้าสัว	38				
8852240010828	Rice Cracker With Shrimp Floss	Chao Sua	38				
8852240011214	เจ้าสัวข้าวตังมิกซ์						
8852240011245	Rice Cracker with Pork Floss Mix Riceberry	Chaosua Brand					
8852240011696	Rice Cracker With Spicy Pork Floss	Chaosua	35				
8852240011719	Rice Cracker With Spicy Pork Floss Mix Riceberry	Chaosua	75				
8852240011771	RICE CHIPS						
8852240040665	พอร์ค ครั้นชี่	เจ้าสัว	18				
8852240041204	Crispy Pork Stick Latiao Flavor (Pork And Chicken)	Chaosua Snax	22				
8852240041280	Crispy Pork Stick Moo-Krata With Dipping Sauce Flavour (Pork With Chicken)	Chaosua	22				
8852240041327	Crispy Pork Stick Truffle Flavor (Pork with Chicken)	Chaosua Snax	18				
8852240050015	หมูแผ่น	เจ้าสัว	20				
8852240060649	Chinese Pork Sausage	Chaosua	20				
8852240090127	Tender Pork Strips	Chaosua	38				
8852240090141	🍟 Tender Pork Strips (With Chicken)	Chaosua Snax	25				
8852240130120	หมูทุบ	เจ้าสัว	20				
8852240151859	เจ้าสัวข้าวตังรวมรส						
8852240900013	PHAD THAI UDANG						
8852240900020	PHAD THAI ORIGINAL						
8852269590110	ปังเนย						
8852269610047	มันม่วง						
8852291800003	Durian Candy	King Power					
8852294022129	Greater 20 g	Greater	5				
8852294033040	เกรทเตอร์ มายเซพติค มายบาซิน 9.4 g	เกรทเตอร์ มายเซพติค มายบาซิน	5				
8852294199036	Greater 18.8 g	Greater	4.5				
8852294551254	น้ำยาบ้วนปากมายบาซิน						
8852294551957	บ้วนปากมายบาซิน ออริจินอล						
8852294561253	บ้วนปาก มายบาซิน จูเนียร์กลิ่นส้ม						
8852294562250	Rince bouche						
88523101	STAND 'N STUFF 8 Soft Taco Boats	OLD EL PASO					
8852371010186	มัก 945 ml	มัก	200				
8852371020048	เชียงใหม่เฟรชมิลค์ 2 L	เชียงใหม่เฟรชมิลค์	200				
8852371060242	Cow's Milk 100%	Mülk					
8852371400116	MILDDA' 180ml	MILDDA'	180				
8852371970039	Mulk+ High Protein Chocolate Lactose Free	Milk+	400				
8852371970046	Honey Lactose Free High Protein Milk	Milk+					
8852375100029	NAM PLA WAN DIPPING SAUCE MILD HOT						
8852391010050	Chilies Paste	ฉั่วฮะเส็ง	15				
8852391010111	น้ำพริกเผา ฉั่วฮะเส็ง						
8852391010524	chillipaste						
8852391010531	พริกเผาเล็ก						
8852391011194	น้ำพริกเผาสูตรดผ็ด						
8852391011217	น้ำพริกเผา ทรงเครื่อง						
8852391011231	น้ำพริกเผาต้มยำ						
8852391080169	น้ำจิ้มสุกี้						
8852391080183	เทศไทย 350 ml	เทศไทย	30				
8852391150237	Tom yum past						
8852391330011	Tom Yum Noodles	Taste Thai	100				
8852410882217	Frozen Baby Octopus	Mn Supreme	112				
88524795	Deluxe	Deluxe					
8852512004036	ริชเชส 5kg	ริชเชส	152				
8852512104019	นมเปรี้ยวโยเกิร์ต รสส้ม						
8852512401064	เจลลี่						
8852522023317	Baby powder	Enfant					
8852522045883	Baby cologne	Enfant					
8852522140410	kma powder						
8852523103568	Wholewheat Noodles	เมนดาเกะ	50				
8852523206498	Thai chef duck flavor						
8852523206931	Thai Chef Kimchi Typ Kimchi	Thai Chef					
8852523208591	RUSKI CREAMY SHRIMP TOMYUM						
8852523208744	RUSKI SHRIMP TOM YUM CUP						
88525235	Banana						
8852525000285	honei v bsc facial foam	bsc					
8852525978942	bsc filterPowder						
8852528000336	นอสชินครีมต้มยำ	Nissin					
8852528002941	นิสชิน หมูมะนาว						
8852528003535	นิสชิน 800 g	นิสชิน	40				
8852528003658	NISSIN	Nissin					
8852528004297	Korean Hot Chilli Vegetarian Noodle	นิสชิน	60				
8852528004853	นิสชินคัพ รสหม่าล่า						
8852528005041	Instant Noodle Ippudo Tonkatsu Ramen	Nissin	77				
8852528005102	Instant Noodles Korea n Hot Chili Chicken BigPack	Nissin	85				
8852528800004	NISSIN KASHI CORN SNACK ( HOT CHIU CHICKEN )​	Nissin					
8852535008462	Betameth N						
8852537013112	Thai Denmark chocolate milk	Thai Denmark					
8852537013518	Chocolate milk	ไทย-เดนมาร์ค	125				
8852537015116	นมไทย-เดนมาร์ค รสจืด						
8852537057413	รสเปรี้ยวกลิ่นเสาวรส	ไทย-เดนมาร์ค	100				
88525716	Oatmilk creamer						
88525822	Black peppercorn						
8852612004066	Electrolyte beverage						
8852612004127	Royal-D Electrolyte Beverage	Royal-D					
8852612005230	Yogurt Melts	Nature Bite	20				
8852616200839	Mucilin						
88526164	Crinkle fries						
8852633010404	*** * * * TRADING CO., LTD.						
8852633051018	Tapioca Rough Starch	Hung Brand					
8852633090901	corn starch						
8852633330502	แป้งทอดกรอบ	ครัววังทิพย์	40				
8852633350203	Bread Crumbs	Kruawangthip	30				
8852633351200	Panko Bread Crumbs	Mr.Hung	29				
8852634622125	แอปเปิ้ล	Dole	100				
8852646011726	TAMARIN CONFIT						
8852646020759	Chilis						
8852646024009	Glasnudeln						
8852646027307	Sweet Chilli Sauce Black	Thai Dancer					
8852646036804	Bamboo shoots tips	Thai Dancer					
8852646051005	Dried Chilli						
8852646053016	Rice Vinegar	Thai Dancer					
8852646081002	ohrenpilze						
8852646086809	Bamboo Shoot						
8852646092275	Tom yum paste						
8852646101007	Getrocknete Lilien						
8852646114007	Tamarindenpaste	Food Specialize Co.					
8852646132506	Sweet chilli sauce						
8852646153006	Sweet plum						
8852646164545	Bambussprossen	Thai					
8852646172007	Chili Paste	Tjai Dancer					
8852646192005	Pickled Green Chilli	Thai Dancer					
8852646241000	pickled ginger	thai dancer					
8852646244001	Bohnen Rot	Ausland					
8852646362279	Tom Kha Paste						
8852646512001	Sriracha Wasabi	Thai dancer					
8852660621369	Acne						
8852662000926	Thelban table						
8852662002081	herz						
8852671000658	Sardinas						
8852671003383	Sara pineapple 🍍						
8852671005561	Maïs Emporium						
8852671005592	Champignons En Tranches Emporium						
8852671015591	Coconut Milk	Lucky Family					
8852671016772	Tom Yum Paste						
8852671017564	5star						
8852671018134	Sweet kernel corn						
8852671018141	Whole baby Corn						
8852671018158	KING FISH LIGHT MEAT TUNA						
8852671018684	King Bell Sardines						
8852671022667	King Fish Light Meat Tuna Chunks						
8852671023077	Coconut Cream	Lucky Family					
8852671026139	macherel	océan secret					
8852671524321	Mushrooms	SMS					
8852673000144	Simethicone-80	Air-x					
8852681010661	ข้าวโพดอบกรอบ รสซ็อกโกเเลต  only one image	นมแท่ง	38				
8852681012825	Top up Corn Snack milk flavour						
8852681012832	Top up corn snack chocolate flavour						
8852681022756	Deliwood ข้าวเกรียบกุ้ง (รสเผ็ดหวาน)​						
8852695300253	เอ็มบีเอ 120g	เอ็มบีเอ	30				
8852707102011	8852707102011						
8852707102035	Geisha light meat tuna						
8852707102134	Chunks Light Meat Tuna	Geisha					
8852707110658	White tuna	Geisha	100				
8852707110719	جيثا تونه صغير						
8852707801013	Coconut water	Geisha	100				
8852716700185	Multi fruit muesli	Aro	35				
8852756055672	enrgy bar red berry	Kellogg's					
8852756120257	Protein Bar	Kellogg’s	40				
8852756120332	Granola Bar	Kellogg’s	40				
8852756120400	K Protein Bar	Kellogg’s	50				
8852756122732	CHOCO NUTTY 2yrs prod	Kellogg's	30				
8852756122749	BERRY 'N'NUT						
8852756302530	LCMs Dino Bar	Kellogg's					
8852756303131	Kellogg’s corn flakes honey crunch	Kelloggs	40				
8852756303377	Special K Oats & Honey	Kellogs	45				
8852756303995	Lcms	Lcm	23				
8852756304756	Kellogg's Froot Loops Dragon Limited Edition	Kellogg's	30				
8852756305029	Treatz Choctastic with Marshmallows	LCMs	26				
8852756305036	LCM'S TREATZ Cookies And Cream With Marshmallows	Kellogs	26				
8852756305197	Kellogg's Protein Bar	Kellogg's					
8852756308570	Coco pops Snack Bar	Kellogg’s	20				
8852756315066	Mixed grain bars go nuts for donuts	Krave	26				
8852756315080	Krave mixed-grain bars	Krave					
8852756323504	Coco loops	Kellogg's					
8852756323566	LCMs Variety	Kellogg's					
8852756328288	LCMs Caramel	Kelloggs	20				
8852756330731	LCMs Kaleidos	Kellogg’s	20				
8852756331998	Lcm Bar	Kellogs	22				
8852756332353	LCMs Unicorn	Kellogg's	20				
8852756345544	Banana corn flakes	Kelloggs	100				
8852756401578	LCMS COCOPOPS	Kellogg's					
8852756401615	Crunchy nut irresistibly tasty nut bars mixed nut	Kellogg's	30				
8852756401646	Protein Nut Bars - Nut Delight	Be Natural	40				
8852756401721	LCMs choc chip	Kellogg’s	22				
8852756401738	LCMs kaleiods	Kellogg's					
8852756403572	Coco pops	Kellogg's					
8852756403749	Let's Yoghurty	Kellogg's					
8852756517026	Choco nutty	Kellogg's	30				
8852756517163	Protein almond and berries	Kellogg's					
8852756602128	LCM’s	Kellogg's					
8852756602173	LCMs fruit tingles	Kellogg's					
8852756602296	LCM popcorn	Kellogg's					
8852756602319	Oatypuffs	Kellogg's					
8852756610352	Coco Pops LCMs	Kelloggs	20				
8852756610383	Bubblegum	Kellogg's					
8852756610529	Lcms	Kellogg's	20				
8852756676730	LCMs						
8852756676754	LCM's caramel 25% less sugar	Kellogg's					
8852756707052	kellogg's frt loops pch 55gg (Rak BA1)						
8852756743135	LCMs Poppers Chocolatey						
8852756743142	LCMs Poppers Yoghurty						
8852756768060	Frosties	Kellogg's	30				
8852756801576	Coco Pops Snack Bar	Kelloggs	20				
8852756802061	Nutrigrain Choc	Kellogg’s	22				
8852756864632	Lcm	Kellogg	21				
8852756905342	Granola	Kellogg	40				
8852756912944	เคลล็อก unicorn						
8852756926101	Granola Boost Protein Delight	Kellogg's	35				
8852756958720	Granola Mixed Berries	Kellogg’s	40				
8852768010034	Lygo sardines						
8852768040031	Lygo sardines						
8852768450014	Light Meat Shredded Tuna	Sea Korus	56				
8852778015289	Collagen Tripeptide	Blink					
8852789115367	mogu mogu cassis						
8852803111207	Rice Vermicelli	Union Ratchaburi	50				
8852805001070	Breadcrumbs	Mr.jim	30				
8852805003074	Instant soup cream of Sweet Corn	Lady Anna					
8852805004187	COFFEE MIX POWDER - HAZELNUT						
8852805004248	Cappuccino						
8852805202408	Protein Macaroni	Nimnim	50				
8852821051110	Riz golden lotus						
8852821800060	Healthy Mixed Grain Steam Rice	Khan Bistro	250				
8852821800145	Riceberry With Green Curry	Buatip	250				
8852841412014	Bird food						
8852845000132	Glasnudeln	aro					
8852845177759	Drinking Water						
8852854102780	Thaïlande coréen						
8852861002035	ปลาหมึกเส้น	มิสเตอร์สคิว	33				
8852861003025	Mr Squid Shredded Squid Jerky	Mr Squid					
88528980000417	ขนมคอเป็ด	KM	27.5				
8852898000110	ขนมเต่าห่ง	กวงเม้ง	30				
8852898000516	Km 113 g	Km	38				
8852898000615	Durian Peanut Bar	JP Food House	42				
8852959000301	Bean Starch						
8852959003999	Vegan Japanese Curry With Rice	Laser	100				
8852959004095	โจ๊กหมู		42				
8852959004903	jasminris	thai					
8852959006747	Rice Medium To Low GI (RD43)	Kaset	45				
8852959007096	Thai Jasmine Rice						
8852959007126	Brown Jasmine rice	Kaset	100				
8852959007317	Thai Riceberry	Smart Chef					
8852959007973	Yen ta fo	Kaset	35				
8852959009441	Panaeng Curry	Kaset					
8852959009670	Vegan Green Curry with Thai Rice	Kaset					
8852959009687	Vegan pad ka pow		280				
8852962181042	Huile d’olive vierge	Primadonna					
8852966002220	แซนวิชพิต้า ไส้ไก่ย่างซอสเตาถ่าน - 80 กรัม	Alfredo	80				
8852966002442	โลตัส 300g	โลตัส	300				
8852966002459	โลตัส 300g	โลตัส	330				
8852966002671	lotus 270 g	lotus	135				
8852966002848	Neo Pizza Suprême	Alfredo					
8852972001101	M16 110 g	M16	44				
88529752	Chocolates Artesanos						
8852975801166	Salted Plum	Aki-ko	60				
8852978005165	Povanil2						
8852990000247	ตำรับไท 250	ตำรับไท	250				
8852990000384	ทับทิม 230 g	ทับทิม	27				
8852990000452	ตำรับไท 180 g	ตำรับไท	36				
8852990001268	ตำรับไท 180 g	ตำรับไท	30				
8852999822093	Café Arabica	UCC					
8853002303110	dutch milk						
8853002303127	dutch mill (fp) superfruits 90ml						
8853002304711	เจ็นไอวีคิวพลัส ผลิตภัณฑ์นมยูเอชที	Dutch Milk	180				
8853002304742	ดัสมิวเจนไอจืด						
8853002307279	Arabus Speed Royal Blue	อาราบัส					
8853002310095	Duch mill 0%	Duch Mill	180				
8853002310101	2900991นมเปรี้ยวดัวมิล0%  พ.						
8853002310361	dutch mill (fp) superfruits 180ml						
8853002310385	DUTCH MILL MANGO						
8853002314673	ดัชมิลล์ ไวท์มอลต์ 150 ml	ดัชมิลล์ ไวท์มอลต์	150				
8853002315465	ดัชมิลล์ 150 ml	ดัชมิลล์	150				
8853002315489	ดัชมิลล์ 150 ml	ดัชมิลล์	150				
8853002316196	Orion - sữa lúa mạch choco IQ						
8853002316813	Dutch Mill						
8853002316851	ดัชมิลล์ None	ดัชมิลล์	165				
8853002316929	กาแฟอาราบัส						
8853002318190	Dutch Mill	Dutch Mill					
8853010000049	จิง จิง เฮียง หมูหยอง						
8853010000056	จิง จิง เฮียง หมูหยอง						
8853011700023	TK-Zitronengras 100g Tiefkühl Frozen Artikel-Nr.:  ZitronengrasTK	TK-Zitronengras					
8853033021632	Experience 140 g	Experience	140				
8853033021809	แกงไตปลาแช่แข็ง - 220 กรัม x 4ถุง	aro	220				
8853061001095	Frozen Young Coconut Juice	Money God Brand	300				
8853061003600	Seasoning Soy Sauce						
8853061005031	Instant Beef Flavor Paste						
8853061005055	Logan in Syrup						
8853061005581	Oyster Sauce	Buffalo	17				
8853061008452	Fresh Rice Vermicelli	Money God Brand	55				
8853061009008	Laab-Namtok Seasoning	Sunfat	7				
8853061010745	Thai Coconut Roll	Red Bowl	30				
8853061010752	Thai coconut roll						
8853061011773	Sweet Soy Sauce						
8853072005396	Fried Anchovy	Lotus					
8853085000128	Reisnudeln Pho						
8853085000203	Rote Chili in Essig	X.O brand					
8853085000371	kefir Limettenblätter	xo spices					
8853085000524	Dried Red Chilli	X.O.					
8853085001804	Palm Syrup	XO					
8853085002023	Massaman Curry Paste	X.O	117				
8853085002207	Pandan Tapioka Pearl	XO					
8853085002238	Pickled Mango	X.O					
8853085002641	Bamboo						
8853085002979	sushi Ingewet						
8853085003143	Fried red onion	X.O					
88530888	Steamed Chicken Soup Dumplings	Trader Joe's	108				
8853095000286	Röstzwiebeln						
8853095000408	Nang Fah, Thai Red Curry Rouge	V.Thai Food Product Co.  Ltd.	200				
8853095000422	green curry paste Thai						
8853095000620	Gia Vi Nau Bun Rieu, Minced Prawn In Spices	V. Thhaifood Product Co. Ltd	15				
8853095000644	Nang Fah (Tue Kung), Minced Crab In Spices	V. Thai Food Product Co.  Ltd.	15				
8853095000767	chicken flavor paste						
8853095000781	Nang Fah Tue Kung, Chilli Paste	V.Thai Food Product Co.  Ltd.	15				
8853095000972	Sweet chili sauce for chicken	Madam Plum					
8853095001337	Siracha	Nang Fah Tue Kung					
8853095001719	Thai drink tea	V. Thai Food Products Co.  Ltd	290				
8853095001764	Thé vert aux grains du Basil	V. Thai Food Product Co.  Ltd.	290				
8853095002266	tapioca with taro						
8853095002976	Curry Sauce						
8853095003720	Young coconut juice with pulp	Fresh	290				
8853095003911	Fried onion paste	V. Thai Food Product Co.  Ltd.					
8853095003959	Lak sa paste	V.Thai Food Product Co.  Ltd.	25				
8853095004130	sriracha hot chili sauce						
8853095004161	Madam Pum, Instant Red Curry With Coconut Milk	V.Thai Food Product Co.  Ltd.	15				
8853095004413	Madam Pum, Instant Green Curry With Coconut Milk	V. Thai Food Product Co.  Ltd.	19				
8853095004475	Thick mint sauce						
8853095004505	Pomme granate juice						
8853095005120	Basil seed Drinks with apple						
8853095006011	Basil s3ed						
8853095006332	トムヤムペースト	ナンファー	100				
8853095006585	pad Thai sauce						
8853095007018	クラブペースト	カルディ	100				
8853095007292	Sos stim limau						
8853095008305	Sweet chili souce avenus						
8853095008701	Yellow chili sauce						
8853095009982	Tropical drink	Fresh	290				
8853096009257	Brisure de riz parfumé	Mont Asie					
8853096009844	Riz						
8853133060081	long marshmallow						
8853142000030	Fried Red Onion						
8853142000313	Shrimp paste						
8853142000368	Fried Garlic						
8853142000740	Kokosnuss Zucker						
8853165006088	ซอสเคลือบไก่สูตรกระเทียม						
8853165017992	ซุปชาบูน้ำดำ						
8853165028806	Pure Foods Cheesy Dip Cheese 200g						
8853188001039	น้ำฝรั่ง						
8853190000846	คุณย่าพูล หมี่กรอบ สูตรโบราณ	Yapool	35				
8853190000921	Yapool 100 g	Yapool	35				
8853190001249	Yapool 100 g	Yapool	35				
8853216000348	Mango Scheiben leicht gezuckert	Farm King					
8853230003233	Pousse de bambou	Thai Top Choice					
8853230004193	Biscuits de riz melangé						
8853231007054	Classic Bratwurst Made With 100% Grass-Fed Beef, Classic		71				
8853241003802	Huk muk banana chips						
8853241008500	Golden choice Jasmine Rice 2kg						
8853241008739	Riz noir gluant	Royal Thai					
8853252002405	Rich milk collagen						
8853252456840	Marshmellow Hot Dog						
8853256000766	สมุนไพรแห้ง-กระเจี๊ยบ น้ำหนัก 100 กรัม						
8853256003330	สมุนไพรแห้ง-กระเจี๊ยบพุทราจีนน้ำหนัก 60 กรัม						
8853256009950	ชุดพะโล้						
8853259001227	Glutinous Sweet Rice	Four Elephants	45				
8853282001591	granovibes fit quinoa	granovibes					
8853282002383	Granola	Granolavibes	35				
8853282002444	Ve-pro-bar Cinnamon	Granovibes	40				
8853282002468	Ve-pro-bar Matcha	Granovibes	40				
8853282002505	Cashew Nut Butter	Naturelife	35				
8853282002666	TOFFEE NUT & CRISPY COCONUT	GRANOVIBES					
8853282002680	Garnola Cookies & Cream	A-grains	38				
8853282003441	Granola matcha Azuki	A Grains	50				
8853282003939	Jumbo Job Dark Chocolate & Banana	Jumbo Job	45				
8853282003946	Almond Butter	Naturelife	34				
8853301006286	Whiskas with salmon in gravy 85g						
8853301016117	Sheba Soup with Salmon 100g						
8853301016124	Sheba Soup with Tuna 100g						
8853301016131	Sheba Soup with Whitefish 100g						
8853301016544	Tuna & salmon 1.1 kg						
8853301200547	Pedegre dentastix						
8853301530002	pedigree						
8853301889322	digree adult mini	digree					
8853324000261	Haricots						
8853333000511	ลำไยในน้ำเชื่อม	มาลี	140				
8853333003291	มาลีน้ำฝรั่ง	Malee					
8853333004991	น้ำแครอท ผสมน้ำผลไม้รวม - 220 ml	Malee	220				
8853333014273	juice	Malee					
8853333017779	MALEE - Nước ép hỗn hợp vải và nho trắng						
8853333026580	Coconut Water	Malee	350				
8853333027242	น้ำผักผลไม้สีเขียว	malee					
8853333027266	น้ำผักผลไม้สีแดง เพาเวอร์แพลนท์	malee					
8853333027747	Coconut Water Mixed with Matcha	มาลี โคโค่	350				
8853333027785	Coconut water NAMHOM	Malee	200				
8853334001043	Firm Yellow Tofu	Sengheng	180				
8853334001098	เต้าหู้ขาวแข็งทอด		100				
8853334001159	Stir-fried Tofu With Chinese Mushroom	Sengheng	130				
8853334001180	Stir-fried Tofu	เส่งเฮง	130				
8853334620466	Village cheese	Mersin					
8853346430008	ไก่หยองต้องโอชา	โอชา					
8853348005259	Glucosa 500 cap						
8853348009486	Diabederm 10						
8853348009608	Diabederm 20						
8853348009820	Glucosa 1500 powder chocolate						
8853348009837	Glucosa 1500 powder lemon						
8853348010147	Plaivana						
8853348010772	Acnetin						
8853348010789	Acnetin						
8853348010833	Akne						
8853348010840	Akne						
8853354000897	Fish Snacks BBQ Flavour						
8853425190410	Maionese oderich light		12				
8853428000976	คลอไพแรด						
8853428001591	Voltex						
8853433000398	ฟ้าทะลายโจร						
8853445000287	ฮันนี่โทสต์ - 520 กรัม	ศรีฟ้า	130				
8853445000812	Thai Coconut Roll: Roasted Sweet Corn	Suthera	30				
8853445009105	Thai Coconut Roll with Purple Potato	Suthera					
8853445019357	Thai coconut roll with banana						
8853445020186	Thai coconut rool with durian						
8853445022753	ARO BRAND 420 g	ARO BRAND					
8853445022845	Burger Bun	Srifa Lotus	50				
8853445022999	Croutons	Aro	100				
8853445023613	Classic Cheesecake	7-Eleven	70				
8853474007585	เอโดะ มากิ	มายช้อยส์	30				
8853474009695	Fresh hen eggs	Tops	62.5				
8853474010752	RED KIDNEY BEANS	Tops	100				
8853474010776	Tops	Tops					
8853474011520	ท้อปส์กุนเชียง						
8853474014897	พาสต้าเฟตตูชินี่ ผักโขม	cooking for fun	55				
8853474014941	พาสต้า สปาเก็ตตี้ ดีปลาหมึก	cooking for fun	55				
8853474015009	มายช้อยส์อัลมอนด์แท่ง 200กรัม						
8853474015023	มายช้อยส์อัลมอนด์ชิ้น 200กรัม						
8853474015603	Miel taïlande	central	20				
8853474021963	bacon	my choice					
8853474031382	ปลาซาร์ดีนในซอสมะเขือเทศ	Love The Value	78				
8853474031535	My Choice 700 g	My Choice					
8853474035984	Honey Roasted Mixed Nuts	My Choice					
8853474038626	ท้อปส์ก้านบัว						
8853474038633	ท้อปส์ขนมงาพองขาว						
8853474038640	ท้อปส์ขนมจันอับ						
8853474038688	ท้ปส์ขนมถั่วตัด						
8853474039388	มะขามแกะเม็ด						
8853474044597	มายช้อยส์เปี๊ยะไส้ฟักไข่						
8853474044603	มายช้อยส์เปี๊ยะถั่วไข่						
8853474044610	มายช้อยส์เปี๊ยะถั่วเค็มไข่						
8853474052264	ปลาซาร์ดีนในซอสมะเขือเทศ	Tops	77				
8853474056668	สลัดมิกซ์						
8853474058952	100% Extra Virgin Olive Oil	My Choice	15				
8853474062614	Pineapple  Jam filled  coconut flavor Biscuits	Tops	30				
8853474064229	ถั่วลูกไก่ chickpea						
8853474064397	Organic 3 Coloured Bean Fussili	My Choice	50				
8853474065264	ขนมปังกรอบขาไก่รสเค็ม	Tops	31				
8853474066230	Bread	Arigato	50				
8853474070893	Tops 5 kg	Tops	50				
8853474072347	12 Grains Bread	Arigato	57				
8853474077205	วุ้นเส้น เฟเวอรี่						
8853474077984	Riceberry rice	Favory	150				
8853474078929	Snacker Mega Sheet Fried Seaweed Classic Flavour	snacker					
8853474082391	Coconut Wafer	Thai Choice	30				
8853474083121	Chicken curry with rice		225				
8853474083510	มายช้อยส์ทองม้วนหมูหยอง250ก						
8853474085071	ข้าวต้มปลากะพง Seabass Porridge	Very Very Tops	350				
8853474090594	น้ำดื่มยินดี						
8853474091522	ขนมปังสับปะรด						
8853474092819	ลูกชิ้นปลาดอนนี่ช้อยส์						
8853474095162	Tamarindensauce	IUW					
8853476000607	Mackerel In Tomato Sauce	Silver Bell	77				
8853487015348	Thai Fish Cake	Yoshi	100				
8853487020588	Prefried Korean Style Fish Cake	Sunny Seafood	100				
8853503004745	Sweet Potato chips Avocado Oil	Jackson’s	28				
8853508103007	Honey Pacifica, Buckwheat Honey	Homey Pacifica	21				
8853602001133	Klebreis Mehl						
8853602001515	fideos						
8853602001607	Rice paper		40				
8853602002253	Gluten Free Rice Paper	Star Lion	40				
8853602002291	Rice Vermicelli Bihun						
8853621000841	Thai Tea Suwirum	Tinny					
8853635001001	Rice Vermicelli						
8853647000009	Juice						
8853647004106	Yoku						
8853647004120	Yoku						
8853647004137	Yoku						
8853647004151	Yoku						
8853652011137	ปลาแซลมอนย่างซอสมิโซะ	myChoice	100				
8853652012448	พรานทะเล 70g	พรานทะเล	70				
8853652020467	Mee goreng instant cup noodles	7 select	75				
8853662001012	AUTHENTIC THAI  Tom Yum paste						
8853662001289	exotic food yellow curry paste						
8853662002194	kokosnussmilch	exotic food					
8853662002729	Sojasprossen						
8853662002736	Bambus Sprossen	Exotic Food					
8853662004037	Fischsauce						
8853662005041	Rice Noodle	Exotic Food					
8853662008585	Bamboo Slices	Thai Pride					
8853662008592	Bamboo Stripes						
8853662008608	Mango Slice						
8853662008639	Papaya						
8853662008707	Bambi Tips	Thai Pride					
8853662008790	Bambusspr.	Thai Pride					
8853662008967	Jackfruit						
8853662020013	Reis Mehl	Thai Pride					
8853662020129	Black Sesam	Thai Pride					
8853662020419	Lime leaves						
8853662020471	asiatisches Suppengrün						
8853662023052	Minced green chilli imp	Thai pride					
8853662023083	Ginger	Thai Pride					
8853662023090	galangan						
8853662023113	Sweet Chilli Sauce with pineapple						
8853662023120	Hot chilli sauce	Exotic Food					
8853662023175	Sweet Soy Sauce	Thai Pride					
8853662023205	Thai pride Chilli Oil						
8853662023328	Tom Kha	Thai Pride					
8853662023373	Bean Vermicel IHAI PRIDE						
8853662023397	Glasnudeln	Exotic Food					
8853662023434	Frittierter knoblauch						
8853662023472	Rice Paper	Thai Pride	100				
8853662023519	Coconut Milk Light	Thai Pride					
8853662023540	Lemongrass imp						
8853662023557	Thai sweet chili						
8853662023663	THAI PRIDE Spicy Satay imp						
8853662023908	Knoblauch und Ingwer gehackt						
8853662023922	THẠI PRIDE Chili in brine						
8853662023939	Red Curry Paste						
8853662025292	Exotic Food	Exotic Food	100				
8853662040097	Chili Knoblauchsauce	Exotic Food					
8853662040264	Chiliöl	Exotic Food					
8853662040448	Exotic Supreme Oyster Sauce 725ml	VATAN ENGROS AS					
8853662040882	Sriracha hot chilil sauce extra garlic	Exotic Food					
8853662041292	Kaffir Lime Leaves	Exotic Food	4				
8853662041308	Zitronengras	Exotic Food					
8853662044095	Geeen salad dressing						
8853662044224	Ketchup Sauce Sweet Chili						
8853662044736	Yanang leaves extract						
8853662044781	Duck soup paste	Asia					
8853662050393	Massaman Curry Paste						
8853662050409	Panang Curry Paste	Thai Pride					
8853662050478	Rice noodle	Thaï pride	100				
8853662056425	Sambas pelle	Khan con Ngong bah	30				
8853662057477	sauce satay						
8853662057859	Red curry soup						
8853662060118	Siracha Mustard Sauce						
8853662060132	FLYING GOOSE SRIRACHA Mint						
8853662060231	サルサソース	シラチャー	100				
8853662060446	Srirach mit Hanf	Asia					
8853662060651	flying goose mixed pack						
8853662060798	Mayoo Green chili	Flying Goose					
8853662060842	ספייסי מיו סרירצ'ה	Flying Goose Brand					
8853662060941	Spicy Garlic Mayoo	Flying Goose Brand					
8853662065724	Ghost Chili Sauce	Flying Goose Brand					
8853703000219	Cinnamon						
8853703001025	Tumetic						
8853704000058	CHILLI SAUCE RUER HANG YAO KOO						
8853704000850	Sweet Chili Chiken	TÚÓNG ÓT CHÁM GÀ					
8853704001123	ซอสเย็นตาโฟ	ม้าบิน	15				
8853724005095	Natto	Tsubaki food service					
8853731000755	Tranches d’ananas						
8853756003663	Organic Oolong						
8853760000368	Tomato  ketchup bacon	Heinz	12				
8853782602311	Galgantwurzel	2024					
8853790521024	кракс						
8853815002699	Tropical Sling	Magnolia	53				
8853815006796	Chocolate Flavoured Ice Confection	Magnolia					
8853815006819	strawberry flavoured ice confection	F&E Magnolia					
8853815007212	Raspberry Ripple	Magnolia	47				
8853815007229	Magnolia Raspberry Ice Cream Waffle	Magnolia	62				
8853815007649	tropical orange ice	sunkist	75				
8853815007656	Tropical Orange	Sunkist	75				
8853815008141	Vanilla Ice Cream	Magnolia	40				
8853815008332	Chocolate Almond Ice Cream	Hershey's	64				
8853815008493	Almond Crush Chocolate Ice Cream	Magnolia	58				
8853815008592	Hello Kitty Cone - Raspberry	F&N	58				
8853930001225	Jornguan riceberry cracker with fish floss						
8853930001416	Little farm black pepper crispy bread						
8853930001461	Little farm pizza topped crispy bread						
8853930001652	Golden Butter Jasmine Rice Crackers	Jornguan	30				
8853932015060	Fried Yellow Fish	Fried Yellow Fish	50				
8853932031046	Vyt.žuvis						
8853958003935	ธรรมคัลเจอร์ 1 kg	ธรรมคัลเจอร์	50				
8853958007131	ข้าวถุง 100 g ธรรมคัลเจอร์						
8853958905130	Jasmine Rice	Thamm					
8853963006303	Mask มพขาม						
8853969000145	Thai Jasmine Rice	Aroy-D	45				
8853969000183	Jasmine White Scented Rice Extra Super Quality	C.T.F Brand	50				
8853969000909	Thai Glutinous Rice	Aroy-D	45				
8853969001432	Reis 4,5 kg						
8853969002248	Jasmine Broken Rice	MTT Brand	45				
8853969002811	Black Glutinous Rice	Aroy-D	45				
8853969003924	Thai brown rice	Golden boy	50				
8853969004242	Jasmin Reis	Aroy -D					
8853969005584	Thai Jasmine Rice	Goya	45				
8853969005683	Red Cargo Rice	MTT	45				
8853969005782	Thai Brown Rice	Cock Brand					
8853969006284	Thai Red Cargo Rice						
8853969006406	Jasmin broken Rice	Rosen￼					
8853969008721	arroz						
8853969010403	Thai Jasmine Rice (uncooked)	C.T.F Brand	100				
8853969010717	Jasmine rice	Healthy Grain					
8853969011646	Jasmin Brown + Red Cargo rice	healthy grain					
8853969014142	Thai Jasmine Rice	Thai Hom Mali Rice	45				
8853969016429	Riceberry	Aroy-d					
8853969016597	Riz parfume Thai	Cayenne Store					
8853969017204	Broken rice	Thai Hom Mali	50				
8853976000220	whiting q10cream						
8853976004297	Yoko beauty cream						
8853976005355	yoko						
8853976005478	Yoko lemon spa salt	Yoko					
8853976005485	Yoko Mix berry Spa salt 2yrs prod						
8853976006598	Salt Body scrub peach 2yrs prod						
8853976007984	Hajima Original Salmon Skin	Hajima					
8853976007991	Seafood sauce flavoured crispy	Hajima					
8853976008486	Dr. James						
8853988000584	Vietnamese sausage	Sutthiluck	180				
8853988001512	Shredded Pork Vegetable	Happy Munchy	43				
8853991001400	Rice Flour	Flourish	30				
8853991002216	Farine de riz glutinous rice flour						
8854002007930	Jasmin rice	Royal Harvest	50				
8854009000347	صلصه ريح السمك						
8854009000538	Oyster flavored sauce	shaflout					
8854009000545	Oyster sauce	Shaflout					
8854009000699	Manila sardines						
8854015835193	Think jerky stick	Think jerky	28				
8854053000553	มายองเนส Green foods						
8854099001422	Crispy Banana	Tamarind House					
8854099002351	Crispy Banana With spicy Tamarind	Tamarind House	45				
8854099002412	เผือกกรอบไส้เสาวรส	บ้านมะขาม	40				
8854099002443	กล้วยกรอบแก้วไส้มะขาม	บ้านมะขาม	45				
8854099002665	Crispy Taro With Tamarind	Tamarind House	40				
8854099005178	บ้านมะขามคลุกเสวย รสบ๊วย	Tamarind House	30				
8854099005352	Bonbon Tamarin						
8854099005376	Natural Sweet Seedless Dried Tamarind	Tamarind House	100				
8854099005789	Banana Chips	Tamarind House					
8854099005826	TAMARIND HOUSE SPICY SWEET TAMARIND PLUM FLAVOUR						
8854099005925	Honey Tamarind Spicy	Tamarind House					
8854099008865	Chili lemon	Love farm	30				
8854158046562	Thajská jasmínová rýže		50				
8854198001224	วาสนาหมูฝอย						
8854217000092	แป้งถั่วเหลือง	ไม่ระบุ	20				
8854217000733	KU 200 ml	KU	200				
8854219100295	Oyster sauce	Top kitchen					
8854241001492	Riz gluant au durian et à la crème de coco surgelé						
8854241006312	Imitation Crab Stick	Jun Pacific	72				
8854291001138	Seasoning Fish Sauce	Top kitchen					
8854291002951	Oyster sauce	Top kitchen					
8854291005075	Vegan fish sauce	Top kitchen					
8854291005082	Keto Fish Sauce	Top kitchen					
8854311330217	Gluten feee tortilla	Bakestone Brothers	60				
8854320000170	Wangnamyen 200 ml	Wangnamyen	200				
8854320003041	Milk Tablets	King Power					
8854320003164	East Field 180 ml	East Field	180				
8854320003201	East Field นมจืด						
8854334000098	ซอสหมักนุ่มฟ้าไทย						
8854334002627	TERMTIP CHICKEN SEASONING						
8854334002757	MadamNatha de thaïlande						
8854334002924	ปลาร้าฟ้าไทย						
8854334003488	ฟ้าไทย น้ำก๋ยวเตี๋ยวเข้มข้น						
8854334004102	ผงรสมะนาว ฟ้าไทย						
8854334004645	ผ้าไทย ซอสต้มยำ						
8854334004652	ฟ้าไทย ซอสผัดผงกะหรี่						
8854334004669	ฟ้าไทย ซอสรสต้มข่า						
8854334005031	FATHAI LIME JUICE						
8854334005154	Concentrated Jaew Hon	Fa Thai	28				
8854334005208	Chicken Flavor Seasoning Powder	Fa Thai					
8854334444243	Lime Juice	FaThai	10				
8854368097699	Crunchy Roasted Edamame Beans	The Only Bean	30				
8854368647023	Spicy Chai	Sherpa chai	178				
8854404000522	Rice stick noodles						
8854404001321	Blue Elephant Jasmine Green Tea 100G						
8854404007156	Zitronengras	Blue Elephant					
8854404007163	Rote Chilischoten	Blue Elephant					
8854404007170	Kaffir-Limettenblätter	Blue Elephant					
8854419002108	Coconut milk						
8854419004454	Sojini kalčki		100				
8854419007707	Spring Roll Wrapper	Tas	100				
8854419011209	Aloe Vera Juice Lychee						
8854424014400	white farm						
88544458	Stickletti	Chio					
8854452000154	Thai Hom Mali Rice	Panda	100				
8854452003308	Pandan Rice (Uncooked)	Golden Diamond					
8854452003315	Pandan Rijst	Golden Diamond	100				
8854452003513	Ketan rijst	Golden Diamond					
8854452006859	THAI JASMINE RICE	EIGHT TREASURES					
8854522312316	preety doomz	thailand					
8854545889819	อิ่มไทยเผือกแผ่น						
8854545889826	อิ่มไทยเผือกเส้น						
8854545889833	อิ่มไทยมันม่วงกรอบ						
8854545889840	อิ่มไทยกล้วยกรอบ						
8854545889857	อิ่มไทยกล้วยกรอบบาร์บีคิว						
8854545889864	อิ่มไทยมะม่วงอบแห้ง 80ก						
8854545889871	อิ่มไทยเยลลี่มะม่วง100ก						
8854545889888	อิ่มไทยกล้วยตากธรรมชาติ 500ก						
8854545889901	อิ่มไทยทองม้วนต้นตำหรับ						
8854545889918	อิ่มไทยทองม้วนช้อคโก						
8854545889925	อิ่มไทยมะม่วงอบแห้ง180ก						
8854545889932	อิ่มไทยกล้วยตาก						
8854561002674	Protein Water	Moove	400				
8854561002957	PEACH TEA	zero Cal					
8854561003145	ชามะนาว	บ้านใบชา	350				
8854561003374	Hydro Whey	แม็กซิมัส	320				
8854561003381	Zerocal		350				
8854561003404	High Protein Milk Thai Tea Flavour	Moove	310				
8854561003510	Plant Protein Isolate	Upp	360				
8854561003695	Upp Plant Protein Isolate	Upp	360				
8854561003701	Strawberry Flavor Milk Protein Drink	MAXIMUS					
8854575001489	Thai Tea						
8854575001519	Matcha green tea latte						
8854575001908	lemon grass tee						
8854575001922	3in1 Thai Tea Mix						
8854575001939	Matcha Green Tea Latte						
8854575007412	Ranong tea taste of ginger						
8854575010191	Matcha Greentea Latte 3in1	Slinmy	23				
8854579002734	Feuilles algue Nori [Only one image]		5				
8854579002918	Seaweed	Koriko					
8854579003267	Fish Sheet	Fiz-ze	12				
8854579004165	YakiNori						
8854599006309	Green propolis						
8854604000612	FRIT-C PLUS BANANA						
8854604101487	FRIT-C GRAPE						
8854634002013	Temple of Dawn Milk Chocolate with roasted almond	Gallothai Co.					
8854634024329	CHOCOCITY	CHOCOCITY	60				
8854649001025	เปเล่ 150 g	เปเล่	30				
8854649001087	Kohkaew 210 g	Kohkaew	30				
8854651003017	Durin Toffee						
8854651003031	Mangosteen Toffee						
8854651008845	Mango wafers	Recipe	33				
8854651050776	Fruit  puff						
8854657000157	Chilli & garlic in sesame oil						
8854657001130	Ground Chilli And Garlic In Oil	Double Seahorse	15				
8854657002366	Tamarind candy						
8854657002540	Concentrate Cooking Tamarind	Garden Queen	30				
8854661010258	White Shrimp						
8854669287898	Petit-beurre Biscuits	Bonora	6.2				
8854671003813	Crispy Rolls - Original Flavor	Thai Pattana	40				
8854671004353	Durian Crispy Rolls	Thai Pattana	45				
8854680000018	bamboo shoot tip						
8854680000117	Bamboo Shoots	Singing Bird					
8854680000315	Young Green Jackfruit in brine						
8854680003613	Fried shallots						
8854680003668	Black pepper sauce						
8854692000044	Nam Kung Chili Paste	J-Lek					
8854692000051	น้ำพริกแมงดา	น้ำพริกคลองรังสิตเจ๊เล็ก	15				
8854692000198	น้ำพริกปลากรอบ	น้ำพริกคลองรังสิต(เจ๊เล็ก)	15				
8854692000587	น้ำพริกนรกปลา	น้ำพริกคลองรังสิตเจ๊เล็ก	15				
8854692000594	น้ำพริกนรกกุ้ง	น้ำพริกคลองรังสิต(เจ๊เล็ก)	15				
8854692000600	น้ำพริกปลาดุกฟู	น้ำพริกคลองรังสิต(เจ๊เล็ก)	15				
8854692000624	น้ำพริกตาแดง	น้ำพริกคลองรังสิต(เจ๊เล็ก)	15				
8854692002123	J-Lek, Thai Sweet Chili Sauce	K.R.S. Spicy Food Co. Ltd	30				
8854692002161	J-Lek 17 g	J-Lek	17				
8854692002178	น้ำจิ้ม						
8854692002185	Basil Stir fry Sauce		30				
8854692006374	J - Lek, Spring Roll Sauce	K.R.S. Spicy Food Co.  Ltd.	30				
8854692008590	น้ำจิ้มแจ่ว	KRS	17				
8854692009498	Sriracha		17				
8854692009863	J lek chicken rice sauce	J-Lek	50				
8854698002059	oishi greentea honey lemon						
8854698002073	โออิชิน้ำผึ้ง						
8854698005562	Green tea(oishi)						
8854698007481	อะมิโน โอเค พลัส ไบร์ทเทนน น้ำรสผลไม้รวม 12% กลิ่นอะเซโรลา เชอร์รี่จากน้ำผลไม้เข้มข้น	อะมิโน โอเค พลัส ไบร์ทเทนน	470				
8854698009461	Oyoshi green tea	Oyoshi					
8854698010009	Oishi Fruito	Oishi					
8854698010443	Thé froid	Oishi	200				
8854698012416	Oishi green tea	Nsun					
8854698015905	โออิชิ กรีนที 400 ml	โออิชิ กรีนที	200				
8854698015981	โออิชิ 400 ml	โออิชิ	200				
8854698016827	เครื่องดื่มน้ำรสเลมอน 9% ผสมเบต้า กลูแคน และวิตามินซี ตราวี-บูสท์ - 150 ml	V boost	150				
8854698018166	Japanese Green Tea Original Drink	โออิชิ					
8854698018579	Green tea						
8854700000455	Curucuma Powder						
8854729500097	Cream Cheese Flavour Non-Dairy Creamer Powder Dreamy	Dreamy					
8854729500226	Thai Bubble Tea	Dreamy	30				
8854743003765	Gran Madame jsamine rice						
8854759726801	foam						
8854761000425	Milk Tea Low Fat	Ochasan	230				
8854761001330	Ocha San brown sugar						
8854761001453	Oat milk strawberry		180				
8854761002368	โอชะซัง ชาโซดาพีช						
8854761024018	Chabaa vitamin E						
8854761240210	Valencia orange juice	Chabaa	180				
8854761350117	Jus de guava						
8854761951024	Eurng Luang mixed fruits juice	Eurng Luang	350				
8854770002212	Virgin Coco, Coconut Cookie Rolls, Banana	Virgin F&B Co.  Ltd.	30				
8854770002229	Virgin, Cocoroll Coconut Cookie Rolls, Orange	Virgin F&B Co.  Ltd	30				
8854770008757	KING POWER SELECTION 90 g	KING POWER SELECTION	30				
8854800002915	Riz parfumé au jasmin						
8854841000079	SHAVE ICE SYRUP						
8854841000086	SHAVE ICE RASPBERRY SYRUP						
8854841001014	Watermelon						
8854841001021	Shave ice honeydew melon						
8854841001038	Shave Ice strawberry 1kg syrup						
8854841001052	Apple shave ice						
8854841001076	SHAVE ICE BLUE BERRY SYRUP						
8854841001090	SHAVE ICE CHERRY SYRUP						
8854841001120	SHAVE ICE COLA SYRUP						
8854841002028	SHAVE ICE BLUE CARACAO SYRUP						
8854841002042	SHAVE ICE ROOTBEER SYRUP						
8854841002059	Blue lemon						
8854843000138	Brown Rice Noodle	Greenoodle	56				
8854858004541	Chinese Noodle	Nam					
8854858004558	Chinese Noodle						
8854881000466	ขนุนกรอบ(จันทบุรี)						
8854881002897	ทุเรียนหมอนทอง ฟรีชดราย	เวรี่ ไทย					
8854923311109	สแน็คแจ็ค กุ้งคั่ว						
8854923311307	Snack Jack	Hanami Foods	31				
8854958006643	Wasabi Paste	WASABI-O					
8854961001499	Fuji plum						
8854961001802	บ๊วยซากุระ	富吉李	20				
8854995000833	Yaourt saveur citron	Les petits cirés	125				
8854996000351	FREEZE Dried Durian						
8854996000924	Ananas lyophilisé	Kooky	12				
88550108	Roasted Garlic & Gruyere Cheese Smoked Chicken Sausage	Aidells					
8855011000363	ซัลเบน						
88550114	Vanilla Almond Spiced Chai	Trader Joe's					
8855044000057	Noix de coco Mangue						
8855044000248	Coconut milk drink	Coco royal	290				
8855044001894	Coconut Milk Drink with Nata de Coco	DreaM PREMIUM					
8855044002266	Coconut Milk Drink With Nata De Coco	Co-Bana	290				
8855044004741	American harvest basil seed drink						
8855044004758	Basil Seed Drink						
8855044005175	Basil Seed Lychee	ThaiWin					
8855044006752	EARLY						
8855044006776	Boisson aux graines de basilic avec saveur orange						
8855044010506	Coktail basil seed drink						
8855044011701	Boisson raisin graine de chia						
8855044011756	coco royal						
8855044011831	Basil seed drink						
8855044011862	Basil Seed Drink with Pomegranate						
8855044012944	Basil Seed Drink With Strawberry	Hemani	290				
8855044014597	นิดนาเม็ดแมงลักมิกซ์ฟรุต						
8855044016836	Badil seed drink						
8855044025319	Basil seed drink						
8855044034236	Eau de noix de coco						
8855044034359	Boisson au lait Noix de coco Melon						
8855044036964	Cool time Pêche (graines de basilic)						
8855044037138	Basil seed drink						
8855044037893	Azka						
8855044038296	musa coconut milk drink						
8855044039613	American eagle						
8855044039712	BASIL SEED DRINK	神戸物産	290				
8855044040497	Chia seed Mango Drnk						
8855044040503	CHIA SEED DRINK Lychee						
8855044040510	chia seed drink passion fruit						
8855044040527	BASIL SEED DRINK Strawberry						
8855044040534	Basil Seed drink with cocktail						
8855044040541	Nita Basil seed drink with pineapplr flavor						
8855044041043	Boba						
8855044041548	Thé au lait Thaï						
8855044041845	Coconut milk drink						
8855044044457	Coconut milk drink mango	Musa	290				
8855044044792	Basil Seed Drink with Lychee Flavor						
8855044044815	Basil seed						
8855044044839	Basil seed drink- with strawberry flavor						
8855044047007	Falooda Drink Basil seed Strawberry flavor						
8855044048332	Pineapple Coconut Milk	Chocoloco	290				
8855044048684	NITA nealko nesyteny nápoj s príchuťou ovocného koktejly s bazalkovymi semienkami						
8855044048714	NITA Nealko. nesyteny nápoj s príchuťou mango s bazalkovymi semienkami						
8855044048721	COOL TIME Nealko nesyteny nápoj s príchuťou granátového jablka a bazalkovymi semienkami						
8855044048738	NITA nealko. nesyteny nápoj s semenami bazalky s príchuťou ananásu						
8855044048752	NITA Nealko. nesyteny nápoj s jahodovou príchuťou a semenami bazalky						
8855044049711	Coconut Milk Drink	Cocoloco	290				
8855044049865	Aayini	Mango	290				
8855044051080	Mabu Coco						
8855044051134	apple juice						
8855044051738	Coconut Milk Drink - Pineapple	Royal Plus Public Company Ltd.	290				
8855044051837	Falouda						
8855044053039	Coconut Milk Drink Mango flavor	Coco Royal- Royal Plus Thailan	290				
8855044059956	falooda						
88550823	Italian mild sausage						
8855091405928	鲜虾吐司	山姆	420				
8855101614807	New Zealand Manuka Honey	Fortnum&Mason					
8855101790006	Christmas tea						
8855102555604	Chocolat noir						
8855108002355	Collagen	Vitamate					
8855120000346	ข้าวเกรียบกุ้ง รสต้มยำ	พีอาร์	20				
8855120003002	PR 80g	PR					
8855120003095	Big Bag Sour Cream And Onions	PR	27				
8855134001582	ตั้งเซ่งจั๊ว 162 g	ตั้งเซ่งจั๊ว					
8855149000068	Split Cashew Nuts	aro					
8855153100303	Energy Drink	G Beat	230				
8855180006241	Riz						
8855180006258	Riz						
8855199141018	Coke Soft Drink 500 ML.	Coca-Cola					
8855199143180	Fanta 1.50l	Fanta	200				
8855207004380	SERDA PINEAPPLE						
8855226630002	lucky fz						
8855237000178	Panama curry paste						
8855237000253	Kari Curry Paste	Nittaya					
8855237000277	Chili in Oil	Nittaya					
8855237000604	Curry Masaman Nittaya						
8855237000635	Grüne Curry Paste	Nittaya					
8855263000777	Macadamia Honey						
8855263000838	Salted Macadamia	Doitung	30				
8855263002047	Macadamia nuts spread						
8855263006014	Macadamia Spread With Perilla Seeds	Doitung Brand	15				
8855273000163	Eingelegter Senfkohl	Red Drago					
8855273000316	Pickeled Green Chilli						
8855273000668	Bamboo Shoit	Chang	100				
8855273000798	Chang Palm Sugar 1kg						
8855273000811	RD sator nut in BRINE 227g						
8855273000941	Ground chilli						
8855273001030	Red dragon bamboo Shoot with yanang 680g						
8855273001429	Red drago Bamboo Shoot young tip 400g						
8855273001559	Pickled Ginger						
8855273001719	Global pride mango roll						
8855273002259	Red dragon dried fish maw premium (s)						
8855273002372	Ground Chilli	Sambal Oelek	25				
8855273004734	Beef Flavor Paste	Lian Huan					
8855273005830	Mango Sweet and Sour						
8855273006424	DEE coconut juice (bag)						
8855273006448	NL fried pure red onion 125g						
8855273006929	Fried garlic 227g						
8855273006936	Red onion	Noon lam					
8855273007322	Crispy Anchovy with Sesame	Hoshi	25				
8855273008466	Thai Jasmine Rice	Thai Hom Mali	45				
8855273008565	Reis	Golden Lion					
8855273008619	Black glutinous rice						
8855273008817	Sticky rice	Little Angel					
8855273009609	Thai Jasmine Rice	Little Angel					
8855273009616	Thai glutinous rice		45				
8855273009920	Jasminreis						
8855273009975	THAI JASMINE RICE	GOLDEN THAI DRAGON					
8855273011862	Sticky Rice W Banana And Black Beans	O-Cha	100				
8855273011879	Sticky Rice With Taro	O-Cha	70				
8855273012012	O cha rice stick 1mm 375g						
8855273012340	Ocha frozen blanched mackerel						
8855273013316	O-cha dried chilli (L) 500g						
8855273013736	BANANA LEAVS LA CHUÔI						
8855273014665	Ocha krachai						
8855273015112	O cha pickled ginger slice						
8855273016348	Ocha young green jackfruit						
8855273016881	Dried Thai chilis						
8855273017550	Longan In Syrup	Chang	100				
8855273018403	Ocha pickled mustard with chilli						
8855273018922	Frozen Thai Dessert Black Sticky Rice in Bamboo Joint						
8855273019165	Tapioca Pearl White &quot;L&quot;	O-Cha	48				
8855273019370	Jasmin Rice, Uncooked	Double Golden Fish	46				
8855273020109	Organic Jasmine Rice	O-Cha	45				
8855273021021	Ocha Red Cargo Rice 2 kg						
8855273021038	O-Cha Jusmine Brown Rice						
8855273021427	O cha rice stick 3mm 1kg						
8855273021526	O-cha dried chilli 70g						
8855273021533	Jasmine Rice						
8855273021632	Thai Crispy Rolls						
8855273021960	O cha palm sugar 1kg						
8855273022509	O-cha dried chilli (crush) 100g						
8855273023124	Chilli Jam	Wok	100				
8855273023841	Red dragon ginger candy						
8855273023896	Palm Suger	o-cha					
8855273024374	DEE CRISPY roll coconut						
8855273024862	Fresh Rice Vermicelli	Red Drago	50				
8855273026385	Chang palm sugar						
8855273026538	Hoshi tamarind seedless						
8855273026682	Hoshi pineapple biscuits						
8855273027092	švestka Snack Semena						
8855273027115	Pineapple biscuits						
8855273027665	Cheese cracker with pineapple jam						
8855273027948	Fried Chili Oil	O-cha	20				
8855273028655	Rice Stick Banh Pho	Ngon Lam	62				
8855273028662	Fried Pure Onion	Red Drago					
8855273028679	O-cha black mushroom						
8855273029140	Fried Onion	O-Cha					
8855273029829	Ocha Fried Garlic						
8855273030504	O-cha rice cracker						
8855273030511	O-Cha RiceStick Pad Thai Roll 3mm						
8855273030733	Rice stick roll 3mm 400g						
8855273030900	Young coconut meat						
8855273031129	Fried Onion	O-Cha					
8855273031167	Grund Chili Powder &quot;Strong Hot&quot;	Red Dragon					
8855273031198	Ocha chilli powder strong hot 100g						
8855273031327	Rice Cracker						
8855273031549	Fish Curry Dumpling	O Cha	80				
8855273031877	O cha pineapple biscuits						
8855273031938	Thai Basil Cubes	O-Cha					
8855273032065	Hoshi ice gem biscuits						
8855273032577	O cha tamarind PULP 454g						
8855273032591	Ocha fresh rice Vermicelli						
8855273035530	Tamarind Concentrate	O-Cha	33				
8855273035721	Sugar paste	ocha					
8855273036032	WOK yentafo sauce						
8855273036193	Ocha Rice stick 1mm						
8855273037787	Palm Sugar	O-Cha	8				
8855273038227	Kokonusszucker	Red Drago					
8855273038890	O cha longan in syrup 565g						
8855273038999	Rd bamboo shoot young tip with yanang						
8855273039415	Sugar Paste	O-Cha					
8855273039439	Palmzucker						
8855273039446	O-CHA BISCUIT STICK						
8855273039927	Ocha dried chilli crush 500g						
8855273040053	Crispy Anchovy Snack	Hoshi	28				
8855273041951	Thai Dessert Mung Bean	Dee	90				
8855273042323	Rice Cracker Donut	DEE	20				
8855273042330	Rice Cracker Donut	Red Drago	100				
8855273042521	Rice Crackers All Grain	I-Cha	100				
8855273042576	Dee Preserved Mango						
8855273042583	Dee Preserved Mango with chilli						
8855282101035	Nut candy Cashew						
8855301211912	さば水煮	KANAME株式会社	150				
8855301211936	さば味噌煮	KANAME株式会社	100				
8855301213374	Las qoray						
8855301216351	Tuna in soya bean oil		43				
8855301216818	Tuna chunk	Al - Nawagel	400				
8855301217082	Shredded Tuna in Vegetable Oil	Golden Prize	100				
8855301217846	Afia Canned Solid Tuna in Sunflower oil						
8855301218355	تونه المجلس						
8855301218409	KANAME	さば水煮	150				
8855301218942	Light Tuna	Almglis					
8855301219352	سمك تونه خفيف رويال						
8855301221577	Tuna						
8855357000027	Crispy fish						
8855357000454	Chern-Chim 130 g	Chern-Chim	25				
8855363000318	Suja						
8855363004019	Pickled Chilli						
8855363005511	Seasoning Sauce						
8855363005849	Fried Red Onion	Double Golden Fish Brand					
8855363007003	Fried Red Onion						
8855363007898	Ground Chilli & Garlic In Oil	Hai Cá Vàng	15				
8855363007904	Ground chili & garlic						
8855363010416	Tapioca Pearl	Double Golden Fish	100				
8855363011529	Instant Tom Yum Paste						
8855363012540	Tom yum soup paste						
8855363013783	Crunchy Garlic w/ Chilli Oil	Hai Cá Vang	15				
8855376003023	Electrolytes						
8855413000411	Organic Coconut Blossom Sugar	Cocowel					
8855416330744	อาร์ เฟร็ช 86 g	อาร์ เฟร็ช	43				
8855416332168	เอพลัส	เอพลัส	50				
8855416332397	เอพลัส 85 g	เอพลัส	85				
8855422001348	Zolito 30 g	Zolito	30				
8855433021762	THAI HOM MALI RICE JASMINE WHITE SCENTED RICE	DOUBLE GOLDEN FISH					
8855444003047	GIANT SHEET PAPRIKA TASTE	Kabuki					
8855444003290	Seaweed	Kabuki	100				
8855444004808	KABUKI ROLL PAPRIKA SPICY						
8855444005140	Kabuki roll grilled						
8855444005348	KABUKI ROLL GRILLED SQUID						
8855444005638	KABUKI ROLL PAPRIKA						
8855454629909	GATORADE						
8855459002011	สามธง						
8855513256470	lucky mix						
88555355	Digest						
8855536301327	Fish Sauce	Thaiparos	18				
8855539010011	ขมิ้นชันอภัยภูเบศร						
8855550002309	PUENG NGEE CHIANG 770 g	PUENG NGEE CHIANG	32				
8855550002446	PUENG NGEE CHIANG 200 g	PUENG NGEE CHIANG	40				
8855550002453	PUENG NGEE CHIANG 100 g	PUENG NGEE CHIANG	25				
8855550003269	Crispy Chinese Pork Sausage Chips	Pueng Ngee Chiang	35				
8855550004921	Singapore Cookies	Pueng Ngee Chiang					
8855550005386	PUENG NGEE CHIANG 110 g	PUENG NGEE CHIANG	7				
8855550007144	คุณยายฉลาม 250 g	คุณยายฉลาม	31				
8855550008080	ปึงหงี่เชียง 100 g	ปึงหงี่เชียง	25				
8855550008097	PUENG NGEE CHIANG 200 g	PUENG NGEE CHIANG	25				
8855550010854	ปังหงีเชียง 75 g	ปังหงีเชียง	12.5				
8855588000438	Squidy Coated Cashew Nuts	Squidy	30				
8855588110229	Season roller squid		17				
8855588140202	GREENLAND GARADA NUGGET CHICKEN SPICY						
8855588140219	CARADA NUGGET						
8855588141056	Carada	Carada	30				
8855588141148	Carada						
8855588220010	สควิดดี้ (คลาสสิค)​	Greenland					
8855588230071	Cuttlefish Crackers	Garada	32				
8855591000173	Sucre de palme						
8855591000319	Tapioca pearls						
8855591000333	Asia 400g	Asia					
8855591000449	Tapioca Flour						
8855591000487	Rice stick	Pho&Pad Thai	100				
8855629000335	Mistine ဒိန်ဂေါက်						
8855689003420	Crispy Gourami Fish Original Flavor	Pa Waen	30				
8855702001662	Steamed Chicken Breast	Kitchen Joy					
8855702001778	Thai cube massaman curry with jasmine rice	Kitchen joy	350				
8855702003567	Roasted Duck	CP					
8855702006995	Prawn Wonton Soup With Noodles	CP					
8855702007077	CP chicken chunk						
8855702007428	チキンナゲット	コストコ					
8855702008791	Brochettes poulet japonaises						
8855702009279	Shrimp Wonton in Tom Yum Soup	CP	147				
8855723000057	แต้ แต้ 300 g	แต้ แต้	50				
8855723000064	แต๊แต๊ 300 g	แต๊แต๊	50				
8855723000699	แต้เซงเฮงเปี๊ยะลูกเต๋า						
8855723001894	ตแต้ เซ่ง เฮง 530 g	ตแต้ เซ่ง เฮง	50				
8855723003393	แต้เซ่งเฮง 500 กรัม	แต้เซ่งเฮง	55				
8855723004277	แต้ เซ่ง เฮง 167 g	แต้ เซ่ง เฮง	50				
8855723004291	แต้เซ่งเฮง 168 g	แต้เซ่งเฮง	50				
8855723006042	TAE SENG HENG 300 g	TAE SENG HENG	300				
8855723006370	แต้ เซ่ง เฮง	แต้ เซ่ง เฮง					
8855723008336	แต๊ เซ่ง เฮง	แต๊ เซ่ง เฮง					
8855723010391	ทาร์ตสับปะรด	แต้ เซ่ง เฮง	30				
8855723012159	ขนมถั่วทอดกลอย	แต้เซ่งเฮง	50				
8855788000061	Green Curry Paste	Lamduans					
8855788000115	Panaeng Curry Paste	Landeams					
8855790000547	6677						
8855790001087	Carabao						
8855790002152	วู้ดดี้ซี ล็อค	Woody	100				
8855796015125	Oke oke 320 ml	Oke oke	320				
8855796028019	Eden Apple Green						
8855796034294	โซจูนมเปรี้ยว						
8855796034591	โซจูองุ่นขาว						
8855796034676	โซจูเมล่อน						
8855796034874	โซจูแอปเปิ้ลเขียว						
8855796038230	โซจูบ๊วย						
8855815000040	เต้าหู้ไข่ไก่	เกษตร	105				
88558516	Olivades verte au basilic						
8855881000208	Tom Kha Thai Coconut Soup	Desiamcuisine Co.  Ltd.	10				
8855897000037	Pineapple Chips	Smile Fruit Co.  Ltd	20				
8855897000051	Mango Chips	Smile Fruit Co.  Ltd.	20				
8855897000129	Broccoli Chips	Smile Fruit Co  Ltd	20				
8855897000136	Cherry Tomato Chips	Smile Fruit Co.  Ltd	20				
8855897000174	Okra Chips						
8855917001341	O’tori Nugget	JC Interfood					
8855917001617	โคโคริ ไก่ทอด						
8855917001631	โคโคริ สาหร่าย						
8855917001655	โคโคริ ปลาหมึก						
8855917009194	7E Corn Snack Caramel Milky						
8855917009217	7E Corn Snack Smoked Chicken						
8855917009231	7E Corn Snack Hot&Spicy						
8855917009682	ข้าวโพดอบกรอบ รสคาราเมล	โอเดนย่า	8				
8855917010329	ขนมข้าวโพดแท่งอบกรอบ รสซุปข้าวโพด	O'tori	12				
8856001000219	ผงวุ้นอะการ์	ห้าดาว					
8856049001803	DÉLICE (taste) ANANAS EN TRANCHES						
8856049003333	Lofe						
8856049004613	Lait de coco						
8856049004743	Ananas en morceaux au sirop leger						
8856082005653	Jelly me cuti	SAND-M	30				
8856082005660	Handy Herb	Handy Herb					
8856082005752	Jelly d-txy		30				
8856082005769	O!my						
88561165	Kiwi strawberry	Juicy Juice					
88561219	Fruit fusiun						
8856128004589	น้ำผึ้งดอกไม้ป่า						
8856128004787	น้ำผึ้งดอกลำไย						
8856128700030	เครื่องดื่มข้าวกล้องรสกาแฟ	โกลเด้นท์	30				
8856136000603	Fruit King 55 g	Fruit King	30				
8856136000610	Fruit King 50 g	Fruit King	25				
8856136000634	Fruit KING 55 g	Fruit KING	28				
8856136000641	Fruit King 55 g	Fruit King	28				
8856136004663	Mango		140				
8856153345718	Cherry blossom body lotion 2yrs prod						
8856153350514	Beauty Buffet after bath body essence 2yrs prod						
8856153354611	Coffee	Lansley	13				
8856154000913	Riz parfumé Thaï jasmin	l'éléphant blanc					
8856154000920	Riz parfumé thai jasmin						
8856160100201	Aceite oliva		15				
8856167700671	BORGAT CHOCO SNACK						
8856230120122	Karizmai						
8856230120139	Karizmai						
8856232356659	Eye gummy	EYE GUMMY					
8856241000109	Würzmischung Noodle Soup	Gosto					
8856259000085	[No info image]						
8856274001661	AFFCO Fish Sauce 700ml						
8856274002729	Galette de riz						
8856274003382	Fish sauce- Sauce de poisson						
8856286000294	Thai Jasmine Brow Rice	วรรณภพ	100				
8856294075024	Boiled Eggs	Thaliand (7/11)	110				
8856294090935	S Pure Prime ไข่ตุ๋นนอกไก่ผสมเห็ดหอม	S Pure Prime					
8856307001231	Pina						
8856321582822	Sorpresa Lapiz						
8856366000220	Walamr						
8856366001494	Taberu Fried seaweed spicy flavour		40				
8856366002330	Kelp noodle		50				
8856366002644	สาหร่ายย่าง สไตล์เกาหลี	aro					
8856366002804	Crispy Seaweed mango flavored	Taberu					
8856366002828	Crispy Seaweed Almond Flavour	Taberu					
88564225110500	lucky tako						
8856429003076	Rice stick	Three Star Elephant	50				
8856429003168	Rice Stick	GOLDEN LION	50				
8856429003199	Rice Noodles	Golden Lion Brand	50				
8856429003618	Rice Noodle Lutik						
8856467000020	นมข้าวโพด	จัมโบ้	280				
8856513000127	Vita c						
8856513000202	Myda b						
8856513000622	Volta						
8856513002435	Musaral						
8856513002848	Vitamin c						
8856513005511	Paracol syrup						
8856513005573	Vita c						
8856513005887	Nox						
8856513006488	Vit c						
8856513008826	Myda b						
8856513008932	Vit C Gummy						
8856513009410	pr0poliz	mouth spray					
8856517012812	Pitta tea						
8856538091018	ข้าวแต๋นธานี 150 g	ข้าวแต๋นธานี	150				
8856538091025	ข้าวแต๋นธานี 120 g	ข้าวแต๋นธานี	120				
8856538091056	ข้าวแต๋นธานี 150 g	ข้าวแต๋นธานี	150				
8856538091070	ข้าวแต๋นธานี 120 g	ข้าวแต๋นธานี	120				
8856548022200	ดีโน่		20				
8856548024075	คิสโก้ 144 g	คิสโก้	24				
8856582000110	Green tea with super lemon	Zenya					
88565842	Céréale saveur briocher						
8856604051069	Sweet Potato Chips	Dai Fruits	100				
8856628201761	Thai richy honey						
8856677889019	เป็นหนึ่ง 100 g	เป็นหนึ่ง	33				
8856677889026	เป็นหนึ่ง มะพร้าวแก้วแบบเส้น						
8856677889095	มะพร้าวแก้วแบบเส้น	เวรีไทย					
88566778892026	เป็นหนึ่ง 100 g	เป็นหนึ่ง	33				
8856771000600	Dried mixed fruits						
8856771001157	Shredded Dried Squid	น่านน้ำ					
8856771444244	Dried Mix Fruits						
8856796000111	นมแพะ	ศิริชัย	190				
88567990	Organic coconut oil virgin and unrefined	Palermo					
8856843003089	Mixed Berries	Sunny day	100				
8856843005472	Frozen Tangerine	Sunny Day	100				
8856848000076	Dragonfly Organic black rice 2kg						
8856848001158	Dragonfly Organic jasmine 5kg						
8856848001189	Organic Rice Crackers Sweet Chili & Sour Cream	Lanna Valley					
8856848001288	Organic Chia Whole Seeds	Perfect Earth	12				
8856848001363	Laksa Curry Meal Kit						
8856848001400	Organic Instant Noodles Kimchi						
8856848001417	Organic Instant Noodles Tom Yum						
8856876000086	Pinoy Fruit Cocktail 850g						
8856884000887	Durian	Monthong Durian	100				
8856891000023	Crispy Fish	Salid					
8856891000733	Crunchy Peanut Butter	Happy Mate	35				
8856891000818	Almond Paste Unsweetened	HappyMate	30				
8856891004786	Freeze Dried  GOJI BERRIES	Happy Mate					
8856891005066	Green Peas tempeh	Happy mate	150				
8856891005080	Tempeh Original (Rimping Soy)	Happy Mate	70				
8856899001107	คุกกี้ช็อกโกแลตชิพผสมเมล็ดมะม่วงหิมพานต์	ฮากิกิ					
8856900000051	Satay	Aromax					
8856900000099	Tom Yum Paste	Aromax					
8856900000204	Tom Yum Set	Aromax					
8856900000662	Thai Sukiyaki Hot Sauce	Aromax					
8856901001576	Bites Baked Rice Snacks	Rise Buddy	60				
8856901002320	Ravin detachables		25				
8856901002344	Chicken Salt and Italian Herbs		25				
8856901003464	Seaweed Flavoured Detachables Rice Crackers	Ravin'	25				
8856950000131	ปลาฉิ้งฉ้างกรอบ รสธรรมชาติ	คุณแม่จู้	25				
8856950001138	Chiliflocken						
8856950001558	คุณแม่ 120 g	คุณแม่	24				
8856950001671	คุณแม่จู๊ 130 g	คุณแม่จู๊	20				
8856950001831	คุณแม่จู้ 120 g	คุณแม่จู้	7				
8856950002890	คุณแม่จู่ 300 g	คุณแม่จู่	30				
8856950500013	คุณแม่ 200 g	คุณแม่	30				
8856950500099	คุณแม่จู 270 g	คุณแม่จู	30				
8856950500839	Coconut Chip		20				
8856950600041	คุณแม่จู้ 270 g	คุณแม่จู้	7				
8856950600270	คุณแม่จู้ 270 g	คุณแม่จู้	7				
8856950700628	KHUNMAEJU 40 g	KHUNMAEJU	20				
8856951300070	คุณแม่จู้ขนมจีนอบแห้ง						
8856972206009	Organic White Jasmine Rice		100				
8856977001029	Black sesame soup	Xongdur	25				
8856977004792	FoodFitt Granola Bar 15 g	FoodFitt Granola Bar	15				
8856977004808	FoodFitt Granola Bar 15 g	FoodFitt Granola Bar	15				
8856977004815	FoodFitt Granola Bar 15 g	FoodFitt Granola Bar	15				
8856977005164	FoodFitt Granola Bar 15 g	FoodFitt Granola Bar	15				
8856977005171	FoodFitt Granola Bar 15 g	FoodFitt Granola Bar	15				
8856977005188	FoodFitt Granola Bar 15 g	FoodFitt Granola Bar	15				
8856995004934	Japanese Dresssing Sesame Soy Sauce	Aro	36				
88570198	Cold Café Au Lait	BOSS					
8857042005959	Shimp Paste						
8857052999873	Jasmine Rice	Golden Elephant	45				
8857056002548	PB Veggie Stock						
8857056004566	BEEF NOODLED	PICNIC					
8857056007123	Stir-fried noodle						
8857072000184	To be deleted						
8857072000825	Balance - snack de riz						
8857072000917	WOWW 150 ml	WOWW	150				
8857074000731	Chocolate Milk	Darum	200				
8857074000885	fresh milk	Dalum					
8857087000148	oh						
8857087000933	A Bonne Spa Milk Salt						
8857087001015	a bonne						
8857099003243	kokozo						
8857099003755	kokozo						
8857100980150	แม่ศรีเรือน 350 g	แม่ศรีเรือน	40				
8857100980549	แม่บุญเรือน เบอเกอร์รี่ 350 g	แม่บุญเรือน เบอเกอร์รี่	40				
8857100980556	แม่ศรีเรือน โมจิรสกะทิ	แม่บุญเรือน เบอเกอร์รี่	40				
8857100980624	แม่บุญเรือน เบอเกอร์รี่ 340 g	แม่บุญเรือน เบอเกอร์รี่	40				
8857100980693	แม่บุญเรือน เบอเกอร์รี่ 340 g	แม่บุญเรือน เบอเกอร์รี่	40				
8857100980709	แม่บุญเรือน เบอเกอร์รี่ 340 g	แม่บุญเรือน เบอเกอร์รี่	40				
8857101122702	face wash	shiny face general training					
8857101125390	yc whitening face wash						
8857101129503	Cucumber						
8857101134194	Honey & papaya						
8857101146074	املاح معدنية بالصبار						
8857101150620	Fitting insertions						
8857101150637	Fitting insertions						
8857101158237	face wash	NITRO					
8857101220026	Dee Thai Sweet Chilli Sauce 340g						
8857101221870	dee Thai sweet and sour						
8857101222990	De thaï siracha						
8857101301008	Sweet Chili Sauce	Chef Dish					
8857101660105	TPA 160 g	TPA	100				
8857101660525	summer honey						
8857101920216	Ya Nang Water Extract						
8857101920490	Mango Sheet						
8857102020144	ลูกเดือย						
8857102250473	SARACHI ORIGINAL SPICY TAMARIND						
8857102250480	SARACHI SPICY TAMARIND IN PLUM POWDER						
8857102570991	Thaweephan Products 120 g	Thaweephan Products					
8857102720143	Soft Dried Mango						
8857102910636	NOVOLIFE MASSAGE BALM						
8857103290058	Ban Dtahn Buk 500 g	Ban Dtahn Buk	5				
8857103290140	BDB coconut sugar 500g						
8857104680278	Tamarind Tenga						
8857104680544	Jeedjard chewy tamarind spicy plum						
8857104720936	Sweet corn with young coconut in coconut milk		150				
8857105303121	Thai Jasminreis						
8857105740278	Only one image						
8857106100484	Chips Seaweed						
8857106850440	Yellow Curry Paste						
8857107230159	Crispy seaweed (original)	Taokaenoi	10				
8857107230449	สาหร่ายเถ้าแก่น้อย	เถ้าแก่น้อย	10				
8857107231026	Seaweed Snack - Hot & Spicy Flavor	Tao Kae Noi	100				
8857107231064	Crispy Seaweed Wasabi	Tao Kae Noi	16				
8857107231071	Tak Kae Noi 65g	Tak Kae Noi					
8857107232061	Crispy Seaweed Spicy Flavor	Tao Kae Noi					
8857108070112	Khunnid 500 g	Khunnid	34				
8857108350092	Edamame beans snack	Friendly food	40				
8857109700322	A.H basil leaves						
8857109700353	A.H parsley leaves						
8857109700384	A.H thyme leaves						
8857111540251	เอ็ม.เอ็ม. 120 g	เอ็ม.เอ็ม.	40				
8857111540435	[Only one image]						
8857112520184	กล้วยตากอบธรรมชาติ	เวรีไทย					
8857112520436	Mae Kulab 200 g	Mae Kulab	20				
8857112520634	Solar dried banana						
8857114136574	Mango Soft Dried	Palida					
8857114181895	Soft dried mango						
8857115170263	Banh trang my tho						
8857116050045	คุณเล็ก 120 g	คุณเล็ก	30				
8857118730679	Premium mushroom sauce						
8857119484991	ชูใจ 250 ml	ชูใจ	250				
8857120220106	นมข้าวกล้องงอกผสมถั่ว 5 สี	Naturich					
8857120450015	Delicious dried fish						
8857120450053	DELICIOUS DRIED FISH						
8857120450251	Delicious Big Eye Dried Fish						
8857120450763	Calamari	Av	65				
8857121052263	เอโร่ 20 g	เอโร่	20				
8857121082499	White sesame bar						
8857121082529	ไทไท 90 g	ไทไท	45				
8857121082536	ไทไท 90 g	ไทไท	45				
8857121197896	Sweet tamarind		100				
8857121248994	coco royal						
8857121283018	น้ำส้มโชกุน						
8857121375072	บ๊วย						
8857121519094	แม่กุหลาบ 160 g	แม่กุหลาบ	40				
8857121519537	แม่กุหลาบ 80 g	แม่กุหลาบ	40				
8857121519568	แม่กุหลาบ 80 g	แม่กุหลาบ	40				
8857121519636	ไดฟุกุ ไส้มะพร้าว	แม่ก หลาบ					
8857121535056	Vita c						
8857121535223	Vita c						
8857121535506	Vitamin c						
8857121535544	aaa						
8857121535728	ผลิตภัณฑ์เสริมอาหารแคลเซียมคาร์บอเนต	แคล-อัพ-ช็อคโก					
8857121535858	Vita c						
8857121535872	D-lyte						
8857121554033	Yangban seaweed oliveoli		4				
8857121554057	Yangban Hot & Crispy Seaweed	Dongwon					
8857121554095	ยังบัน น้ำมันเมล็ดองุ่น						
8857121694029	รุ่งทิพย์ 340 g	รุ่งทิพย์	40				
8857121694074	รุ่งทิพย์ 62 g	รุ่งทิพย์	62				
8857121694333	รุ่งทิพย์ ขนมถั่วพิมพ์	รุ่งทิพย์	40				
8857121775124	MCT Oil	Agrilife	15				
8857121775582	Coconut Yogurt	Cocogurt	120				
8857121846664	Unsweetened Soy Milk (No Sugar)	ฟอง	200				
8857122085086	โมจิ นครสวรรค์ 110 g	โมจิ นครสวรรค์	110				
8857122334177	วาเลนไทน์ 1000 g	วาเลนไทน์	18				
8857122334191	วาเลนไทน์ 1000 g	วาเลนไทน์	18				
8857122477041	งาดำรสน้ำผึ้ง	ธัญพืช					
8857122511479	CHOCO FRUIZ 180 g	CHOCO FRUIZ	30				
8857122511509	CHOCO FRUIZ 180 g	CHOCO FRUIZ	30				
8857122559150	Red Chillies						
8857122559235	Feuille De Citron Kaffir Sèches						
8857122621628	ลูกอมซูกัส ราสเบอรรี่						
8857122646911	มะม่วงเขย่า พริกเกลือ	โอ้ ฟรุตตี้					
8857122650024	Rice Vermicelli	วุ้นเส้นท่าเรือพระแท่น					
8857122662218	Sareefa 100 g	Sareefa	100				
8857122668012	Coconut chips		40				
8857122668067	Coconut strips		40				
8857122668111	Dried mango		40				
8857122668685	Basil seed drink with mango flavor						
8857122685040	Ananas en morceaux au cirop						
8857122685279	Coconut milk						
8857122685286	Coconut Cream	MC	80				
8857122685330	いわし	ユーラス	100				
8857122685767	Ananas fruits						
8857122685774	Euras Boiled Tuna	Euras					
8857122685927	Lait de coco		100				
8857122685934	Crème de noix de coco						
8857122685996	Maïs doux						
8857122695087	กล้วยตากพลังงานแสงอาทิตย์						
8857122726118	lime juice						
8857122726422	small juice	Songheng	100				
8857122832062	เครื่องดื่มถั่ว 5 สี ชนิดผง 352 g	เครื่องดื่มถั่ว 5 สี ชนิดผง	22				
8857122832291	งาดำแม่อุษา 352 g	งาดำแม่อุษา	22				
8857122858109	คุณหนึ่ง 200 g	คุณหนึ่ง	20				
8857122859526	แม่สมาน 40 g	แม่สมาน	40				
8857122859557	แม่สมาน 40 g	แม่สมาน	40				
8857122953644	Seasoned Crispy White Sardine	Chaolay	25				
8857123001009	JAMBO SARDINES						
8857123001634	Khao Soo	OTOP	102				
8857123002945	Coconut Chips	Mae Somsri					
8857123005021	Knight Black Horse	Knight Black Horse					
8857123006042	วรรณ 280 g	วรรณ	47				
8857123006110	วรรณ 280 g	วรรณ	24				
8857123006127	วรรณ 280 g	วรรณ	47				
8857123006134	วรรณ 280 g	วรรณ	47				
8857123006141	วรรณ 280 g	วรรณ	24				
8857123006622	วรรณ 280 g	วรรณ	80				
8857123027870	เต้าหู้นมสดมะพร้าวหอม	Damnoen Food	150				
8857123047021	Thai taste dahra banana chips						
8857123047397	Naturally dried mangos						
8857123062055	Cross Anchovy Fish	OTOP					
8857123076618	เพลิน 50 g	เพลิน	25				
8857123113214	นันทบุรี 100 g	นันทบุรี	16				
8857123146595	Coconut crispy roll	King power	30				
8857123148025	น้ำพริกหนุ่ม						
8857123164148	Nick 250 g	Nick	40				
8857123171023	Laab Chili Powder	Kruadoitung					
8857123228192	ยักษ์คิ้วท์	ยักษ์คิ้วท์					
8857123310385	น้ำดื่มคำยวน						
8857123328243	Pad Kee Mao						
8857123415042	หนุ่ม 240 g	หนุ่ม	40				
8857123415066	หนุ่ม 200 g	หนุ่ม	40				
8857123415196	ดาว พัทยา 240 g	ดาว พัทยา	40				
8857123447012	นมปรุงแต่งชนิดเม็ด รสหวาน	เทวา					
8857123457035	Green Mulberry						
8857123465580	Organic Berries Mix	Organic Seeds	5				
8857123497123	FITTO popped whole grain snack	FITTO	15				
8857123863010	COCO QUEEN GRAPE						
8857123863034	Coco Queen						
8857123863263	Coconut						
8857123863287	شیر کالەک کوین						
8857123863485	شیر شوکولاتە کوین						
8857123863515	شیرموز کوین						
8857123863751	كوكو						
8857123894212	(Tom Yum Flavour)  Chashew Nut Roasted	Kayeephuket	30				
8857123896209	RICHLY BROWNIE 50 g	RICHLY BROWNIE	50				
8857123920546	ข้าวไรซ์เบอร์รี่อบกรอบ รสถั่วลิสงงาขาว	Siam Crispy Rice	40				
8857123982131	ซอสหอยนางรม						
8857124038011	Soy bean snack	Kenkonu	45				
8857124038066	Kenkoku	Kemkoku	8				
8857124063020	ไก่หยอง	อามีนะห์					
8857124063099	หนังไก่กรอบตรา แม็กซโอเชี่ยน รสดั้งเดิม	แม็กซโอเชี่ยน					
8857124063105	Crispy Chicken Skin Mala Flavour	Max Oceans	30				
8857124063228	Crispy Chicken Skin - Salted Egg	Max Ocean's	30				
8857124063310	Crispy Chicken Skins Ghost Pepper	Max Oveans	30				
8857124063327	Keto Chicken skin Himalayan Salt	Max Oceans	30				
8857124063457	ไบตี้ หนังไก่กรอบ รสวาซาบิ						
8857124133037	MR TONG ึึึ70 g	MR TONG	35				
8857124179363	JubJub Instant rijstnoedel kip glutenvrij	JubJub					
8857124188013	กราโนล่าบาร์ ผสมภั่ว รสแบล็ค&พิงค์คุกกี้ - Grainey		25				
8857124188150	Rice pop barbecue	Grainey	15				
8857124188310	Grainey Granola With Cereal Ovaltine Flavor	Grainey	40				
8857124188396	Granola Bar Ovaltine White Malt Soft And Chewy	Grainey	25				
8857124188525	Mini Multi Grain Bar Vanilla Malt Flavour	Grainey	20				
8857124188648	Grainey [No Image]		100				
8857124240131	Mae Hong 260 g	Mae Hong	43				
8857124252196	Black Pepper Chicken Breast Sausage	Guyvy	160				
8857124252202	Protein Bar, Chocolate	Guyvy	80				
8857124252226	Protein Bar Strawberry	Guyvy	80				
8857124252547	Pea Protein Bar - Strawberry	Guyvy	80				
8857124252554	Chicken Breast Stick	Guyvy	160				
8857124252684	Chicken Breast Sausage With Chil Paste	Guyvy	160				
8857124580176	Coffee						
8857124580183	Coffee						
8857124597808	WANALEE Jackfruit Chips	Herbal Food					
8857124663251	เฟรนด์ชิป 30 g	เฟรนด์ชิป	30				
8857124715554	CHUNKY MIXED NUTS BUTTER	Paweenee's					
8857124715578	CHUNKY CHOCOLATE NUTS BUTTER	paweenee's					
8857124715585	Matcha Nuts Butter	Paweenee's					
8857124722125	thu der whey	20					
8857124778030	Soft Dried Baby Pineapple	Thai Tropica	53				
8857124778399	Dried Mangoes	Aimun's Snack					
8857124818606	มาแวว 15 g	มาแวว	15				
8857124818651	น้ำพริกกากหมู	ตราแม่แอ๊ว	10				
8857124818941	Mae Aew 15 g	Mae Aew	15				
8857124866126	Basil seed drink						
8857124866157	Coconut Milk Drink						
8857124866171	Coconut Milk Drink with Nata De Coco						
8857124866195	Coconut milk drink		290				
8857124866317	Basil seed drink with mango flavor						
8857124866362	Basil seed drink						
8857124866379	Basil Seed Drink with mixed fruit flavor						
8857124866409	Fruitival						
8857124866423	Basil seed drink with watermelon flavor						
8857124866461	Coconut Milk Drink						
8857124981263	ชาไทย						
8857124981270	ชาไต้หวัน						
8857124981287	โกโก้						
8857124981294	ชาเขียว						
8857124997011	Corn milk	Phuta	270				
8857124999046	Mango sticky rice coconut cream						
8857125003421	Hamcheese sanwich	Wanwanach	95				
8857125112048	MMC Cereal Plain						
8857125120081	DIZE SEASONINGS 35 g	DIZE SEASONINGS	4				
8857125133661	Sushi ginger						
8857125267151	Sos labu merah						
8857125286039	Banana Chips Salted	Nien Na					
8857125286046	Banana Chips Sweet Butter	Nien Na					
8857125291323	Shrimp Chins Snack Tom Yum Kung Flavour	Oyua Snack	72				
8857125291408	Crispy Salmon Skin Mala Barbecue Flavor	O-Yua	20				
8857125299282	Salalai 150 g	Salalai	50				
8857125299404	Salalai 130 g	Salalai	50				
8857125299411	Salalai 170 g	Salalai	49				
8857125343077	Curry Crab Thai Rice Chips	The Goldgreen	20				
8857125343145	Bake coconut chips						
8857125343305	Soft Dried Mango	The Golden	25				
8857125343459	Mango Dried	Aranya	40				
8857125519625	oat choco strawberry						
8857125593113	โอยั๊วะหนังปลารสผงกะหรี่						
8857125593168	Morris Protein Snack Chicken Breast	Morris					
8857125593175	chicken skin						
8857125593205	โอยั๊วะคางกุ้งรสสวีทชิลลี่						
8857125593229	Crispy Chicken Breast Sticks	Vena	30				
8857125593243	Chicken Breast Chips	Morris	16				
8857125593397	โอยั๊วะแพ็คปาร์ตี้บีฟ						
8857125593526	Chicken Breast Protein Snack	Morris	16				
8857125593632	chicken breast baked snack	morris protein snack	16				
8857125593878	Crispy Fish Skin Tom Yum Salted Egg Flavor	Mo-Min	25				
8857125593885	โมมินหนังปลารสต้มยำไข่เค็ม						
8857125593892	crispy chicken breast sticks	vena	30				
8857125607704	Bun	Skinny Original Bun	24				
8857125610070	Beet root & Cranberry Pat Bread	Skinny Bites	60				
8857125610100	Multigrain Wholewheat Oat Bread	Skinny Bites	60				
8857125610513	Dark Cocoa Quinoa Bread	Skinny Bites	40				
8857125610605	Whole Wheat Quinou Bread	Skinny Bites	43				
8857125610612	Green Veggies Quinoa Bread	Skinny bites	79				
8857125610629	Nuts & Grains Quinoa Bread	Skinny Bites	43				
8857125610636	Skinny Bites	Pumpkin Carrot	45				
8857125610902	Little Pumpkin Carrot Bun	Skinny Bites	23				
8857125620062	มานชน	มานชน	100				
8857125659024	ใสยาว ข้าวซ้อมมือ 1 kg	ใสยาว ข้าวซ้อมมือ	50				
8857125746540	Stir Fried Chicken W/ Basil & Thai Jasmine Rice	Thai Chim Doo	260				
8857125814034	เต้าหู้ปลา สูตรพริก	Made	100				
8857125814379	ลูกชิ้นปลาแซลมอน	MADE					
8857125853095	บายศรี 360 g	บายศรี	15				
8857125896122	Fruit Bound bars - peanut						
8857125896450	Mango Chia Chew	Fruit Bound	40				
8857125896498	Plant Based Protein Bar Peanut Butter Brownie	Fruitbound	60				
8857125896597	Passion Fruit Mango	Fruit Bound	60				
8857126019094	TASTE FOOD CRISPY SNACK						
8857126019100	TASTE FOOD SPICY GREEN						
8857126019117	TASTY FOOD SPICY PURPLE						
8857126019322	Tasty food stick						
8857126105124	ライススナック　サワークリーム&オニオンフレーバー	ブランデックス	60				
8857126105377	Younger farm mini rice cracker salted egg						
8857126105858	Younger Farm 200 g	Younger Farm	40				
8857126105865	Younger Farm 200 g	Younger Farm	40				
8857126105872	グラノーラ　（チョコレート）	ユーラス	100				
8857126152036	น้ำพริกปลาย่างแม่มานิต						
8857126152050	นรกแมงดา แม่มานิต						
8857126152067	นรกกุ้ง แม่มานิต						
8857126152180	นรกปลาย่าง แม่นานิต						
8857126163087	Thai Tea						
8857126195125	วาสนาหมูทุบ						
8857126195514	วาสนากุนเชียงหมู						
8857126195521	วาสนากุนเชียงปลา						
8857126230055	Organic Superfoods Blue Spirulina Powder	Incas by Asiya Life					
8857126230338	Organic Premium Dried Blue Butterfly Pea Flowers	Incas by Asiya Life					
8857126230581	Organic Chrysanthemum Flowers	Incas by Asiya Life					
8857126230598	Organic Kaffir Lime Leaf	Incas by Asiya Life					
8857126230604	Organic Soursop Whole Leaves	Incas by Asiya Life					
8857126275131	Massaman Curry Paste						
8857126275247	Roasted Glutinous Rice	Khun Nan	20				
8857126306064	Whey Isolate	DMON	35				
8857126480085	Cheese Strips						
8857126487053	Power protein	Power Shot	32				
8857126551181	Roasted Cashew Nuts Tom Yum Flavor	GRAND MOM AEAD					
8857126606225	ลิ้นจี่โซดา	IKEA	330				
8857126611038	กัปตันหมูหยอง						
8857126611052	กัปตันหมูสวรรค์						
8857126611113	กัปตันเนื้อสวรรค์						
8857126611786	กัปตันหมูเส้น						
8857126611878	Dried Shredded Pork	Captain Pork	25				
8857126635294	Instant Thai boat Noodles	Em-o-cha	107				
8857126656077	เสริมอาหารวีมินไบโอ		5				
8857126699111	สามเกลอผง						
8857126758221	Crispy Bites Chocco	Dalica	30				
8857126758801	Longan Cracker						
8857126952056	Mixed Berries Smoothies	Jiko	220				
8857126952995	น้ำฝรั่ง	jigo					
8857126961522	Wolffia Globosa Powder	Ama Grow	3				
8857126993080	Thai Coconut Rolls		25				
8857126993103	Thai Coconut Rolls, Green Tea	Tongsook	25				
8857126993127	Thai Coconut Rolls - Chocolate	Tongsook	25				
8857126993189	Crispy	Coconut Roll Strawberry	26.7				
8857126993226	Thai coconut rolls		25				
8857127003078	Lozenges mixed vitamin c	Mk	3.5				
8857127014036	มัน						
8857127014104	Soft dried mango						
8857127014159	ไทยเทสท์ขนมเปี๊ยะถั่วไข่เค็ม						
8857127014166	ไทยเทสม์ขนมเปี๊ยะถั่ว						
8857127164083	ขนมอกไก่อบกรอบรสทรัฟเฟิล	CHIPY CHICK	100				
8857127179148	Tuna Floss Low Sodium	Toone	20				
8857127279190	Coconut Crispy Rolls	InTouch	29				
8857127323299	Fish Curry Paste (Mea E pim)						
8857127361598	นิจจังฟู้ด	นิจจังฟู้ด	30				
8857127372136	Passion fruit turmeric ginger kombucha						
8857127485096	Cheese	Munch	22				
8857127626024	Organic Dried Butterfly Pea Flower Tea						
8857127633336	เอ็ม เค 125 g	เอ็ม เค	62.5				
8857127638010	Whole Oat Groats	Verre9					
8857127709116	Banana	Fame					
8857127769158	Vitamin C + Collagen	Kcal's	30				
8857127878454	Memorize Chocolate Granola	MEMORIZE					
8857127882185	Coconut Milk	Kin Dee	80				
8857127882192	Coconut Cream	Kin Dee					
8857127882208	Organic Light Coconut Milk	Kin Dee					
8857127882215	Organic Coconut Milk	Kin Dee	80				
8857127882222	Organic Coconut Cream	Kin Dee	80				
8857127882239	Organic Hom Mali Rice	Kin Dee					
8857127882246	Organic Hom Mali Brown Rice	Kin Dee					
8857127882253	Hom Mali Rice	Kin Dee					
8857127882284	Mangos With Chili	Kin Dee					
8857127882307	Dried Pineapple Slices	Kin Dee					
8857127882314	Dried Jackfruit	Kin Dee					
8857127882321	Dried Rambutan With Lychee Flavor	Kin Dee					
8857127882345	Dried Coconut Slices	Kin Dee					
8857127882352	Mandarin Orange Segments With Chili	Kin Dee					
8857127882383	Sambal Oelek	Kin Dee	16.6				
8857127882475	Thai Long Grain Jasmine Rice	Kin Dee					
8857127882482	Thai Long Grain White Rice	Kin Dee					
8857127882499	Thai Jasmine Brown Rice	Kim Dee	45				
8857127882512	Dried Ginger With Icing Chunks	Kin Dee					
8857127882574	Dried Lemon Slices with chili	Kin Dee					
8857127882932	Dried Banana Coins	Kin Dee	30				
8857127882987	Sriracha	Kim Dee	15				
8857127934105	Just Blend Smoothie	Nootri	180				
8857127946610	Southern Thai Tea with Crispy Roti	KanVela	30				
8857127984117	Tomyum Konzentrat	Kitchenthai					
8857128009017	Chicken Breast Smoothie	MUST	250				
8857128009024	Chicken Breast Smoothie Drink Peach Yoghurt Flavour (Must Brand)	MUST	250				
8857128009031	Cocoa-flavored chicken breast smoothie with almond milk	Must	250				
8857128009055	Chicken Breast Smoothie - Coffee Latte	Must	500				
8857128009062	Chicken Breast Smoothie Thai Tea Latte Almond Milk	MUST	250				
8857128009161	Chicken Breast Smoothie Drink Yoghurt Flavored with Blueberry (MUST Brand)	MUST	250				
8857128009185	Chicken breast smoothie drink, yogh, flavored with lychee and grapefruit	Must	250				
8857128106563	Rolled Fried Tofu (Zong Guan Brand)	Zong Guan					
8857128151143	โกก๊อบ 40 g	โกก๊อบ	20				
8857128151150	โกก๊อบ 40 g	โกก๊อบ	20				
8857128159200	Isolated Whey Protein	Maxtech	40				
8857128217955	Whey Protein Isolate	ASN	32				
8857128220009	โคโค่ลีฟ	โคโค่ลีฟ	330				
8857128220030	Coconut Water	โคโค่เลิฟ	350				
8857128310021	Mon Amour	Mon Amour	15				
8857128319062	รสนาวอร์ 100 g	รสนาวอร์	100				
8857128397183	น้ำพริกปลาร้าเจ						
8857128397190	น้ำพริกนรกเห็ดหอมเจ						
8857128397275	น้ำพริกมะขามสดเจ						
8857128397473	น้ำพริกตาแดงเห็ดนางฟ้าเจ						
8857128413043	Soy Protein Isolate- Vanilla	Martell	39				
8857128413081	PLANT-BASED PROTEIN ISOLATE	MATELL					
8857128413098	Plant Based Protein Isolate	Matell	36				
8857128413128	Multi Plant Protein	Matell	40				
8857128413173	Mass soy protein	Metell	120				
8857128413418	Pea Protein Isolate	Matell	37				
8857128413425	Whey Protein Isolate	MATELL	38				
8857128413432	Soy Protein Isolate - Thai Tea	MATELL	35				
8857128413883	เวพ่อ	อะไรก็ได้	39				
8857128423035	Snakehead Fish Curry Pudding	Mae Rampa	98				
8857128474495	Whey protein		38				
8857128484043	Butterfly Pea Flower Lavender Tea Bags	Incas by Asiya Life					
8857128484104	Black Ginger Capsules	Incas by Asiya Life					
8857128484111	Pueraria Mirifica Capsules	Incas by Asiya Life					
8857128484128	Black Ginger Powder	Incas					
8857128484135	Andrographis Capsules	Incas by Asiya Life					
8857128486009	Almond Protein Noodles	นักเดิลส์	78				
8857128486450	Kale almond noodles	Nut dles					
8857128492369	Potato Chip Mystery Flavor	My Snaxx	25				
8857128516089	Ananasų Gražinėliai	Deli-sphere	100				
8857128619339	PlantMe PPRIM Chocolate Flavour	PPRIM					
8857128639313	Olive Oil Salad Dressing With Truffle	Never Enough	30				
8857128648308	ก๋วยเตี๋ยว​เรือ กึ่งสำเร็จ​รูป	ย้งยี้					
8857128648414	ผัดไทย พร้อมน้ำปรุงสำเร็จรูป	ถ้อยถวิล					
8857128670033	Microwave Popcorn	Popstar	78				
8857128670040	Microwave Popcorn With Paprika Flavor	Pop Star	25				
8857128671009	test						
8857128681565	ซอสเทอริยากิ		15				
8857128723036	Salted Egg Crispy Anchovies	Crispy Will	30				
8857128723043	crispy anchovies	crispy will	30				
8857128724019	แม่นิตยา 50g	แม่นิตยา	25				
8857128724163	แม่นิตยา 25 g	แม่นิตยา	25				
8857128754016	Hiyo Jelly Gummy Candy Blueberry Cola and Grape Flavour	HIYO JELLY					
8857128755235	Soft Roasted Seabass Spicy	บ้านไทยซีเล็ค	20				
8857128755440	บ้านไทย ซีเลค 100 g	บ้านไทย ซีเลค	20				
8857128755464	Shredded Sea Bass Original Flavour	Baanthai Select	20				
8857128787021	Squid Jerky	Squid King	20				
8857128787069	crunchy baked fish tom yum flavor	squid king	25				
8857128862018	กระยาสารท นภารัตน์ 240 g	กระยาสารท นภารัตน์	240				
8857128862261	กระยาสารท นภารัตน์ 240 g	กระยาสารท นภารัตน์	240				
8857128920091	Panang Curry Sauce	Narins Thai Restaurant					
8857128983461	Vanilla Whey Isolate	Makemoves	39				
8857129013013	Chicken breast smoothie drink with yoghurt Strawberry	Max	250				
8857129013020	Chicken Breast Smoothie Drink with Yogurt mixed Berry Flavor	Maz	250				
8857129013037	Chicken Breast Smoothie Drink With Yogurt and Mixed Fruits	MAX	250				
8857129013051	Max Mango	Max	500				
8857129013068	Chicken Breast Smoothie Dank With Yogurt Passion Frut and Beetroot Flavored	Max	250				
8857129013099	Chicken breast smoothie with yogurt, mixed berry (lactose-free)	Max	250				
8857129013105	Chicken Breast Smoothie Drink With Yogurt Lactose Free Formula	MAX	250				
8857129029137	Vegan Cream Cheese - Sour Cream Onion	Swees	30				
8857129048039	Corn milk - pure organic		200				
8857129052067	နှင်းပေါင်မုန့်						
8857129329053	ยาสีฟันThaya						
8857129477075	บุญรอด ทาร์ตมะพร้าว						
8857200058490	whyisbxj						
8857200076913	น้ำแกงส้ม	แม่ประดับ	240				
8857200107099	Roasted Crispy Thai Crepe						
8857200111218	vera gold เครื่องดื่มว่าหางจระเข้กลิ่นองุ่นขาว						
8857200111331	vera gola น้ำเม็ดแมงลักผสมน้ำผึ้ง						
8857200125376	Hushed Crispy eniki mushroom						
8857200135436	Riz rouge						
8857200145657	Coconut Toffee	A CAP	130				
8857200201018	Brownie Choc-Chip	Bcrizpy					
8857200201025	บี คริสปี้ 45 g	บี คริสปี้					
8857200210812	Longan Cookies						
8857200213912	Sweet Chew 40 g	Sweet Chew					
8857200213943	Sweet Chow 36 g	Sweet Chow	36				
8857200214513	Bread butter [Only one image]	GFT	30				
8857200239837	Nuts butter	Paweenee's	15				
8857200241014	Biochee	Biocher					
8857200263238	Edamame Milk	Anatani	250				
8857200263399	Brittle brownies	Bun House	30				
8857200266307	น้ำพริกป้าร้าทรงเครื่อง						
8857200266321	น้ำพริกนรกทรงเครื่อง						
8857200266345	น้ำพริกแมงดา เชฟยิ้ม						
8857200266369	น้ำพริกปลาร้าแจ่วบอง						
8857200266680	เนื้อทอดเทวดา	เนื้อทอดเทวดา	50				
8857200330558	SUN-DRIED BANANA STICK						
8857200331128	ปุ้นซาว ยำขนมจีน สูตรน้ำปลาร้าพร้อมปรุง	ปุ้นซาว	120				
8857200341134	อินทิพร	อินทิพร	35				
8857200379649	Chef-Moo 720 ml	Chef-Moo	15				
8857200384513	Beef Jerky	Daddy & Sons	25				
8857200384520	Pork Jerky	Daddy & Sons	25				
8857200416856	Superfood Chocolate						
8857200439053	Chdder cheese	RM Taylor					
8857200464451	More plant based protein isolate	Max well	38				
8857200517270	NO SUGAR THAI NOODLE SAUCE	เจี๊ยะ (KETO)					
8857200520515	Chinese Pearl Barley Drink	Barlait	300				
8857200530910	Peanut Butter Powder	Noost	16				
8857200530927	Noost peanut Butter	Noost	8				
8857200542302	Sweet chilli sauce						
8857200545143	ซุปเปอร์ซี 15 g	ซุปเปอร์ซี	15				
8857200545914	Egg White Udon	La Lynn	150				
8857200545921	Ready To Eat Egg White Vermicelli	LaLynn	150				
8857200557825	GOLDEN APPLE AND YUZU ZERO SUGAR SPARKLING DRINK	EN-ZIERO					
8857200557870	Sparkling Akasutki Peach Guava Energy Drink	En Theories	230				
8857200557887	Natural Energy Drink Sparkling Citrus Lychee	En-Theories	230				
8857200569750	Chicky fried Crispy Chicken Skin  Mala Flavour	Chicky fried					
8857200573030	ปังหิมะ ไส้ครีมนม	M					
8857200573047	ปังหิมะ ไส้ครีมกล้วย						
8857200585514	ก๋วยเตี๋ยวเรือเส้นเล็กแห้ง	เลอรส	120				
8857200585569	ก๋วยเตี๋ยวเรือเส้นหมี่	เลอรส	130				
8857200612913	HAT THE BEANS 500 g	HAT THE BEANS	30				
8857200612937	What The Beans	What The Beans	30				
8857200655842	หม่าล่าม้วน	เถ้าแก่เนี้ย					
8857200675918	HOM..HOM 80 g	HOM..HOM	40				
8857200681711	Freeze Dried Mangosteen	Thappy	15				
8857200696418	Dried Japanese Sweet Potato	Masari	100				
8857200734516	SIA YAI 50 g	SIA YAI	25				
8857200762342	Instant Thai Boat Noodle	Ruea Thong Brand	125				
8857510100049	LIGHT MEAT TUNA	Almawasim					
8857510100056	Sardines à la tomate	Almawasim					
8857514236775	Crispy Marsh Mallow						
8857594801849	Gluta berry						
8857660088716	Necklaces candy						
8857932822406	Sriracha chilli sauce						
8858003124108	Spring roll pastry	Spring home					
8858011507290	Teriyaki Noodles						
8858011508914	Pad Thai noodles	Asiatique	280				
8858011508921	nudeln mit sesam	asiatique					
8858011585007	グリーンカレー	グローバルビジョン	115				
8858011586479	Peanut Satay Noodles	Asiatique	280				
8858011589067	Chicken Yaki Udon	Asiatique					
8858095002551	Thai Glutinious Rice	Spoon & Spoon					
8858095002575	sticky rice						
8858095003534	Thai Hom Mali Rice						
8858096003717	a-my 100 g	a-my	30				
8858111000035	Wangphrom Balm Thai Herbal						
8858124819020	Couscous parfumé	Tipiak					
8858135000127	real thai blackbean wok sauce	real thai	60				
8858135000141	Black pepper						
8858135001926	Green curyyyyyy	業務スーパー					
8858135002633	マッサマンカレーペースト	業務スーパー					
8858135003906	Coconut Milk	Real Thai	80				
8858135004743	Pad Thai Noodle Kit	Real Thai					
8858135006952	Chilisauce	Real Thai					
8858135052034	Vermicelles de riz						
8858150001703	ถั่ว						
8858150001765	Roll stick épicé		4				
8858152000032	หน่อไม้ฝรั่งในน้ำเกลือ						
8858152032293	Omeo chocolate						
8858160005067	Cremini chocolate wafer rolls	Cremini	25				
88581779	Premiun Deli Honey Turkey Breast and Whitr Turkey						
88581850004595	Meatless Protein Chips	Good Eats	30				
8858185000733	Pad thai instant rice noodle		70				
8858185002560	Coconut Chips Wasabi Flavour	Crisp Coconut	40				
8858185003819	Tom Yum Creamy						
8858223000343	คุกกี้ครีมขาว	วีฟู๊ดส์	30				
8858223003283	Mini Golden Pineapple Biscuits						
8858223004563	Corn stix						
8858223005683	wafer stick	royal wafer	100				
8858223005829	Choco Panda	VFOODS					
8858223006468	Mangosteen  Wafers	VFOODS	30				
8858223008455	VFood ori stik						
8858223008493	VFOOD HOT SPICY STICK						
8858223010328	ワッフルスティック　マンゴークリーム風味	ハナマサ	100				
8858223011806	Coconut wafers						
8858223013039	mix						
8858223014425	คุกกี้สอดไส้ครีมรสมะพร้าว	Dear Teddy	30				
8858223014692	Vfoods mini golden pineapple biscuits						
8858223014708	Vfoods tasty stick biscuits (original)						
8858223014852	Vfoods cookies white cream						
8858223015316	M&K 450	M&K	30				
8858223017976	MB.TEDDY CHOCOLATE COOKIE 25G						
8858223017983	8858223017983						
8858223020020	Spicy Korean chicken biscuit sticks						
8858223020822	แน็คซ์แน็คซ์ เวเฟอร์สติ๊ก กลิ่สตรอเบอร์รี่	NaxNax	29				
8858223021690	Lotus's 400 g	Lotus's	31				
8858223025735	ขาไก่รสเค็ม	วีฟู้ดส์	31				
8858223026312	Mr.mee						
8858232001508	ปลาข้าวสารกรอบปรุงรส	พรทิพย์	25				
8858232007609	พรทิพย์ปชาข้าวสารธรรมชาติ 90ก						
8858232011613	Matcha Green Tea Powder	Orta	30				
8858259003134	San mic light beer						
8858265000080	Tamarindo タマリンド	タイ国	100				
8858266000867	Red Bean And Cendol Ice cream	iTiM	70				
8858271002887	Teraki sauce		10				
8858271003068	Black Sweet Soy Sauce	מזרח ומערב	100				
8858271003945	Yellow Curry Sauce	Maxchup					
8858271004300	רוטב טריאקי	Maxchup					
8858271005772	Gluten Free Soy Sauce	East And West					
8858271006472	Tonkatsu Sauce	healthyboy.com					
8858279001394	Voiz Waffle Choco Flavored	Monde	7				
8858279001400	Voiz Mini Cookies Vanilla Cream Flavour	Meade					
8858279002117	Cookie And Cream Mini Oreo	Sumo Monde	9				
8858279003534	Voiz Deluxe Waffle Crisp Butter Flavor	Voiz Deluxe					
8858279006658	หมี่ผัดฉ่า	Lucky me	80				
8858306001809	Jasminris	QRice					
8858306002295	Risssss	Rice	100				
8858306003223	white jasmine rice	golden phoenix	45				
8858306005951	Thai Hom Mali Broken Rice A1						
8858306005975	RIZ CASSÉ 1 fois	GOLDEN PHOENIX	100				
8858306007115	Jasmin Reis	Thai Hom Mali					
8858358000300	Tapioca Pearl	Bôt-Báng					
8858358002120	Wasabi Coated Anchovy	Shing Shang	25				
8858358007484	Bamboo shoot						
8858358008122	GREENDAY JACKFRUIT CHIPS						
8858358008634	Banana Chips						
8858358008993	Crispy Fruit Snack	A S World Trading Ltd.	25				
8858358009006	Banana Chips	A S Word Trading Ltd.	20				
8858358009570	Crispy Mango	Greenday	16				
8858358009990	Dried Chilli “Crush”	Mr. Number One	30				
8858359000231	Conserve gingembre						
8858359000873	Pickled Ginger						
8858382000345	Тунец	Fortuna	130				
8858386000099	Chim Jung 200 g	Chim Jung	30				
8858386000211	เพ็ญนภา 250 g	เพ็ญนภา	80				
8858386000341	เพ็ญนภา 250 g	เพ็ญนภา	62.5				
8858386000396	PENNAPA 250 g	PENNAPA	50				
8858386000600	เพ็ญนภา 200 g	เพ็ญนภา	50				
8858386001058	เพ็ญนภา 200 g	เพ็ญนภา	40				
8858386001263	เพ็ญนภา 400 g	เพ็ญนภา	400				
8858386001348	เพ็ญนภา 125 g	เพ็ญนภา	30				
8858386001614	เพ็ญนภา 150 g	เพ็ญนภา	45				
8858386001690	Chim Jung 175 g	Chim Jung	40				
8858386003014	เพ็ญนภา 150 g	เพ็ญนภา	75				
8858386007883	PENNAPA 220 g	PENNAPA					
8858426031359	Quatre quart pur beurre	Ker Cadélac	25				
8858463003470	Atún en agua	Líder	60				
8858492000709	Blueberry Yoghurt	ete					
8858492002116	Ete 50 g	Ete	50				
8858492005148	เอเต้ วานิลลา						
8858492005537	Kati Ruam Mitr	ete	65				
8858492005544	Jelly Party	ete	90				
8858492008408	Ice cream Boran	ete	45				
8858492008965	Boran Wafer Vanilla	Ete	52				
8858492014126	เอเต้ 60 g	เอเต้	60				
8858530006052	Custard Filling Puff	Silver Bakery	38				
8858533001030	Thai Sticky Rice						
8858533004864	lotus rice flour						
8858575000176	Tapioca Coconut Dessert	Khrua Thai	120				
8858585000029	บัตเตอร์มินิพายกรอบ - 180 กรัม	Bee choice	60				
8858598000412	Coriandre						
8858598001976	Curcuma						
8858598008463	Riz souffle & sucre de canne						
8858598010022	Gingembre Confit	Top Thaï					
8858598040180	Sauce aigre-douce	Siam'ss					
8858624001024	Beef flavor seasonning sauce						
8858624010019	THAI SPICY SALAD DRESSING	NONGPORN BRAND					
8858629001555	Crispy jasmine rice						
8858629001777	Bangkok cookies, thai rice crackers, crab curry	Bangkok Cookies	30				
8858629001791	Bangkok cookies, thai rice crackers, tom yum	Bangkok Cookies	30				
8858629001913	Crispy Young Coconut Chips, Sriracha Sauce	Fruit Land	20				
8858629002040	Dried Mango	Delicious Thai Fruits	40				
8858629003832	Sweet Tamarind With Chili Salt	Fruit Land	30				
8858638000044	big cola	เอเจ					
8858638003618	Energy Drink	Volt Zink By AJE	200				
8858638007999	เอเจบิ๊ก	เอเจบิ๊ก	310				
8858638008118	Big 200 ml	Big	200				
8858638008965	Soda Energy Drink Ginseng Blueberry Flavour	โวลต์	310				
8858639000098	Spicy chicken		100				
8858639000272	Karaage	Ajinomoto	100				
8858639001040	Premium Karaage (Garlic Flavor)	Ajinomoto	100				
8858639001170	Japanese Dumpling (Chicken & Pork)	Ajinomoto	114				
8858639044443	Cookies & cream	Chobani					
8858648700873	Riz jasmin	Kim	50				
8858649315311	Jasmine Rice - Long Grain	Island Pacific	50				
8858649315335	Jasmine Rice	Island Pacific	50				
8858649342140	White Sweet Rice						
8858649353382	Haricots Mungo	Manna	35				
8858649360168	Brown Jasmine Rice						
8858649365330	Brown Rice (Measured Dry)	Island Pacific	50				
8858652601272	Tamarind Seedless	H.I	15				
8858652601289	Sweet tamarind						
8858652601616	Fresh Sweet Tamarind	Yw International Produce	100				
8858652602743	fresh sweet tamarino						
8858652602934	Tamarind						
8858652603030	Sweet tamarins						
8858652603184	Tamarind Balls Candy	LA Lucky Brand	33				
8858652614852	Young Coconut						
8858657102729	afm						
8858661103026	Konnyaku	MOKI					
8858661109547	Moki rice						
8858661109615	Moci engle hair						
8858661109622	Shirataki Spaghetti	MOKI	50				
8858661109653	Moki udon						
8858661110062	Seaweed Tofu	Moki	100				
8858661191115	Roasted Quail Egg Marinated Flavor	Jin's Dr. Seven					
8858661200015	ฟลาว ตอร์ตีญ่า	เอล ชาร์โร	32				
8858661200091	Corn Chips	El Charro					
8858661200114	Mexican Corn Chips Hope & Spicy	El Charro	30				
8858661200947	Chicken Burritos	El Charro	115				
8858663188830	Redondo 300 g	Redondo	25				
8858668841129	ปังสยาม พ.ศ. 2515 160 g	ปังสยาม พ.ศ. 2515	40				
8858669402282	Sponge Crunch	Rinbee	25				
8858669413653	Makado sticks 55 g	Makado sticks	30				
8858669413660	MAKADO sticks 55 g	MAKADO sticks	30				
8858669700029	Thai Hom Mali Rice	Golden Elephant	50				
8858669700036	Jasmine Rice	Golden Elephant	50				
8858669700159	Premium Thai Jasmine Rice	4 Elephants	50				
8858669800057	Thai Hom Mali Rice	Golden Phoenix					
8858669800064	Thai Hom Mali Fragrant Rice	Golden Phoenix					
8858669800248	New Crop Thai Hom Mali Rice	Golden Phoenix					
8858669800415	Germinated Brown Jasmine Rice						
8858669870333	Germinated Red Cargo Rice	Golden Phoenix					
8858669870340	Germinated Black Cargo Rice	Golden Phoenix					
8858669870807	Germinated Brown 100% Jasmine Rice	Golden Phoenix					
8858671580015	panko						
8858674710303	Durian dehydrated						
8858677711680	Plant Stanol Ester Mixed Berry Flavor	Benecol					
8858679309090	Elaf tuna						
8858679318481	Light meat tuna chunk in vegetable oil	Silver Belle					
8858679610271	Boru boru						
8858679644054	Mochi Ice Chocolate	Buono	100				
8858679644085	Mochi Ice Dessert Vanilla	Buono (Thailand) Co.					
8858679644160	Mochi Ice Dessert Matcha Green Tea	Buono (Thailand) Co.					
8858679644177	Mochi Ice Dessert Chocolate	Buono (Thailand) Co.					
8858679646423	Cold bree coffee						
8858679648632	Chocolate Mochi	Buono	26				
8858679690143	Mee Krob Thai Crispy Rice Noodle Snacks-Original	Green & Sunny	30				
8858679690150	Mee KrobThai Crispy Rice Noodle Snacks-Shoyu & Nori	Green & Sunny					
8858680800081	อัญชันแห้ง						
8858680800319	Red brown jasmine rice	B- Herbs					
8858681800219	Stevia extract sweetener	Control					
8858682119488	Schmetterlingsblüten						
8858684506880	ซุปชาบูน้ำดำ	CP	100				
8858684506897	ซีพี 100 ml	ซีพี	100				
8858684507160	ข้าวน้ำตกไก่	cp	200				
8858684507375	ข้าวกะเพราเจ	EZYGO					
8858684508167	ไข่แดงเค็ม ตราซีพี						
8858684509706	Macaroni cheese With Sausage	EZYGO	195				
8858684510047	Massaman Curry With Tender Herb Chicken & Rice	CP	250				
8858684510269	Meat Zero Chicken Nuggets	Meat Zero	100				
8858684510856	ซุปไข่ขาวและเห็ดหอม ตราซีพี - 170 กรัม	Cp	170				
8858684510870	3802231 ไอเอ็มยูคิส 6ชิ้น						
8858684512195	มิท ซีโร่ มินิป๊อปจากพืช	Meat Zero	100				
8858684513420	บะหมี่เกี๊ยวกุ้งจักรพรรดิซุปต้มยำชีส	ซีพี	211				
8858684513444	ข้าวพะแนงอกไก่	Ezy Choice Brand	265				
8858684514076	สปาเกตตี้ซอสครีมเห็ดทรัฟเฟิลและอกไก่แช่แข็ง - 275 g	Chef cares	100				
8858684514892	Pad thai	Kitchen Joy	300				
8858684515141	Bolona	CP	50				
8858684517756	Vegan chicken	Meat zero					
8858684518067	ข้าวถั่วแขกผัดพริกเกลือมังสวิรัติEzygo	EZYGO	220				
8858684518784	Spaghetti Chilli Bacon	EZY Choice	210				
8858684519965	Chicken bar	Cp	60				
8858684520572	ค็อกเทลไก่ผสมปลาหมึก		95				
8858684521036	CP 105 g	CP	105				
8858684521371	Fiber Shot	Inno Wellness	100				
8858684521692	Smoked Cheeva Pork Ham	Butcher	55				
8858684521968	บะหมี่เกี๊ยวกุ้ง	CP x MK					
8858684522590	Baked Shrimp with Vermicelli	EZYGO					
8858684523498	Japanese Style Egg Roll with Spicy Mayo Sauce (CP Brand)	CP	85				
8858684523542	Vegetarian Mushroom Burger With Gravy Sauce	Meat Zero	118				
8858684523603	Stir-fried Green Curry Chicken Breast with Rice and Fried Egg	CHEF CAKES	250				
8858684524310	spaghetti sauce cream rose	Chef Cares Brand	225				
8858684526406	Frozen Bamboo Mushroom Soup with Pork	Chef Cares					
8858684620350	ข้าวหมูกระเทียม	Ezy Go	260				
8858694601933	yofriend Wafer filled with Thai Tea Cream						
8858694610218	Biscuit Stick Coated With Yogurt Orange Flavour Flake	Ticky					
8858694632043	DAKO Cereal coated Chocolate Flavor with ​Milk Filling	DAKO					
8858694900258	KMP เพชรสังฆาต						
8858694901064	มะขามแขก แคป						
8858694901125	Androxsil						
8858696808200	SRICHAND ENCHANTED COVER PERFECT FOUNDATION (120)						
8858696808231	SRICHAND ENCHANTED COVER PERFECT FOUNDATION (120)						
8858697150018	เมจิ มิลค์ ช็อกโกแลต	เมจิ	22				
8858697150513	meigi 22 g	meigi	22				
8858697155013	Milk Chocolate	Meiji	4				
8858697155020	Black Chocolate	Meiji	4				
8858699800034	Coated Peanuts Seaweed Flavour	Mit Chaow Rat					
8858700300782	Be Tagro Yakitori Soy Sauce	Be Tagro	100				
8858701400696	Coconut Milk	Coco	80				
8858701403963	Coco						
8858701404564	Dried tamarin						
8858701404618	Dried tamarind						
8858701404779	Coco						
8858701404809	Coconut milk drink with nate de coco						
8858702401234	Taokaenoi hi tempura						
8858702406635	Grilled Seaweed	Konomi					
8858702410656	Big Sheet Crispy Seaweed						
8858702410717	Crispy Seaweed Japanese Style Hot&Spicy Flavor	Taokaenoi	21				
8858702411240	Grilled Seaweed Roll Spicy Flavour	Taokaenoi Big Roll Brand					
8858702411264	Big Roll Grilled Seaweed Roll						
8858702411790	Big Roll Grilled Seaweed Roll	Tao Kae Noi	3				
8858702413091	Big sheet tomyam goong						
8858702414968	Big Roll Grilled Seaweed Roll		3				
8858702415002	Big roll grilled seaweed roll						
8858702419451	Crispy seaweed						
8858702419680	Sea Roll Farm						
8858702420402	Tempura seaweed курка						
8858702421768	Crispy Seaweed Japanese sauce flavour						
8858702421850	Crispy seawed	Taokaenoi					
8858702422086	BIG BANG grilled seaweed						
8858702422420	Potato Stick Wrapped In Seaweed Original Flavor	Z Roll Farm (Sea Roll Farm)					
8858702422512	Seafood Seaweed Family Pack	Big Sheet					
8858702423502	Big  sheet	Tao Kae Noi	4				
8858702425094	เล? แก่ น้อย	Taokaenoi					
8858702427753	Coconut chips						
8858702428712	Big roll						
8858702429061	Crispy Seaweed						
8858702430517	BIG SHEET ONION						
8858702432047	Seaweed Roll						
8858702432498	Big Roll Grilled Seaweed Roll Mala Flavour						
8858702433310	Big sheet salmon						
8858702433341	BIG SHEET BBQ GRILLED LOBSTER WITH PINEAPPLE						
8858702434539	Tao Kae Noi Ori 2X4G						
8858702434560	Tao kae Noi spicy						
8858702435345	ขนม						
8858702436489	hi Tempura Mushroom & Black Pepper Flavor	Tao Kae Noi					
8858702436656	BIG SHEET SMOKED BURGER						
8858702437134	Just drink รสชานม เอ็กซ์ตร้า ซีลอน - 250 ml	Just-drink	250				
8858702437707	Big Roll Cheese	TaoKaeNoi	3				
8858702437714	Grilled Seaweed Roll Cheddar Cheese	Tae Kae Noi	3				
8858702437738	Big Roll Grilled Seaweed Roll Smoked Sausage Flavour	Tae Kae Noi	3				
8858702437745	Grilled Seaweed Roll	Tao Kae Noi	3				
8858702437813	Just drink รสชานมกุหลาบ	Just Drink	250				
8858702437868	Crispy Seaweed chops	Konomi					
8858702437936	Crispy seaweed with gochujang	Tao kae noi	32				
8858702438025	Crispy Seaweed	BIG SHEET	3.2				
8858702438476	เถ้าแก่น้อย​ สาหร่ายเทมปุระ						
8858702438759	สาหร่าย รสเผ็ด	เถ้าแก่น้อย	6				
8858702438865	Big sheet salad						
8858702439541	seaweed Flakes thai chili shrimp paste	tao kae noi					
8858702440578	Seaweed StreetFood						
8858702440769	Seaweed Roll Coconut	Big Roll	3				
8858702441018	Tap kae wagyu						
8858702441513	สาหร่ายอบปรุงรส รสเกลือชมพู	เถ้าแก่น้อย	6				
8858702441780	Chili And Lime Tempura Seaweed	Hi Tempura	40				
8858702444576	Grilled Seaweed Roll Mango Sticky Rice Flavour	Taokaenoi Big Roll					
8858702444583	Taokaenoi Big Roll Seaweed Mango Sticky Rice Flavour	Big Roll					
8858702445962	Crispy Corn						
8858702446297	Roasted Seaweed Giant Pocket	Taokaenoi	5				
8858702446945	Japanese Style Seafood Flavour Seaweed Snack	Taokaenoi					
8858704602240	ยูอีคอฟ		18				
8858705600894	เอฟแอนด์เอ็น 900 ml	เอฟแอนด์เอ็น	200				
8858705601679	นมข้นจืดทีพอท Extra						
8858705603512	เนสท์เล่ 140 ml	เนสท์เล่	140				
8858705604588	2900287 แมคโนเลียกิงโกะช็อกโกแลต						
8858705604595	2900288 แมคโนเลียกิงโกะช็อก พ.						
8858705604915	Sweetened Beverage Creamer	Teapot					
8858705608692	Magnolia Plus Lactose Free Vanilla White Choc Flavor	Magnolia	200				
8858705609439	นมข้นคาเนชั่น 1กก						
8858705611326	ทีพอทหลอดบีบสตอเบอรี่โยเกิร์ต	teapot					
8858705612934	Magnolia brown sugar						
8858705613061	ทีพ๊อทนมข้นจืด385ก.						
8858705614488	TEAPOT NOM YEN						
8858705615485	นิวทรี เวล นมถั่วเหลืองเมล็ดแฟลกซ์	F&N					
8858708109578	Roasted Cashew Nut	Top - Myanmar	30				
8858709100024	Low Fat Organic Milk	Dairy Home	200				
8858709100055	Chocolate Milk - Daily Home		200				
8858709100567	นมพาสเจอร์ไรส์	Dairy Home	300				
8858709100970	นมปรุงแต่งพาสเจอร์ไรส์ รสบัตเตอร์	Dairy Home	200				
8858709101342	Yogurt with mulberry	Dairy home	130				
8858709103155	Organic Yogurt With Blueberries						
8858709106965	Bedtime Milk	Dairy Home	300				
8858709107771	Greek Yogurt (Organic Milk)	Dairy Home	150				
8858709108303	Pasteurized Organic Grass Fed Milk	Dairy Home	200				
8858709602283	fershy လိမ့်						
8858709603143	Pandan		15				
8858709606168	ยูยี พัฟไก่หยอง						
8858709608476	ยูยี ไข่เค็มลาวา						
8858709608537	ยูยี พัฟไข่เค็ม						
8858710000078	Henan ananas qode 565g						
8858710000269	Pineapple Chunks In Light Syrup	Isabela	140				
8858710000276	Pineapple Tidbits In Light Syrup	Isabela	140				
8858710001662	Ananas En Rondelles El Amir						
8858711200026	Zitronengras	go asia					
8858711200903	Fresh Pepper	Scanasia					
8858714703012	Plant based Minced Meat	Let’s Plant Meat	75				
8858714703111	เนื้อบดจากพืช	เล็ท แพล็น มีท	75				
8858716041013	Mais doux						
8858716041266	MayPride Sweet Kernel Corn	MayPride					
8858717300409	Sport Water Lemon	Strong K Plus	20				
8858718638952	Mangosteen acne gel	Nami					
8858723700583	Nude capsule						
8858723701924	Capsule sugar Free Mint						
8858723702266	Capsule Super Cool Mint (Melon Flavour)	NUDE					
8858725200098	11						
8858725200791	8858725200791						
8858725200913	Young Coconut						
8858725202825	Coconut water						
8858731200044	NANACO						
8858731200143	NANACO 6 လုံး						
8858731200235	Jumbo pudding Mango Flavour	Nanaco	380				
8858731621108	Koriander - Bund						
8858731624857	Zitronengras	PDI					
8858732821071	Ding Fong						
8858735501246	น้ำทุเรียน 30%	แซนเซน	330				
8858735501352	XANXEN	XANXEN	330				
8858738401307	มะเขือเทศเชอรี่						
8858741211061	Jasmine rice						
8858744800033	Panang Curry Paste	Kanokwan Food Products Co.  Lt	13				
8858744800200	Kanokwan plum sauce imp						
8858744800316	Fried Garlic No Peel imp	Kanokwan					
8858744800347	Fried garlic	Kanokwan	5				
8858744800361	Fried Shallot imp	Kanikwan					
8858744800613	Kanokwan tom yum paste imp						
8858744801030	Kanokwan sweet chili sauce imp						
8858744801382	Kanokwan sukiyaki sauce Hot pot imp						
8858744801399	Kanokwan seafood dipping sauce imp						
8858750200278	KING POWER SELECTION 180 g	KING POWER SELECTION	30				
8858750200711	coconut						
8858750200995	COCONUT CRISPY ROLL	KING POWER ROLL					
8858752602209	Seaweed						
8858752602216	Triple-M stick - spicy	Triple-M	3				
8858752605484	Seaweed		5				
8858753720018	City						
8858753720049	Cool Island						
8858753741518	Lait de coco						
8858753741853	Coconut						
8858753742164	Coconut		290				
8858754200083	aroma young coconut						
8858754200151	Life Coconut Fresh Drinking Coconut	Life Coconut					
8858755200020	kaffe	NatureGift Extra plus					
8858755200570	Berna1000		10				
8858755200655	Black coffe						
8858757000284	ดอมเพอร์สตาร์						
8858757300124	Creamy Caffe Latte	UCC	330				
8858761400254	Dried Durian Monthong	Durian King	30				
8858761808678	Post acne						
8858762710017	Waffle	Original Waffle Co.	22				
8858762710024	English Cinnamon Waffles						
8858764400602	Lemon Paper chuncklight tuna	Clover Valley					
8858764400619	Ranch chunk light tuna						
8858764402026	Mackerel in Tomato Sauce	Sea Fresh					
8858768004660	AMERICAN GREEN OYSTER SAUCE						
8858768018889	TUNA FLAKES In Vegetable Oil	Islands choice					
8858768023128	COOL TIME Nealko nesyteny nápoj s príchuťou lúči a semienkami bazalky						
8858768023142	Basil Seed Drink						
8858768023159	Basil seed drink						
8858768023173	Basil seed						
8858768023180	Cool time						
8858768023340	Tuna chuck in Oil						
8858768029564	COOL TIME Drink s bazalkovymi semienkami príchuťou kiwi						
8858768053354	اننس علب						
8858768055556	COOL TIME Nealko nesyteny nPoj s príchuťou kokosu						
8858768058076	Chopped Tuna in Oil	McCoy's					
8858768059974	Jack fruit						
8858768059998	Tobias lychee						
8858768060666	MiaMia Fruit cocktail Syrup						
8858768060789	leche coco	kaldini					
8858768061496	Springfield						
8858768062172	Tuna	Al raha					
8858768062684	COOL TIME Nealko. nesyteny nápoj s bazalkovymi semienkami s príchuťou marakuja						
8858768063414	Sliced Pineapple	Glend'y	100				
8858768066200	SiDI DAOOD TUNA						
8858768067436	Тунец Натуральный	Spar	185				
8858768068327	coconut cream	régal thai					
8858768068693	COOL TIME Nápoj s príchuťou koktail						
8858768070788	كوكتيل فواكه						
8858768072485	Pineapple  broken						
8858768090465	LITE COCONUT MILK	REGAL THAI					
8858768093138	Vernicelli	Regal thai	50				
8858768800156	Jwipo fish jerky						
8858768830832	ฟรุ๊ตมาเนีย พุทราเชื่อม 1แถม1						
8858768831303	FRUIT MANIA GOLDEN RAISINS	Fruit Mania	30				
8858768831884	FRUIT MANIA						
8858768841005	Gomuc Original						
8858768841036	Gomuc Spicy Shredded Squid						
8858768841869	ปลาหมึกอบนิ่มปรุงรส	GoMuc	12				
8858768843023	BITEE	BITEE					
8858768843061	BITEE	BITEE					
8858768843276	Crispy Squid Tentacles	GoMuc	20				
8858774110249	Loin Ham-JAS Superior	PRIMAHAM					
8858774110270	Boneless Ham	Primaham	40				
8858774120163	Cheese In Sausage	Primaham	100				
8858774130070	PRIMAHAM 70 g	PRIMAHAM	70				
8858774130124	Salad chicken - Smoke	Takumi					
8858774130131	Salad Chicken Pepper & Garlic	Primaham	90				
8858774130346	Salad Chicken Stick Smoked Pepper	Don Don Donki	65				
8858774130384	Shredded chicken	Primaham	80				
8858774150047	CABBAGE ROLL	DON DON DONKI	100				
8858774160022	Kakuni Pork	Primaham	100				
8858781000113	Japanese soy sauce						
8858781000328	Soy sauce						
8858781401217	Seafood sauce						
8858781401453	Teriyaki Hot smoked atlantic mackerel	thammachart seafood brand	110				
8858781401606	Sliced Smoked Salmon Belly	Thammachart	120				
8858781403563	Crab Stick	Thammachart Seafooc	100				
8858782502296	Mango Chicken Skewer	Grill Choice	55				
8858785400827	Brown Rice Crackers- Salt & vinegar	Bio Asia	15				
8858786601322	น้ำส้ม ตราสายน้ำผึ้งศิริชิน - 250 g	Sirishin	250				
8858786601704	ศิริชิน 350 ml	ศิริชิน	350				
8858786709295	Canned Tuna	Alzook	56				
8858795135016	Thai Hom Mali Roce	Pomelo	50				
8858799302353	ลูกชิ้นเอ็นเนื้อล้วน	นำชัย	100				
8858802500127	PATTA rawadee 198 g	PATTA rawadee	22				
8858802500202	ภัทราวดี 40 g	ภัทราวดี	40				
8858802500356	ภัทรวดี 45g	ภัทรวดี	45				
8858802500486	PATTA 30 g	PATTA	30				
8858802500493	ภัทรวดี 15g	ภัทรวดี	4				
8858802500509	PATT A 30 g	PATT A	30				
8858802500905	ภัทรวดี 55 g	ภัทรวดี	28				
8858802500912	ภัทรดี 45 g	ภัทรดี	45				
8858802500929	ภัททิรา 45 g	ภัททิรา	22				
8858802500936	ภัทรวดี 50 g	ภัทรวดี	50				
8858808980909	Lait de coco						
8858808983429	Cocktail						
8858808983436	Cocktail de fruits						
8858815203121	Rice noodle	Thipsamai					
8858815280405	Pad Thai Original Recipe	Thipsamai	100				
8858815805035	Brown Rice With Mixed Quinoa	Thai Hom Mali	50				
8858817019058	ถุงหูหิ้ว						
8858820005192	MVALLEY 250 g	MVALLEY	30				
8858820005468	แม็คๆนางพญาบ๊วยเผ็ด						
8858820009053	บ๊วยคืนชีพ						
8858820018383	บ๊วยหนึบ	Mag Mag					
8858820101009	นมโค ไขมัน 3.6%	Sunshine dairy	180				
8858821200015	Coconut oil and Palm oil Formulated	Siam Union					
8858826200348	มันบดอบชีส	Reo's deli	110				
8858826618389	chee sneng						
8858829011736	Gr						
8858829600015	KOKA VERMICELLI CLEAR SOUP						
8858829600053	JAYA NOODLES TOM YUM FLAVOUR						
8858829600091	ซื่อสัตย์ รสไก่กระเทียม	ซื่อสัตย์	60				
8858829600107	Instant Cup Noodles Garlic Chicken Flavour	SUE SAT					
8858829601173	Imee tom yum		65				
8858829601753	Vegetable Instand Noodles	iMee	65				
8858829601951	Imee	Imee					
8858829603566	Jaya beef cup						
8858829603573	Лапша БП Том Ям	Jaya	60				
8858829604334	Maggie bekas tomyam						
8858829604341	Maggie bekas udang						
8858829604358	Maggie bekas seafood						
8858829604587	ORIENTAL THICK SOUP KUAY CHAP						
8858829800019	ข้าวเกรียบกุ้ง	ช.เกษตร ฟู๊ดส์	35				
8858831008120	AHA BODY BOOSTER LOTION	Precious Skin					
8858832603928	Young Coconut for Drinking	Blue River					
8858832605595	Yellow Turmeric						
8858832610025	chiliflocken 100						
8858842026359	Melatonin Anti-Aging	Baby Bright					
8858842030233	POM POM GIRL						
8858842051894	BabyBright Lip 10						
8858842053447	Tomato & Gluta	Baby Bright					
8858842063224	BabyBright Lip 19						
8858842074497	Eye Brow Pencil	Cathy Doll					
8858842097571	BslabyBright Lip 01						
8858845432560	ซิลคอปฟ์เอ็กเพิร์ท						
8858845455576	กันแดดกลูต้าใยไหม						
8858848900417	super roll						
8858849103176	Organic Cold Pressed Virgin Coconut Oil	Rain Shine					
8858849104371	Organic Extra Virgin Coconut Oil	Coco Yummy					
8858851436880	rojukis						
8858853700033	Coconut Sugar	AWS					
8858854602701	Skin doctor face & body sun protection with vitamin SPF 50 150g						
8858854618092	Shifa						
8858854618108	Shifa						
8858854618115	Shifa						
8858854618122	gel						
8858854618665	HiFA						
8858854619204	shifa						
8858854654175	Smatr foot powder						
8858859000014	Freeze-dried strawberry	เวลบี	30				
8858859000366	Freeze-dried Strawberry and Banana	Wel-B					
8858859000380	Freeze-dried Strawberry	Wel-B	14				
8858859000625	Freeze-Dried Peach						
8858859000694	Freezd dried strawberry banana	Wel B	220				
8858859002285	Yogurt Melts	WelB	20				
8858859004319	freeze dried durian						
88588612	Jalapeño Cheddar Load With Roasted Peppers	Costco	50				
8858867816904	แซนวิชโฮลวีททูน่าสลัดงาคั่ว ตราอีซี่เทส - 67 กรัม	อีซี่เทส	67				
8858867822417	Konjac Bubble Milk Tea Eclair	Ezy Sweet	66				
8858867822769	Choco and vanilla cream rainbow bouche		68				
8858867824411	Caramel Toffee	NSL	65				
8858867825579	White Sauce Bbq Chicken Puff	Nsl Foods	80				
8858867827122	Rocher Chocolate	Bake A Wish	55				
8858867827702	Caramel Toffee Cake	Bake a Wish	85				
8858867828037	Vanilla Custard Choux Cream	Bake A Wish	90				
8858867828211	Mini Bear Brownie Cake	NSL SELECTION					
8858867828310	Beef Sandwich	7-11	91				
8858867828365	Roasted Chicken Sandwich Barbeque Sauce	EZGO Brand					
8858867828686	Chicken Slice Cheese And Tuna Salad	Ezygo 7-11	75				
8858867828747	Chocolate Caramel Lava Cake	NSL FOODS					
8858867829089	Shio Pan	Bread and Butter by XY	68				
8858867829232	มัตจะถั่วแดง	EZYGO					
8858870307840	Tempura flour						
8858871800197	Coconut milk	DeChoice					
8858871804218	Kolly		290				
8858871812398	Basil seed drink with flavor lychee						
8858871812770	Basil seed						
8858871812916	Basil seed						
8858871878103	LIGHT MEAT TUNA FLAKES						
8858874805106	Crispy Pumpkin Chips	Anna	50				
8858874807100	Crispy Black Sticky Rice	Ana	30				
8858874833642	Taro And Sweet Potato	Anna	30				
8858876000011	Lesys Care	MCLS Asia					
8858876000028	Lesys (Crystalline Maltitol)	MCLS Asia					
8858876000042	Lesys (Crystalline Maltitol)	MCLS Asia					
8858876000066	Lesys Fine Powder (Crystalline Maltitol Fine Powder)	MCLS Asia					
8858876000080	Lesys (Crystalline Maltitol)	MCLS Asia					
8858882901494	JULA'S HERB LONGAN MELASMA SERUM						
8858882901890	JULA'S HERB WATERMELON EE CUSHION						
8858883200763	Coconut Milk	The Elements	90				
8858888021011	Green Curry Ready To Eat	Khao	200				
8858888280524	Jasmine rice		80				
8858891302398	Lychee Favoured						
8858891307508	ICHITAN GREEN TEA ORIGINAL						
8858891309724	ตัน ซัน ซู						
8858891311536	ตรา ทันพาวเวอร์	ตรา ทันพาวเวอร์	150				
8858892112712	ลือดาราน้ำผึ้งดอกลำไย100เปอร์เซ็นต์พร้อมรวง 400กรัม จาก						
8858892500007	Kokonae 250ml	Kokonae	250				
8858893901872	Polenta	Divella	100				
8858893902664	Tesco ปลาเส้น	Tesco					
8858893902879	NaxNax	Lotus	30				
8858893904286	โลตัส 900 g	โลตัส	900				
8858893904415	[Only one image]	Tesco					
8858893908963	Seasoning and spicy pickled radish						
8858893914636	[No info image]	Tesco					
8858893916142	Lotus's 500 g	Lotus's	32				
8858893916159	Lotus's 500 g	Lotus's	36				
8858893919389	Only one image	Tesco					
8858893919730	Lotus	Lotus					
8858893921078	lotus 190 g	lotus	95				
8858893921788	Rice berry	Lotus's					
8858893922471	เซีย						
8858893924895	ขนมปัง						
8858893927018	Tesco มันผสมเผือกกรอบรสเค็ม	Tesco					
8858893930964	Supreme Bread	Lotus	55				
8858894100410	Multi-grain Wheat Loaf	Cubic	20				
8858894100441	Red velvet bread	Cubic Fit	20				
8858894104159	EXTRA SOFT WHOLE WHEAT BREAD	CUBIC					
8858894104654	Naturalwhite Nama Shokupan	Cubic	50				
8858894104982	9 Grains Supersoft Wholemeal Bread	CUBIC	55				
8858894105064	Contry Farm Sourdough Bread	Cubic	75				
8858894105071	Carrot Quinoa Whole Wheat Bread	Cubic	55				
8858894105187	Beetroot Perilla Seed Whole Wheat Bread	Cubic	55				
8858894105200	Oat Wheat Bread	Cubic	60				
8858894105293	Sultana Whole Wheat Bread	CUBIC					
8858894313339	Soy Milk	momo					
8858900101516	Shave ice orange						
8858900101523	Shave ice lychee						
8858900104562	BANANA BANANA 145 g	BANANA BANANA	30				
8858901603804	Thai Klebreis	Kaijae Rice					
8858901606027	Riz Long Parfumé		120				
8858901606362	Japanese Sushi Rice	Kaijae Rice					
8858908300805	SESAME OIL						
8858908301222	Green curry paste	American green					
8858908301574	American Green	American Green					
8858908301581	American Green	American Green					
8858908301598	American Green	American Green					
8858908303806	American Green	American Green					
8858908304698	AMERICAN GREEN SESAME OIL						
8858908306623	American Green	American Green					
8858908307798	Basil seed						
8858908310491	Tuna	Green Farm					
8858909419148	ครัวคุณกัส 280 g	ครัวคุณกัส	33				
8858909431928	ครวนภัค 560 g	ครวนภัค	33				
8858911200338	Organic set yogurt unsweetened	Butterfly	100				
8858911200369	Organic Set Yogurt	Butterfly					
8858911200536	Organic Yogurt Original	Butterfly	100				
8858911200550	Greek yogurt	Butter fly					
8858911200956	Greek yogurt	Butterfly	100				
8858911200963	Organic greek yogurt.	Butterfly	25				
8858911201205	Yogurt - butterfly		200				
8858912629015	เต้าหู้ไข่ไก่ผสมฟักทอง	akara					
8858912682102	Egg	Modi-Tama	62.5				
8858914400155	Peanut Butter Creamy (Sweetened)	Paul Food	17				
8858915001450	CHIA SEEDS Baboo Brand	Baboo					
8858919065878	جوری اناناس شرایح مکسوره						
8858920200237	White Shrimp Frozen	IOR	75				
8858924200035	Tuna Extra Virgin Olive Oil	Ayam	119				
8858925020205	Baby Octopus	C F Trading	113				
8858925302509	ผงน้ำราดข้าวหมูแดง	ชายสี่					
8858934701157	Donutt Collagen 10000 mg Plus	Donutt	15				
8858934707272	Instant Coffee Mixed Plus Cordyceps Lingzhi Extract and Multi B	LIVNEST					
8858937500184	Morimoto 13 g	Morimoto	6.5				
8858943000036	Coated cashew nuts						
8858945520044	Wholesome, black sesame & cashews nut clusters	Wholesome	50				
8858945530333	เจ้าสัวสแนคซ์หนังปลากรอบ						
8858947458017	Aloe drink for life						
8858947458031	Aloe Drink Lime						
8858947840027	เอลิแอลผ้าเช็ดทำความสะอาด						
8858948411127	ธันยธรณ์ 200 g	ธันยธรณ์	50				
8858950099979	น้ำจิ้มสุกี้สูตรกวางตุ้ง ตราอังคนา	Angkana					
8858950704316	ฺBaan suntiras 140 g	ฺBaan suntiras	140				
8858950704323	ฺBaan suntiras 140 g	ฺBaan suntiras	140				
8858951901288	pineapple	nura					
8858954150010	Peachy 110 g	Peachy	110				
8858954151109	Peachy 110 g	Peachy	110				
8858954211513	มาการอง บิสกิต	Big One Biskio	25				
8858954211537	Salted						
8858954213166	คอฟฟี่ บิสกิต	OK	45				
8858954214262	โอเค 60 g	โอเค	30				
8858954215788	OK Pyramid Crunch Puff	OK Brand					
8858954216327	Matcha creamy cookie	Ok Creamy					
88589565	Pears, Zucchini & Peas	Happy Baby					
8858956500530	CRISPY THAI COFFEE	KUNNA					
8858956500547	CRISPY THAI COCOA	KUNNA					
8858956501339	durian extra crispy roll						
8858956502817	KUNNA 27 g	KUNNA	27				
8858956503210	Coconut Crispy Rolls With Coconut Cream	Kunna	27				
8858957961675	Roasted Chicken Breast Lemongrass Flavour	S-Pure Prime					
8858958092040	Organic jasberry rice						
8858958092149	Jasberry rice						
8858960302168	Chili tamarind	Desiam					
8858960302366	Peanut Coconut imp						
8858960303233	Wok oil						
8858960303257	WOK OL Chillie						
8858960303356	Noodle soup tom yam kit						
8858960304124	Egg Noodle Ramen	Siam	100				
8858963900040	Smoked Norwegian Slamon	Kai Sen Maru Co LTD	50				
8858968700911	Shredded Cheddar Cheese	Horeca	28				
8858969700125	Coconut water						
8858973300779	5 ดาว 115 g	5 ดาว	57				
8858978500143	Lamoon body hair foam wash						
8858978500358	Lamoon organic baby powder						
8858980704119	Plant Based Protein Original	Alter	50				
8858980704454	Clear Matcha Protein	Alter	40				
8858981500499	น้ำปลาร้า						
8858984800299	Dumpling	CP	90				
8858984800589	Roasted Mexican Wing Stick	CP	100				
8858984800688	Raw Boneless Skin-On Chicken Breast	CP	100				
8858984802576	Honey Wings	CP	100				
8858984802910	Raw Frozen Chicken Skinless Boneless Breast	CP	100				
8858984803023	Japanese Golden Crispy	CP	100				
8858984804259	Fish Patty	AA	52				
8858984804532	Prawn Patty	Kitchen Joy	55				
8858984804570	Raw Frozen Chicken Inner Fillet Without Tendon	CP	100				
8858984804600	glazed teriyaki	CP	100				
8858984804617	Pepper Kicks (Chicken Thigh In Black Pepper Sauce)	CP	100				
8858984805010	Charcoal grilled chicken inner fillet	Kitchen joy	100				
8858984805027	Healthilicious Piri Piri Charcoal Grilled Chicken Inner Fillet	Kitchen Joy	100				
8858984805102	chicken dipper	CP	100				
8858984810076	Chicken Pad Thai	Charoen Pokphand					
8858984810212	Prawn Wonton Ramen with Green Choy Sum						
8858984810236	Seafood Tom Kha with Noodles (Thai Coconut Soup)	CP Authentic Asia	325				
8858984810250	Prawn Wonton Ramen	Authentic Asia	308				
8858984831057	kylling teriaky spyd						
8858984832610	Chicken Teriyaku Yakitori Sticks	Kitchen Joy	240				
8858984832733	Cooked Tender Chicken Breast with Black Pepper	CP Food	100				
8858984832795	Spicy Chicken Middle Wings	CPF Thailand					
8858984833198	Spaghetti With Chicken Sausage And Carbonara Sauce	CP	320				
8858984833457	Japanese Style Fried Chicken Kara-Age	Kazoku Kitchen					
8858984834409	CP Chicken Ribs	CP	100				
8858984834621	Plant Based Patty	Meat Zero	100				
8858984834737	Tom yum noodle soup	Kitchen joy	309				
8858984834911	Roasted Aromatic Shredded Duck Meat	Authentic Asia					
8858984835017	Prawn Wonton Tom Yum Soup with Ramen	Charoen Pokphand	632				
8858984835345	Dim Sum Prawn Wontons	Authentic Asia	117				
8858984835604	Plant based minced meat	Meat Zero	200				
8858984835871	Plant Based Gyoza	Meat Zero	93.5				
8858984835963	Prawn Wonton Tom Kha Soup with Ramen	Authentic Asia					
8858984835970	Thai Spicy Prawn Wonton Kee Mao Noodles	CP	100				
8858984836700	Boneless Fried Duck	Asain	100				
8858984836724	Chicken Popsters	Kitchen Joy					
8858984836748	Thai Spicy Shrimp Wonton Noodle	CP	250				
8858984837080	Hand-wrapped Prawn Wonton Tom Yum Soup	Charoen Pokphand	625				
8858984837301	Honey Wing Stick	CP	100				
8858984837332	Vegan Panang Curry	Field Good					
8858984837370	Roasted Aromatic Shredded Duck Meat	Pittaya					
8858984837394	Aromatic Duck Pancake Kit	Charoen Pokphand	36				
8858984837486	Mini Ebi Katsu	CP	100				
8858984837578	Mango Sticky Rice	Kitchen Joy	200				
8858984837615	Sriracha Gyoza With Sriracha Sauce	Kitchen Joy	20				
8858984837790	Three Layers from Plants	Meat Zero	100				
8858984837813	Thai Cube Pad Kaprao Chicken	Kitchen Joy					
8858984838018	Roasted Chicken Rib	Easy Snack	100				
8858984838124	Mango Stick Rice - Spring Roll	Charden Pokhand	100				
8858984838278	Asian Series - Thai Green Curry Vegan Chicken With Rice	Meat Zero	320				
8858984838308	Panang Curry Chiken	Kitchen Joy	350				
8858984838315	Thai Cube Red Curry	Kitchen Joy	350				
8858984838346	Thai Cube Creamy Green Curry	Kitchen Joy	320				
8858984838360	Sweet Chili Chicken Teriyaki	Kitchen Joy	350				
8858984838377	Chicken Tikka Masala With Jasmine Rice	Kitchen Joy	350				
8858984838483	Hong Kong Roasted duck	CP Authentic Asia	108				
8858984839565	Stir Fried Green Bean And Chilli With Mince Meat	Meat zero	100				
8858984839961	ut milk Salt Gum), Dextrose CP Authentic Asia 16 M						
8858984840073	Southern Fried Chicken Rib	Kitchen Joy					
8858984901064	Sparkling Turmeric Blend Lime & Ginger	AYA					
8858984901156	Sparkling Tea and Turmeric Passion Fruit Flavor Drink	AYA					
8858984905307	ชูการ์ฮัท 240 ml	ชูการ์ฮัท	240				
8858984905314	ชูการ์ฮัท น้ำกะทิผสมมะม่วง	ชูการ์ฮัท	240				
8858985300019	ข้าวโพดอบเนยรสนม	นุศรา					
8858992502345	Clenascar c						
8858994001020	Sunny boy น้ำหวานกลิ่นสละ						
8858994400182	sivanna ဖျက်ဆေး						
8858994408690	sivanna sc powder						
8858994408980	gina powder						
8858994423433	Sivanna Liner						
8858995810928	Chocolate chip dried banana cookies		35				
8858998571147	เป๊ปซี่กระป๋องแพ็ค 6	Pepsi					
8858998575091	Lipton Iced Tea Lemon	Lipton					
8858998581023	Pepsi	Pepsi					
8858998581412	Pepsi max taste raspberry	เป๊ปซี่	245				
8858998581740	Pepsi Max		330				
8858998582013	มิรินด้า ส้ม						
8858998582020	มิรินด้าส้ม 440 มล	Mirinda					
8858998582068	Mirinda	Mirinda	30				
8858998582235	มิรินด้า กลิ่นสตรอเบอรี่	มิรินด้า	245				
8858998582556	มิลินดาเขียว						
8858998583133	7up		345				
8858998583324	Pepsi 300 ml						
8858998583638	เซเว่นอัพ 325 ml	เซเว่นอัพ	325				
8858998584413	TEA+ HONEY LEMON	TEA+ Suntory	500				
8858998584437	Tea plus						
8858998585472	Lipton sparkling		330				
8858998586004	Aquafina Minérale						
8858998586455	Pepsi Zero (Strawberries 'n' Cream)	Pepsi	200				
8858998589326	ซันโทรี่ 500 ml	ซันโทรี่	200				
8858999803605	Lemon green tea						
8859001200016	Green Coconut	Neer					
8859001402397	อกไก่ปั่นสมูทตี่	Kleens	240				
8859001402403	Kleens Chicken Breast Smoothie - Original Flavour	Kleens	240				
8859001409211	Chicken Breast Smoothie	Kleens	350				
8859001409693	อกไก่ปั่น	Kleen	240				
8859001409709	Chicken Breast Smoothie - Yuzu Orange	Kleens Plus	240				
8859001409839	Chicken Breast (Blended) Drink	Kleens	300				
8859003200267	Double Chocolate Ice Cream	Mingo	60				
8859003200588	นมสด	Mingo	200				
8859003201738	Vanilla Ice Cream	Mingo	40				
8859003201745	Chocolate Ice Cream	Mingo	100				
8859003201752	Strawberry Ice Cream	Mingo	40				
8859003201769	Lime Ice Cream	Mingo	40				
8859003202797	Caramel Brownie Ice Cream	Rokka	80				
8859003207709	Mingo Chocolate Ice Cream 1 small packet	Mingo	40				
8859007200881	สาหร่ายทะเลปรุงรส						
8859007201420	FRUITASY	FRUITASY	45				
8859007201628	Fruit Veggie Crisps	Fruitasy					
8859008110110	cantaloupe fresh cut	Orberry					
8859009600177	Al ameed Tuna		160				
8859009800355	VC toner						
8859010001062	Chia Seeds						
8859013101745	Homedy	Homedy	100				
8859014000252	Egg	KCF	60				
8859014011425	ไข่ไก่สด	แม่ไก่สาว	50				
8859014012569	ไข่ขาวเหลวพาสเจอร์ไรซ์ - 1 ลิตร	Hello Egg	20				
8859015700038	if fruitamin	IF	280				
8859015700595	น้ำมะพร้าว 99.9%	อีฟ	350				
8859015701769	เยลลี่ลิ้นจี่ vitaday						
8859015701882	Vitamin A	Vit A Day	150				
8859015702711	Vitamin C water	Vitaday	480				
8859015703428	If Sparkling Coconut Water	If					
8859015703985	มะขาม ไฟเบอร์	Vitaday	150				
8859015704531	วิตอะเดย์เยลลี่	วิตอะเดย์	140				
8859015704562	วิตอะเดย์ เยลลี่	Vitaday	140				
8859017622352	POSH MEDICA 28g	POSH MEDICA	28				
8859017655695	Fiber Poshmedica	พอช เมดิคัล	20				
8859017678946	Fiber	Posh medica	20				
8859017684602	Collagene						
8859017900290	O-Drink Fruit Brand						
8859017900429	Blue riva peach						
8859017900566	riva white grape basil seed drink						
8859018413560	Banana Crisps	Banana Joe					
8859022401799	Sweet Chili Sauce	Luck Siam	34				
8859022405414	Whole Kernel Sweet Corn	Kawel	100				
8859022406404	Basil seed	Pampino	290				
8859022406930	Coconut Milk						
8859022408491	Sweet Condensed Coconut Milk	Khob Khun Siam	100				
8859022409238	Ананасы						
8859026100025	ปิ่นเพชร มะขามไร้เมล็ด						
8859026100032	ปิ่นเพชรมะขามไร้เมล็ด						
8859026100063	ปิ่นเพชร มะขามคลุกบ๊วย						
8859026100087	มะขามคลุกบ๊วยไร้เมล็ด						
8859026100094	มะขามจี๊ดแซ่บ	ปิ่นเพชร					
8859026100155	ปิ่นเพชร มะขามหยี่บ๊วย						
8859026100292	กล้วยอบสอดไส้มะขาม	ปิ่นเพชร					
8859026100315	ปิ่นเพชรมะขามไม้เมล็ด						
8859026100728	มะขามปิ่นเพชร มะขามไร้เมล็ด						
8859026100896	มะขามคลุกน้ำตาล	เวรี่ ไทย					
8859026100902	มะขามไร้เมล็ด	เวรี่ ไทย					
8859026510619	หงษ์ทอง ข้าวกล้องแดง	Golden Phoenix	150				
8859026511012	หงษ์ทอง ข้าวหอมมะลิ	Golden Phoenix	150				
8859026512125	ควินัวสามสี	หงษ์ทอง	125				
8859026512194	Egg White Noodle	Nim Nim	100				
88590318	Shiracha chili souce						
8859031910015	ไฮแลนส์ บีฟ เจอร์กี้						
8859031920014	Pork Jerky	Highlands	35				
8859032700592	Asya rose falooda drink	Asya	290				
8859032703456	Top star falooda						
8859032703623	Coconut milk drink chocolate	Cool mix	290				
8859032707300	Basil Seed Drink	Harvey's	300				
8859032708888	Coconut milk drink	Samphran	290				
8859032709144	BOISSON FRAISE GRAINE DE CHIA						
8859032910014	Rice noodles and instant korat sauce						
8859034300066	Effortless Pastel Matcha	Peace Tea House	22				
8859034300370	โกดีซ์ กาแฟ 3-1	โกดีซ์	20				
8859034300660	Effortless Pastel Matcha	Peace Oriental Teahouse					
8859034300998	Whey Protein Isolate	Peak Pro	28				
8859034301117	Strawberry / Salt	Wilder Performance Hydration					
8859034301131	Yuzu / Salt	Wilder Performance Hydration					
8859034301193	Clear Matcha Coconut (1 ซอง)	effortless					
8859034301209	clear matcha coconut	effortless					
8859034301285	Pineapple / Salt	Wilder Performance Hydration					
8859035801210	Bee Pollen						
8859042006301	โดรายากิไส้ถั่วแดง	Lawson	60				
8859042006318	โดรายากิกล้วยหอม	Lawson	60				
8859042006950	ครัวซองคุกกี้อัลมอนด์	ลอว์สัน	60				
8859043102026	Green tea  matcha	Cup my day	125				
8859047500040	Thai Red Rice	Red Ant	45				
8859047500453	HugPun Riceberry						
8859047502679	Fresh Rice Vermicelli	Red Ant	100				
8859047503423	Black Rice	Red Ant	45				
8859047503485	GO MATCHA	OLY.					
8859047600023	American valley	American valley					
8859047700921	Plant based protein						
8859047701645	Whey Protein Chocolate Flavor	biovitt	40				
8859047701836	Biovitt Whey Protein Hokkaido Milk Flavor	Biovitt	40				
8859047701843	Whey Bubble Tea	Biovitt	40				
8859048310280	แป้งมะพร้าวใยอาหารสูง - 300 g	Nut tarin	30				
8859048315513	Pure Coconut Flower Syrup	Nuttarin	13.6				
8859049300525	Salad Mix	Super Fresh	110				
8859052655704	Kamchan Organic Germinated red rice 1kg						
8859052655803	Kamchan Organic Germinated black rice 1kg						
8859060300399	Organic Soy Sauce	lumlum					
8859060300450	Organic Rice Cakes	Lumlum	33				
8859060302881	Organic Instant Noodles						
8859060302904	Organic Pad Thai Set	Lumlum	99.2				
8859062500414	tamarind candy						
8859069100983	Good.b Longan Honey						
8859069900019	Grass Jelly In Cubes	JingJai	100				
8859069903706	クリスピーモカブラウニー MOCHA BROWNIE CRISP	bruno	60				
8859069907469	Thai Milk Tea Crisps	Bruno	30				
8859069908466	Red Velvet Brownie Crisp	bruno	22				
8859074518155	MCT PURE C8 (น้ำมันมะพร้าว)	HEALTHOLICIOUS					
8859077832173	Fiber Lemon And Honey	Beauti Double	150				
8859078000960	De la lita						
8859078002087	Whole Wheat Chips Larb Zaap	De La Lita	30				
8859078002735	Corn Chip	De La Lita	25				
8859078002797	Protein Granola	De La Lita	35				
8859078002803	Protein Granola Honey Roasted Nut	De La Lita	35				
8859078002902	De La Lita Recipes 30 g	De La Lita Recipes	30				
8859078002964	Green Pea Stick Koreann Spicy	De La Lita	30				
8859078002988	Whole Wheat Chips Tomatoes Flavor	De La Lita	30				
8859078004814	Skinny Popcorn	เดอ ลา ลิต้า	30				
8859078007907	Almond Chips Grilled Sweet Corn	De La Lita					
8859082301381	snail white						
8859082303194	Snail white sakura hazel						
8859082303941	8859082303941						
8859084407357	PLANTO MONSTER	PLANTO MONSTER					
8859084408606	Plant collagen	Supper you	16				
8859084409368	Plant protein	Supper you	30				
8859084409917	Protein Dietary Supplement Plum Flavor (Plant Base)	Suuper Clear Protein	30				
8859084410463	Protein jelly		25				
8859084411460	Grape Isotonic Gel	Fuelr	60				
8859084411545	Fuelr Gel Cola	Fuelr	100				
8859084415444	PreActa						
8859084416748	Protien diet	Daiato	40				
8859084417936	GDM blossom jelly	Garden me					
8859093200406	Sun Dried Banana						
8859093200949	Food Tree fried red onion 227g						
8859093201007	Dehydrate Mango Slice						
8859093201403	Aui Kum young green chilli paste						
8859093201731	Ginger Sliced Pink						
8859093201786	Stick biscuits, spicy flavor		30				
8859093203988	Tamarind 4 tastes seedless						
8859098402010	ปูจ๋า ดั้งเดิม						
8859098404014	ปูจ๋า สาหร่าย						
8859098701281	Spicy Korean Ramen with Sausage	Happy Chef	210				
8859098701489	Sausage with tteokbokki and sweet potato vermicelli in rose sauce		125				
8859098701533	Bibimbab	HappyChef Brand	250				
8859098701601	รามยอนซุปสไตล์เกาหลี	Happy Chef	355				
8859100900039	Juicy jelly						
8859102008641	Durian monthong						
8859102131158	Coffee Mix Powder - Condensed Milk	Khao Shong	17				
8859103300546	Sauce de piment hot chilli sauce						
8859103302601	Tamarind Paste	V-Argo	15				
8859103308559	Black Soy sauce	Kum Heng Sheng Sauce	15				
8859103400475	Crispy Squid	Nai Pramong	30				
8859103401847	Crispy Anchovy	Mai Pramong	30				
8859103402349	Dried Seasoning Squid	J’NS Andaman	30				
8859103403162	Samon skin						
8859104004993	Loading…						
8859106104011	Dehydrated Mango	RTF	40				
8859107301686	น้ำพริกเห็ดกรอบขี้เมา	คุณชาย	40				
8859108200018	Coconut juice	โคโค่คูล					
8859108200087	Sport Drink	Coco Cool	310				
8859108200230	Basil seed drink						
8859108200414	Basil seed drink	basil seed drink					
8859108260623	Coconut Milk	Real Fresh					
8859112400022	BAWANG PUTIH GORENG						
8859112600026	ชาเขียวกลิ่มมะลิ รสหวาน	ITO EN	500				
8859112600194	Oi Ocha Unsweetened Matcha Green Tea Drink	ITO EN	500				
8859113488272	Pure Natural Cream	SKY					
8859114900216	Mocha moment granola (diamond grains)						
8859114900698	Choco Banana Granora		38				
8859114900780	ซีเรียลกราโนล่ามอลต์เฟลกส์						
8859114901015	Granola Matcha	Diamond Grains	38				
8859114901053	two ways						
8859114902098	ไดมอนด์เกรนกราโนลาชาไทย						
8859114905402	Aurora Prebiotic Crunchy Cocoa Granola	Diamond Grains	35				
8859114905549	Granola Prex Cruchy Cocoa Flavour	Diamond Grain	35				
8859114905617	Prex Crunchy Blueberry Cheesecake Flavour	Diamond Grains	35				
8859117000142	Dehydrated banana	Namwah	37				
8859119412592	light						
8859119412639	tuna						
8859119412646	Supreme						
8859119413513	Oases sardines						
8859119413520	Sardines oases						
8859119413919	white tuna	qana					
8859123414391	โตเกียว [No photo]		270				
8859123414476	เค้กโรลส้มแมนดาริน	Amazon					
8859123414735	Double Chocolate Croissant	Bow	90				
8859123415497	Chocolate molten cake		75				
8859123415954	Coconut molten cake		70				
8859123416227	Double Chocolate Timber Ring	Bow	60				
8859123416494	Oreo Molten Cake	EZY Sweet	70				
8859124000562	ทรูวิตามินวอเตอร์	True Vitmain Water	480				
8859127600264	Albudrink 18.5 g	Albudrink	18.5				
8859127600271	Albudrink 18.5 g	Albudrink	18.5				
8859128600157	Uglobe Basil Seed Drink						
8859128600164	Basil Honey						
8859128600171	Uglobe basil seed drink						
8859128600188	Basil Seed l Drink Pineapple						
8859128600195	Basil Orange						
8859128600201	Basil Seed Drink Pomegranate						
8859128600409	Basil seed drink Mango	Uglobe					
8859128697027	Chia seed drink						
8859129900294	เนื้อมะพร้าว						
8859129900935	100% Pure Organic Nam Hom Coconut Water	All Coco					
8859129900942	100% Pure Organic Nam Hom Coconut Water	All Coco					
8859129901161	Organic Frozen De-Shelled Nam Hom Coconut	All Coco					
8859129902397	Organic Nam Hom Coconut Smoothie	All Coco					
8859129902571	Frozen nam pudding						
8859130621997	Tt						
8859130644729	Einmalhandschuhe Latex Größe M	Hartmann					
8859137100013	Cleaning Spray						
8859141123541	fried seaweed	kokiri brand	20				
8859141123602	Wow Boots Chips	Kokomi	20				
8859142000957	تن ماهی(روغن سبزیجات)	عربی	100				
8859142001169	Marita Tuna with chilli	Dari					
8859142001176	Marietta tuna with chilli						
8859153700112	Soy Protein Crips - Tom Yum Flavor	Lil Sheep	25				
8859154403104	Biscuit Snack (Colour Sugar)						
8859155200597	Coc’eau						
8859156000271	Sauce yakitori	Hideko	25				
8859156247928	Pointe						
8859157700521	Seasoned Fish & Squid	Full Fish					
8859157700996	Full Fish Fish Snack	Full Fish					
8859159645424	Honey butter Almond	Nina	18				
8859159654242	Nina Honey Butter Almond	Nina	18				
8859159800755	Playmore Cooling Grape Candies	Playmore					
8859164510120	เปรี้ยวฟุ๊ด 1 L	เปรี้ยวฟุ๊ด	200				
8859164510137	เปรี้ยวฟุ๊ด 1 L	เปรี้ยวฟุ๊ด	200				
8859164510151	เปรี้ยวฟุ๊ด 1 L	เปรี้ยวฟุ๊ด	200				
8859166400108	Beechwood Smoked Salmon	Black Salmon	50				
8859166500686	انا ناس						
8859166500754	Noseen						
8859166700017	To be deleted						
8859166700031	nori seaweed	prize					
8859166700079	SEA SALT	PRIZE					
8859170020019	Surimi		27				
8859170500115	TASUKO ฟลาวมันสำปะหลัง ออร์แกนิค						
8859171113598	Coffee Beans	Mivans					
8859174101172	taro sticks amarillo						
8859174503556	Collagen Dipeptide Complex	CHAMÉ					
8859174900089	Water	ipure					
8859175731125	สบู่ละมุนมายด์วิท						
8859177601532	มิซูโฮ ชีสริง						
8859177602454	Norimaki Rice Cracker And Seaweed	Hadson Toko	30				
8859177602751	Protein Chips BBQ	Easy Peasy	38				
8859177602775	Protein Snack Cheese	Easy Peasy	38				
8859178100119	Brown Rice Snack Crab Curry Flavor	DeeJai					
8859178100232	Whole Grain Chips	We Chips	28				
8859178300106	Œufs	Diamondlay brand					
8859178736875	la luna ရေမွှေး						
8859178779209	Mistine ဒိန်နီသစ်						
8859179900039	Honey Sweet Corn	V Farm					
8859179900558	แห้วพร้อมทาน - 120 g	V Farm	120				
8859179900725	Butter banana chip	ตะกร้า	30				
8859183000312	พริกไทยป่น ตรานางกวัก						
8859187966508	Xiang Na Lan Thai Hom Mali Rice						
8859190698915	Pickled Gouramy Fish Extract						
8859190813103	Extra virgin coconut oil						
8859192500445	ドライマンゴー	肉のハナマサ	20				
8859192902553	Party salad	Ezy Fresh 7-11	114				
8859194203016	Almond Protein	Beanbag	35				
8859194203429	Beauty Protein with Softness	Beanbag					
8859194208271	Almond Protein Powder	Beanbag					
8859196800022	นาคราช	นาคราช					
88591971	Orangic power snacks	Navitas					
8859197402973	Boisson à l'aloe vera et au citron						
8859199002515	britlle dark brownies	arcadia					
8859199002522	Brittle Buttercake						
8859199002775	Brittle Redvelvet						
8859199002782	Brittle blueberry cheesecake						
8859200501518	C8 MCTオイル 8g	CIVGIS (チブギス)	8				
8859202600080	Hiso Nori Seaweed Fried Chrysalis 15G.						
8859205300888	อีซี่โก 65 g	อีซี่โก	65				
8859207452028	Cheese CRUNCH 130 g	Cheese CRUNCH	32				
8859209801541	Тунец консервы	TUNA	130				
8859212602647	Chili And Lime Chicken Breast	7-11	90				
8859214803028	Bomi	Bomi					
8859214825020	Dietary Supplement	Bomi					
8859217400217	Thé						
8859217400774	Choui Fong						
8859217401009	Chrysanthemum						
8859219001009	Organic Curry	Sutharos					
8859219001177	Pad Thai	Sutharos					
8859219700452	Longan Honey						
8859219700926	Coffee Honey	Ong Dhong					
8859220400914	Ally Drink	Ally	380				
8859220400921	High Plant Protein (Strawberry)	ally	350				
8859220401621	Thai Black Tea	Chang Dam Yen					
8859220409955	Pro Fiber	Ally	250				
8859220412696	Ally plant base protein caramel macchiato flavor	3Avery	350				
8859220412801	Plant Protien Multi Nutrition Drink Dutch Cocoa Flavor	Ally	70				
8859220412979	Ally plant base protein matcha	Ally	350				
8859220600093	น้ำมิโน ยูเอชที	THAI MILK					
8859222300137	Jasmine Rice	Royal Taste	50				
8859222301455	Iced Gem Biscuit	Tantawan	100				
8859222301479	Fried onion						
8859224600310	BCOCO CC WATERMELON						
8859226301338	รอยัล เมอร์บา	รอยัล เมอร์บา	25				
8859226502407	Plant Protein Drink Cocoa Flavor	Do it her					
8859231112349	1087, Adu Marche et Bas Congo EMBALLE SOUS VIDE POIDS NET 198 G 100% CORNED CEE BELTEXCO S						
8859231113018	happy chunk						
8859232999925	99 180 g	99	180				
8859235911016	Champignons mushroom	Golden Bee					
8859237000022	Taro chips						
8859237001944	Roasted Macadamias	Cafe Amazon	20				
8859237005980	สามซีเฟรชฟาร์ม 30 g	สามซีเฟรชฟาร์ม	30				
8859237200354	Latte Coffee	Tokyo Brew Coffee	275				
8859237200385	100% coconut beverage	Pick @ Peel	300				
8859237203423	Lemon iced tea	Yuan	310				
8859242900447	Korean marinade sauce						
8859242901147	Sukishi 140g	Sukishi	140				
8859242901192	TOKPOKKI ROSÉ WITH SAUSAGE	Sukishi					
8859249702686	Teat	Lyo					
8859250016970	Kokosmilch	Teal Thai					
8859250630695	Cooked Organic Jasmine Rice	Local siam					
8859250630701	Cooked Organic Brown Jasmine Rice	Local siam					
8859250630718	Cooked Organic Black Rice	Local siam					
8859250700138	ซากิชิ 360 g	ซากิชิ	90				
8859253100362	Brownie crackers	Brownie house	40				
8859273901475	MG collagen						
8859274602043	PHED SART 300 ml	PHED SART	15				
8859280814201	Organic Pea Protein						
8859280842228	Plant Based Protein	Lifz	50				
8859287400018	Vintage Smokehouse BBQ Sauce	McCormick Grill Mates					
8859287401565	Spicy Korean Sauce	Grill Mates	34				
8859287415685	Spicy Korean Marinade Mix	McCormick	8				
8859287418457	Air Fryer Soy Garlic Marinade Mix	McCormick	8				
8859290400234	Orange Flavoured Bread	Marunaka	75				
8859292500000	Glico Palitte  Milk&Dark chocolate	Glico	86				
8859292500017	Milk Flavored Ice cream with white chocolate compound	Glico Palitte	86				
8859292500420	Giant Cone ice Cream Hokkaido Caramel	Glico	80				
8859292992584	Froza vit c dietary supplyment						
8859295000057	Pasturized Milk	Mmilk	200				
8859295000583	0% Fat Lactose Free Milk	MMILKbrand	200				
8859295000606	น้ำนมโค ขาดมันเนย พาสเจอไรซ์ รสจืด - 2000 ml	mMilk	200				
8859295000736	Mmilk Lactose Free	Mmilk	180				
8859295000750	มิลค์แอนด์มี	มิลค์แอนด์มี	200				
8859295000781	Milk	Milk	125				
8859295000996	นมจืด	Mmilk	200				
8859295001191	Pasteurized Lactose Free Milk Product Plain Flavour	mMilk					
8859295001733	Fresh Milk from Grass-Fed Cows	MMILK green	180				
8859295001771	Oats in Milk						
8859296300118	Natural Rock Sugar						
8859296300323	ท็อปปิ้งช็อกโกแลต	Lin	30				
8859296300385	Sucre roux granule						
8859296300835	Sucre glace						
8859296301337	Delite+ 80 g	Delite+					
8859297800983	Hypuccino	GMP					
8859299810102	สามกระต่าย 200 ml	สามกระต่าย	15				
8859300485215	lucky fz						
8859301200952	Coconut Crispy Roll	King Power Roll	30				
8859302355620	Tri-Coloue Wholegrain Rice	Winstar	100				
8859304500462	ใบไม้แดง 300 g	ใบไม้แดง	12				
8859304500479	ใบไม้แดง 300 g	ใบไม้แดง	12				
8859304500486	ใบไม้แดง 300 g	ใบไม้แดง	12				
8859304500509	ใบไม้แดง 300 g	ใบไม้แดง	12				
8859304500523	ใบไม้แดง 300 g	ใบไม้แดง	12				
8859304502763	ใบไม้แดง 300 g	ใบไม้แดง	12				
8859310702300	Ociio probiotics Cafe						
8859313000557	Kmr Canned baby corn 410g	KMR	130				
8859315501090	Crispy coconut rolls with sesame						
8859315520015	Durian Flavor Crispy Coconut Roll						
8859315520046	ทองม้วนรสทุเรียน	แก้ว					
8859315530014	Pandanus crispy coconut roll						
8859315530069	ทองม้วนรสใบเตย	แก้ว					
8859315550012	Taro flavor Crispy Coconut Rolls	kaew					
8859315550036	ทองม้วนรสเผือก	แก้ว					
8859316600068	Coconut milk						
8859318800039	MAE NOI 80 g	MAE NOI	15				
8859318800152	พริกอ่อง	แม่น้อย	80				
8859318804150	พริกแกงส้ม	แม่น้อน	80				
8859328200560	sun grains salad toppers original						
8859328200744	Cornflakes	Sungrains	30				
8859333714205	พาเพลิน กล้วยเบรคแตก	พาเพลิน					
8859333714502	GINDA ปลาเส้นรสเผ็ด	GINDA					
8859333715189	GINDA	สหมิตร โปรดักส์ จำกัด					
8859333724709	Monster Punk  Potato Chips (Sour Cream&Onion)​	Monster Punk					
8859333727786	Rice Cracker Corn Cheese Flavoured	Ginda					
8859333730052	อกไก่นุ่ม กระเทียมพริกไทย	Delifit	85				
8859341200332	Jasmine Rice	Heavens Harvest	70				
8859341200400	Long Grain Rice	Heavens Harvest	210				
8859344901663	มัคส์ มัชรูม ซอส (ดั้งเดิม)​						
8859344902622	สไปซี่ มัชรูม ซอส (รสเผ็ด)​						
8859346395019	Tuna Flakes And Oil	Mola Mola	110				
8859347700027	Organic Baby Meal Brown Rice Porridge For Baby	Baby Natura					
8859348691041	ยัมมี่ ผงปรุงรส ฮอต&สไปซี่						
8859348691058	ผงปรุงรสยัมมี่ รสชีส						
8859348691072	ผงปรุงรสยัมมี่						
8859349202000	Abevia Cream						
8859349202062	Abevia Evaporated Milk						
8859349202086	Abevia						
8859350900117	Salmon Curry Sauce	Sealife	72.5				
8859352501053	Pineapple Slices	Early Spring					
8859352501121	Falooda	Early Spring					
8859352501404	Coconuy water with pulp						
8859352502043	Basil seed Drinl						
8859352502074	Falooda Basil Seed Drink						
8859352502135	Coconut Milk With Nata De Coco	Azure	290				
8859352503347	Boisson aux graines de basilic						
8859352601746	Pop Eye with Candy Inside						
8859355201356	Biscuit filled wit Pineapple jam	UD biscuit					
8859358801768	Laza tuna						
8859358802642	تونه بلوفين						
8859358802826	khattera						
8859358803380	Al shater tuna						
8859359300093	ข้าวหอมมะลิ เฟรชแคร์						
8859362507052	تنم						
8859362508424	كريمة التنحيف الحار						
8859362509285	Touch me rich milk soap						
8859363600004	Taiyo Japanese Rice	Taiyo					
8859366800036	มัมมี้ลิเชียสจูซเครื่องดื่มน้ำหัวปลีรสธรรมชาติ 250มล						
8859368500040	Yakult	Yakult					
8859368710418	Fresh D						
8859369811145	Momen Tofu Salad	Oh Veggies X White Story	165				
8859369811275	White Story 200 g	White Story	200				
8859369813767	White Story 200 g	White Story	200				
8859369814856	WHITE STORY	WHITE STORY	300				
8859370801982	HERSHEY'S	HERSHEY'S					
8859372312004	Bell Real Bird's Nest Beverage 200 ml	Bell Real Bird's Nest Beverage	200				
8859376000143	Thai Tea	Miz tea	120				
8859376400981	Frozen Durian Pulp	AEC	100				
8859380300505	Goody 100 g	Goody	25				
8859380300789	Strawberry Sour candy	Okashi					
8859380300796	Grape sour candy	Okashi					
8859380300819	Lemon sour candy	Okashi					
8859380301243	Big panda spicy	GMP	30				
8859380301267	Big panda	Gmp	30				
8859380301892	Goody 100 g	Goody	50				
8859380303391	Roll stick	Big Panda	4				
8859380303407	Roll stick épicé	Big Panda	4				
8859380303544	Seaweed roll sticks		4				
8859381500072	SweetB Honey Mango						
8859381500294	COCO MILK DURIAN	SIAM'S ROYAL SWEETS					
8859386700286	Aji padazas						
8859386700323	Oyster Sauce	AJI	100				
8859386702310	Dee One Seafood Sauce						
8859386702334	Sriracha Sauce						
8859387700766	Churu Rolls kurczak+tuńczyk	Ciao					
8859387700773	Churu Rolls kana+tuna+karbid	Ciao					
8859387700780	CIAO Churu Rolls kana	Inaba					
8859387700797	CIAO Churu Bites kurczak+tunczyk	Ciao					
8859387700803	CIAO Churu Bites kurczak+tuńczyk+skalopki						
8859387700933	Tuna fillet Grilled	Ciao					
8859387700995	CIAO Churu Pops tuńczyk						
8859387701008	CIAO Churu Pops kurczak						
8859387701015	CIAO Churu Pops Tuńczyk+kurczak						
8859387701329	Churu Bites kana	Inaba					
8859387701336	Churu Bites kana+tuna	Inaba					
8859387701725	Juice Bites	Inaba					
8859387701787	Churu Adult kana+veis	Inaba					
8859387701886	Churu Adult kana+lõhe	In					
8859387802460	Knoblauch	Lotus's					
8859387802477	Schwarzer Pfeffer	Lotus's					
8859388801158	นมถั่วเหลือง รสกลมกล่อม	ลาบันซอย	250				
8859391885244	Wrap poulet, crudités - Monique Ranou		190				
8859392811426	Mango dehydrated						
8859393300066	Coconut Milk	Sui Ma Ma	200				
8859393300813	Green curry paste	Sui Ma Ma					
8859393300851	Sweet Basil Sauce	Sui Ma Ma	25				
8859393300875	Thai Fish Sauce	Sui ma ma					
8859394400109	GRANOLA Uji Matcha	Daily Me					
8859394400154	Granola Banana	Daily Me					
8859394400246	Honey Almond Granola	Daily Me	35				
8859398100951	Grilled Seaweed	Biete	6				
8859398101002	BITEE	BITEE					
8859398101477	siam နာနတ်						
8859398101538	Siam သံပုံး						
8859398101552	Siam food						
8859398101712	SANDWICmCRACRER						
8859398102153	siam နို့						
8859400302090	Spaghetti la tiao						
8859400302441	cube latiao						
8859402100953	Peanut Butter Creamy - Dark Chocolate	Rawganiq Honest Nutrition	15				
8859402900010	Organic Rice Cakes	Allrite	20				
8859402900423	Dark Chocolate Rice Cakes	All Rite	40				
8859402900430	Blueberry yogurt Rice Cakes	Allrite	40				
8859403128956	American green Sriracha chili						
8859403155501	Siracha Chili Sauce	Aloy Spread	100				
8859407600120	chips la internaționale						
8859407600137	snak milk tea						
8859407600144	snack internaționale						
8859407600175	snak internaționale						
8859407600199	snak mango						
8859407600403	กรินนี่ ช็อกโกแลต						
8859407600427	กรินนี่ กล้วยช็อค						
8859407600434	กรินนี่ สตรอเบอร์รี่						
8859407600441	กรินนี่ ชาเขียว						
8859407600649	Organic Brown Rice Cereal Sweet Potato	little blossom	15				
8859407602032	High Protein Cereal Snack	OLY	35				
8859407608805	กรินนี่ นม						
8859407618040	teethers						
8859407658114	Ovaltine flavor Whole Grain Breakfast Cereal	Ovaltine					
8859407658886	Pea Puff	Grinny	18				
8859407658893	Pea Puff Chicken Flavour	Granny	18				
8859407688593	mega oring sour cream onion	O Puff	25				
8859408701635	Kikou-you						
8859408702045	DRIED STRAWBERRY	TanTan					
8859409201295	Garlic Chili Sauce	Mishima	15				
8859409900204	Umm Milk 85 g	Umm Milk	85				
8859409900594	อืมมมิลค์ 255 ml	อืมมมิลค์	255				
8859410300017	Apple Raw Juice	Beep	250				
8859413901013	Gluten free pancake						
8859414000388	COCONUT MCT OIL	agrilife					
8859414000401	Organic Extra Virgin Olive Oil	Agrilife	15				
8859414001897	Coconut Oil	Superfood Lab	15				
8859415800246	Mushroom soup						
8859415800284	Pesto Sauce	PolaPola					
8859415800291	Alfredo Sauce	PolaPola					
8859421600212	Prime care steem thai black jasmine surin rice						
8859423200687	haby mndal						
8859423201295	شامپۆی مندال babio						
8859423204777	saw shamo jl 4 l						
8859430200076	DEHYDRATED DRAGON FRUIT	NANA FRUIT					
8859430202681	Ananas þurrkaður	LaLa snack	100				
8859430400001	Cottage Cheese	Gourmet	30				
8859430400018	Kefir (นมหมัก) - Natural Flavor	Gourmet					
8859430400032	RYAZHENKA (โยเกิร์ต)	GOURMET					
8859430801044	ฉัตรไทยฟู้ดส์ 250 g	ฉัตรไทยฟู้ดส์	30				
8859430801051	ฉัตรไทยฟู๊ดส์ 250 g	ฉัตรไทยฟู๊ดส์	30				
8859430801068	CHAT THAI FOODS 100 g	CHAT THAI FOODS	20				
8859430801150	chat thai foods						
8859430802478	mango milk toffee						
8859430805646	ฉัตรไทยฟู้ดส์ 130 g	ฉัตรไทยฟู้ดส์					
8859434400243	[Only one image]						
8859436400654	dried Pineapple						
8859441400243	minzaw						
8859444800620	Trizie - Clean Fiber Supplement	Trizie	20				
8859444800644	Clean Fiber	Trizie	20				
8859445803026	Instant Coffee Mix Pananchita Brand	Pananchita					
8859446500016	Chilli Crisp	Drama Queen					
8859446512002	Crispy Thai Basil Flavot						
8859448901675	Turbo	Dao Coffee					
8859449800052	Coffee Beans	UCC					
8859453000011	ໂປລຕີນຜົງ Vanilla Flavoured Egg White Powder Beverage	Hemomin					
8859453450014	Plant-based Egg	Omax	22				
8859457400176	ได้ใจเห็ดเข็มทองกรอบ						
8859461001970	Pran skipjack tuna						
8859461011337	light meat tuna						
8859461700057	Som drinking water						
8859463300132	Onion Soup	Pola Pola	170				
8859463300286	Vegan corn soup						
8859463300576	Corn Cheese Instant Powder Soup	Pola Pola	25				
8859465500530	คุกกี้ธัญพืชรวมรส	The Oven Farm	30				
8859465690835	กิเลน 400 g	กิเลน	30				
8859465690897	KILIN						
8859465690958	Kilin						
8859465691023	กิเลน	กิเลน	30				
8859466011066	Noriten Tomyum Flaver	MARUESU					
8859466041018	ปลาข้างเหลืองปรุงรสย่าง						
8859470510050	mực thái						
8859470510081	bánh mực	2					
8859473000626	Organic Soymilk Low Sugar	TOFUSAN	180				
8859473100654	Milk						
8859473100852	CAFE & CO BROWN SUGAR						
8859473101231	Organic soymilk	Tofusan	200				
8859473101248	Tofusan	Tofusan	320				
8859473101385	Soymilk with taro	Tofusan Brand	320				
8859473101415	ซันชายน์แดรี่ สูตรโปรตีนสูง รสจืด	ซันชายน์แดรี่	340				
8859473101439	Tofusan 4 Colors Bean 320ml	Tofusan	320				
8859473101491	TOFU-SAN 300 ml	TOFU-SAN	118				
8859473101514	HIGH PROTEIN LACTOSE FREE MILK	Sunshine Dairy	340				
8859474900017	มังกร 70 g	มังกร	35				
8859475600312	Mochi Strawberry	Mojo	38				
8859475600404	Mochi Ice Cream Mango	Mojo	38				
8859475600428	Lychee Mochi	Mojo	38				
8859475600503	Mochi	Mojo	38				
8859475610021	MElloW Ice PASSIONFRUIT FRUIT	MOJO					
8859475804116	Dees Smoothie	Dees	250				
8859475804123	Chicken Breast Smoothie Drink With Yogurt Mixed Berry	Dees	250				
8859475804130	Dees Mixed fruits   only one image	Dees	250				
8859475804178	Chicken Smoothie	Dees	250				
8859475804215	Chicken Breast Smoothie Drink With Passionfruit And Lychee Yogurt	Dees	250				
8859479400550	Mojito Flavoured Syrup	LongBeach					
8859479402493	L.B Mint Syrup						
8859479402660	L.B Mixed Berries						
8859488114097	Hooray! Shape Protein	Hooray!	44				
8859488114103	Matcha proteins	Hooray	45				
8859491100384	Tapioca Pearl Green	Bôt-Báng					
8859491100896	ฟักทองกรอบ รสบาร์บีคิว	Greenday Fusion	15				
8859493300225	ช๊อกชิฟ						
8859495520102	Mungkornbin	Mungkornbin					
8859497302577	SMOOTO TOMATO YOGURT PLUS						
8859497400020	Jasmin Rice Bran Oil	Jai Kao	15				
8859501300360	Pot Stickers - Wasabi	Oishi Eato	120				
8859501300414	เกี๊ยวซ่าซุปสุกี้ยากี้ ตรา โออิชิ - 255 g	Oishi	255				
8859501300995	Squid Ink Gyoza	Oishi Eato	100				
8859501320047	ทูน่าซีซาร์สลัด	Oishi Eato					
8859501320382	Ham and Cheese Sandwich	Oishi	76				
8859501320481	แซนวิชทูน่าไข่กุ้งโนริสาหร่าย	Oishi	82				
8859501320573	แซนวิช ซอสทงคัตสึ - โออิชิ - 86 g	Oishi	86				
8859501320603	OSHI 93 g	OSHI	93				
8859501320726	Cheesy Bacon Egg Salad	Oishi Eato	75				
8859501603102	วารณ 16 g	วารณ	16				
8859502000061	Mango Softdried						
8859502000115	dried mango	Thai Tip					
8859504633427	Pea Protein	Vegamae	30				
8859508300028	มังคุด						
8859510401140	Ultra Gentle Moisturizer	Oxecure					
8859514100025	NISAN SOMTAM						
8859515700835	Coconut cream						
8859519603606	ผงสามเกลอ						
8859519650204	Prachya 25 g	Prachya	25				
8859520300921	Sweet Corn	ICY CHAYA	250				
8859520301423	Grilled Japanese Orange Sweet Potato	KC	130				
8859520303762	Potatoes With Cheese	Kc	115				
8859520303809	KC 120 g	KC	120				
8859522800306	เปี๊ยะถั่วไข่เค็ม	Aprils bakery	120				
8859522802935	APRIL'S BAKERY	APRIL'S BAKERY	100				
8859522802942	APRIL'S BAKERY 100 g	APRIL'S BAKERY					
8859522803192	APRIL'S BAKERY 100 g	APRIL'S BAKERY	100				
8859522805356	Pistachio Praline	7-Eleven	22.5				
8859522805639	Mini Mousse Chocolate Oreo	April’s bakery	40				
8859522805868	Knock Knock Pistachio Choco Dubai	April's Bakery	50				
8859522805875	Duo Pia Mochi Lava with Salted Egg Custard and Golden Threads	APRIL'S BAKERY	50				
8859522805929	Baumkuchen	April’s Bakery 7-11	35				
8859522806209	Red Velvet Mochi Brownies	EZY Sweet	40				
8859524200036	All Like Banana Chips						
8859524700260	Seasun	Seasun GreenTea syrup					
8859526801552	we are Fresh 200g	we are Fresh	200				
8859526803686	King chef 200 g	King chef	200				
8859526804478	TASTY MEAL 210 g	TASTY MEAL	210				
8859526804485	เทสตี้มีล 240 g	เทสตี้มีล	240				
8859526804492	ข้าวหมูกระเทียม 200 กรัม	Tasty meal	200				
8859526804508	เทสตี้มีล 200 g	เทสตี้มีล	200				
8859526804515	โจ๊กหมู - 285 g	Tasty meal	285				
8859526804522	ข้าวต้มหมู  - 350 กรัม	Tastymeal	350				
8859526807943	Spaghetti Chicken Sausage	คิงเชฟ	200				
8859526810042	ข้าวผัดกะเพราหมูคลุก	เฮียบั๊ก	200				
8859526811261	Ramen	King Chef	230				
8859529700111	Water Chestnut	Cpal	100				
8859530450067	Hokkaido Mozzarella Stick Cheese	Bruga					
8859533600018	Kẹo Play Candy vị Dưa hấu gói						
8859533600025	Kẹo Play Candy vị Chanh						
8859533600032	Kẹo Play Candy vị đào						
8859549200493	Cream Stick Cheese with Cream Sauce	Happy Munchy	60				
8859549200561	ออมุกผสมสาหร่าย	Happy Munchy Brand	60				
8859555600072	CHICKY SHAKE 14 g	CHICKY SHAKE	14				
8859555600102	CHICKY SHAKE 14 g	CHICKY SHAKE	14				
8859555600133	Very Strawberry Meringue	Sugarless Meringue	25				
8859555600140	Sugarless Meringue Cheddar Cheese	Sugarless Meringue	25				
8859556700153	Tuna In Salt Brine	Ken Well	56				
8859556701464	Rice Noodles	Panna	50				
8859556901499	Freeze dried strawberry	Allive	14				
8859557001488	นมเปรี้ยว กลิ่นโยเกิร์ต all season	All season	180				
8859559201763	All Purpose Flour	Mom Made					
8859559600016	красные семечки 145						
8859559600030	семечки зелёные 145						
8859559600054	Chacheer Kırmızı çekirdek						
8859559600078	семечки зелёные 260						
8859559600214	Rosted sunflower seeds	Chacha	30				
8859559600245	Roasted sunflower seeds						
8859559600290	CJumbo Sunflower Seeds						
8859559600344	chacha กลิ่นมะพร้าว						
8859559600542	chacha 5รส						
8859559600573	chacha กลิ่นมะพร้าว						
8859559600924	ЧАЧЕР СЕМЕЧКИ КРАСНЫЕ 90ГР						
8859559601068	chacha 5รส						
8859559601099	chacha กลิ่นมะพร้าว	ChaCha	33				
8859559601655	Cha Cha Roasted Sunflower Seeds Salted Flavor	Cha Cha	30				
8859559601730	ЧАЧЕР СЕМЕЧКИ ЗЕЛЕНЫЕ 60ГР						
8859568700035	Leche de coco						
8859571600018	Wheatgrass Alfalfal						
8859574801535	Dried Tamarind Paste Seedless	King	40				
8859577502927	Qminc ginger with honey						
8859577503184	Avocado Almond Milk Protein Smoothie	Qminc	250				
8859578300256	TANAKO						
8859578600103	Kẹo Play More Cupcake màu hồng						
8859578600400	kẹo Play Candy vị Dưa hấu						
8859578600554	KẸO DẺO PLAYMORE LYCHEE/ FRUIT MIX GÓI 50/48G (Gói						
8859578600585	Kẹo dẻo Play More vị Coca						
8859578600615	Kẹo dẻo Play More vị Nho						
8859578600646	Kẹo dẻo Play More vị Dâu						
8859578600738	kẹo dẻo Play More Dinosaur Gummy						
8859578602541	Bonbons fraise	Playmore	22				
8859578602824	ลูกอมผสมวิตามินซี กลิ่นส้มและคูลลิ่ง - 12 กรัม	Playmore plus	8				
8859578605634	kẹo playmore dưa hấu						
8859579301412	Chicken broth	Bobby					
8859579301429	Vegetable Stock	Bobby					
8859580000144	Collagen		10				
8859580000311	Room Fiberry	The iCon Group	15				
8859580103524	Jones’ Salad Veggie X Probiotics	Jones’ Salad	10				
8859580900277	Pastry With Chicken Floss	M&D					
8859580900635	ขนมเค้กไก่หยอง						
8859580900703	ขนมปังสอดไส้ รสไข่เค็ม	เอ็ม & ดี					
8859580901168	Md หม่าล่า						
8859580901175	Md ต้มยำ						
8859580901212	Md รสกุ้ง						
8859580901229	Md รสซอสงา						
8859580901700	Md เปี๊ยะหมูหยอง						
8859581555544	RAVIN FARM	RAVIN FARM	350				
8859581555551	ราวิน ฟาร์ม 350 ml	ราวิน ฟาร์ม					
8859582800391	Jasmine Rice	CHAAO					
8859583400019	Pasteurized Milk	Mace Milk	200				
8859585800176	HOISIN SAUCE	Dee Thai					
8859585801500	fish source food Choices						
8859588110081	มะขามรัศมีแข มะขาม3รส (รสบ๊วย)​	มะขามรัศมีแข มะขาม3รส (รสบ๊วย)					
8859589402062	มันฝรั่งทอดกรอบแผ่นหยัก	คารามูโจ้	29				
8859590200015	Tapioca  pearl brown sugar	Evie	30				
8859594300278	hh						
8859595680959	Mala Chilli Sauce	BCK					
8859595994391	Beef Stick	Chomps	32				
8859596200927	Pk Paw Herb						
8859600800150	แม็กเก็ต 100 g	แม็กเก็ต	30				
8859600820547	Pumpkin Chips Sweet Flavor	Nacket	30				
8859601300321	Drinking Yogurt With Probiotics	เดอะ ชีส บารอน					
8859601300468	Greek Yogurt and Probiotics	The Cheese Baron					
8859601300475	Greek Yogurt with Probiotics Passionfruit & Pineapple Flavour	THE CHEESE BARON					
8859601300512	Greek Yogurt with Probiotics Lychee Flavoured	The Cheese Baron					
8859601300727	Fresh Mozzarella Cheese	Cheese Baron	100				
8859601603644	Butter toffee macadamia	Nut walker	30				
8859601603767	Mixed nuts Unsalted	Nut Walker	30				
8859601605457	Almonds Extreme Korean BBQ	Blue Diamond	30				
8859601605471	Almonds Extremes Korean BBQ	Blue Diamond	30				
8859601605648	Blue diamond volcano	Blue Diamond	30				
8859601606096	Almond Beverage Lactose Free	Sunkist	180				
8859601606218	Walnuts dry roasted and light salt						
8859601606362	Real Pistachio Beverage	Sunkist	180				
8859601624113	Nut walker cashew						
8859601624137	Nut walker 100g mixed						
8859601624250	Nut Walker Sizzling Bbq Crunchy Almond	Nut Walker	30				
8859605002061	Zenfry	Mr Zen	30				
8859605700073	Grapefruit	Ezy Fresh (Thailand)	200				
8859605700455	Ready-to-Cook Pork Shabu and Korean Vermicelli	EZY KITCHEN					
8859605700684	White Cabbage Kimchi with Seasoned Jellyfish	King Chef					
8859605700752	Four Colors Fruits Mix	EZY FRESH					
8859607400278	Dr. Pan snacks 100 g	Dr. Pan snacks					
8859608200198	ป๊อบคอร์น เคลือบคาราเมล	Sweet Chew	20				
8859609055421	wasabi						
8859609064515	chili Rice puff						
8859616005006	Tofu Skin Crisps Light Cheese Flavored	Maison Taohuu	30				
8859616100152	Fiber Dietary Supplement Product	BDMS Wellness Clinic	10				
8859617200134	Chicken Nuggets	Tyson					
8859622212016	Yendrink Plant Milk Coffee	Yendrink	300				
8859622222039	Protein Blend	Yendrink					
8859623800250	โมรินากะ ไฮ-ชิว สวีท แอนด์ ซาวร์ ไพน์แอปเปิ้ล (ลูก						
8859623800335	hi chew brown						
8859623800434	Hi-Chew	Hi-Chew	100				
8859626100272	Aitol 40g	Aitol					
8859627365120	ไผ่ คอฟฟี่ 150 g	ไผ่ คอฟฟี่	15				
8859631100342	Sambal Tempe						
8859634600023	Cold Water		600				
8859636700011	Nam Yum Kanom Jeen	Zab Mike					
8859636810017	Almond milk with malt (no sugar)	137 degrees	180				
8859636810161	Almond Milk With Carrot	137 Degrees	180				
8859636810598	oat milk unsweetened	137 degrees					
8859636810611	Напиток 137 Degrees банан						
8859636811342	High Protein Almond Milk	137 Degrees	180				
8859637205027	Cornista freeze Dried Sweet Corn​ Coated with Ceramel Butter	Cornista					
8859638500213	คั่วกลิ้งไก่	Leanlicious	275				
8859638500237	Minced Chicken Tomato Chilli Paste	Leanlicious	310				
8859638500305	Steamed Sea Bass In Red Curry Paste	Leanlicious	295				
8859638599002	ไก่สับผัดกะเพรา	Leanlicious	100				
8859641302989	MUNCH ROOM 20 g	MUNCH ROOM	20				
8859641398548	Crispy Mushroom	Munch Room	20				
8859641399873	MUNCH ROOM 20 g	MUNCH ROOM	20				
8859641399880	Munch 20 g	Munch	20				
8859643200054	Taro Powder	TEA Brand	30				
8859644900700	Soft Chocolate Bun	After You	55				
8859644900779	ขนมปังนมโสด	After You	50				
8859644900816	Sablé Sandwich Cookies Uji Matcha Green Tea	After You					
8859645061769	Sparkling Water - chi forest		280				
8859645300660	Ivy	Ivy	200				
8859645300806	ไอวี่ 170 ml	ไอวี่	170				
8859645400018	Soy Milk	Miyashita Shoten	300				
8859645400131	Soft tofu	Miyashita	300				
8859646800237	Grilled tender chicken	Tyson	200				
8859661700017	วันเดอร์มิลค์ 2000 ml	วันเดอร์มิลค์	200				
8859667900015	אורז יסמין פרימיום	Srisang Dao					
8859670499797	Pro23 - Chocolate	NUTREPREME	40				
8859671502021	Mango Stick Rice	Delicious Destination	115				
8859672000618	Vegetables chipe		80				
8859672944554	วีทรู ไรซ์ คริสปี้ 300 g	วีทรู ไรซ์ คริสปี้	32				
8859674200030	Sesamilk	Sesamilk	236.6				
8859682600853	เทอร์เทิล 90 g	เทอร์เทิล	90				
8859682623098	Danish Bread Chocolate Flavor	Lotus	50				
8859683100291	ปากกา						
8859690401107	PRECIOUS SKIN -  NIACINAMIDE 10%						
8859690403194	AHA Body Booster Bright Serum	Precious Skin					
8859690800153	ไดฟูกุ						
8859690800252	โมจิ						
8859690800511	Chewy Butter Toast	Fam Fam	25				
8859694102017	ชูครีมวนิลลา	Aro	55				
8859694102604	เครฟ บานอฟฟี่	Bellinee's	85				
8859694102659	ของโปรด 100 g	ของโปรด	100				
8859694102666	Banoffer	ของโปรด เบเกอรี่	100				
8859694103212	Toddy Palm Chiffon Cake	7-11	80				
8859694460056	HOWDY หนังหมูกรอบ (อิตาเลียนพิซซ่า)​						
8859694700497	Shake My Day	Heyday	40				
8859695400013	พาร์เล่-จี ออริจินัล						
8859695400068	ฟัน เซ็นเตอร์ บิสกิตรสช็อกโกแลต						
8859695400105	ฟัน เซ็นเตอร์ บิสกิตรสวานิลา						
8859695401096	มารี บิสกิต รสนม						
8859695600093	Hi Plabt Protein Bar Dark chocolate	Plantae	42				
8859695600109	Hi Plant Protein Bar Blueberry Cheesecake Flavor	Plantaé					
8859695600192	Plantae Dutch Chocolate	Plantae	50				
8859695600307	Plantaé Lean Fast	Plantaé	30				
8859695600550	Complete Plant-protein Hojicha	Plantaé	45				
8859695604756	Plantaé protein bar		42				
8859695625478	Hi Plant Protein Bar Cookies And Cream	Plantae	42				
8859695647562	COMPLETE GREEN WHOLE FOOD COMPLEX	Plantaé	7				
8859695654676	Coconut Latte Protein Powder	Plantae	43				
8859695655772	Plantaé complete plant protein		35				
8859695656762	Original Thai Rea Complete Plant Protein	Plantaé x Cha Tra Mue	47				
8859695657479	Lean Fast Plant Protein	Plantae	30				
8859695657875	Chocolate Chip Mint	Plantae	36				
8859695657967	Plant Protein Lean Fast	Plantae	28				
8859695659992	Complete Plant Protein Dutch Chocolate	Plantaė	10				
8859695675824	COMPLETE PLANT-PROTEIN SALTED CARAMEL	Plantaé x SIURI					
8859695678559	Protein Powder Natural Flavor	Plantae	42				
8859695687551	Plantae Koi The Plant Protein	Plantae	45				
8859695689678	Complete Green Whole Food Complex (berry Berry)	Plantaé	7				
8859696100752	Whey Protein 100% Isolate Pure Flavor	Proflex	32				
8859696101094	Enso Protein Shake	Enso	35				
8859696101117	Whey Protein Isolate Strawberry Yoghurt	ENSO	35				
8859696110133	Whey Protein Powder Finland Milk	Shake Up	39				
8859703139065	Mali						
8859708301993	ohh 40 g	ohh	40				
8859720100260	Coconut Cream						
8859720800016	Coconut chips	Lucky 7					
8859730301329	Krispy Rice	Rice Unicorn	25				
8859731000009	JELLY STICK MALA FLAVOUR						
8859735600755	Sweet Potato Ball	Nak-Su Gusto	100				
8859735610099	Assorted Fishballs	Gusto	50				
8859740700044	Nation Si Thammarat 75%	Paradei Schokolade					
8859740700051	Trang 82%	Paradei Schokolade					
8859745200068	CHEWY KONJAC JELLY MELON						
8859745200082	CHEWY KONJAC JELLY GRAPE						
8859745200112	เยลลี่ซันซัหลิ่นแตงโมและมิกซ์เบอร์รี่		96				
8859745200129	ซันซุ กลิ่นครีมโซดา และสละ						
8859745200310	Konjac Snack with Mala Flavor Ma deaw	Muek Groob Brand					
8859745200389	ซันซุ หมึกกรุบ ปูผัดผงกะหรี่	หมึกกรุบ	8				
8859745300010	Voiz	Voiz	7				
8859745300454	Water Sandwich	Kid-O	13				
8859745300843	Voiz 182 g	Voiz	22				
8859747601504	Konjac with Riceberry Rice	Beyonde	170				
8859753820203	NRPT Vegan Minced Meat Plant&Bean Brand	NRPT - Alt Eatery	100				
8859755100020	Sunprize Chocolate Orange Ball	Sunprize					
8859755100112	Sunprize Chocolate Pineapple Ball	Sunprize					
8859755100129	Sunprize Chocolate Kiwi Ball	Sunprize					
8859755100143	Sunprize Chocolate Mango Ball	Sunprize					
8859755301502	begon 200 g	begon	19				
8859761402743	Thai Hon Mali Rice	Spoon & Spoon					
8859761402774	Thai Hom Mali Rice	Spoon & Spoon					
8859764700075	XS PROTEIN	WINK WHITE					
8859764700631	Milk Tea Flavour	XS Protein	30				
8859764701089	XS PROTEIN WHEY-PLANT COMPLETE	WINK WHITE					
8859773101207	OAT CHOCO STRAWBERRY FLAVOR	Nezline					
8859773113873	MASHLOW CHOCOLATE​	Nezline					
8859773800629	Rolled Seaweed	A-roi jung	21				
8859774100223	Carembare						
8859780100156	Plantbase protein plus l-carnitine cocoa		25				
8859785700030	เค้กไต้หวัน	Ranli	100				
8859785701259	เปี๊ยะลาวาชีส						
8859785701921	Demy ไข่						
8859785706186	Piano cake						
8859785707152	Cake cheese						
8859799400131	ชุดสุกี้ลูกชิ้นรวมมิตร	MK Restaurants					
8859805413223	Orange Chocolate	Cocoa Valley	35				
8859809203226	Thai White Glutinous Rice	Golden choice	50				
8859810099139	ถั่วรวม	What The Bean	30				
8859811500214	Daifuku Ovaltine Flake Cream	Toknchi	64				
8859811500337	โตกาจิ 31 g	โตกาจิ	64				
8859813600127	Coconut Water	Kin Dee	250				
8859813600196	Sweet Chili Sauce	Kin Dee	16				
8859813600417	Dried Pomelo Peel Slices	Kin See	30				
8859816000122	เปี๊ยะไข่แดง						
8859816001471	เปี๊ยะงาดำลาวา						
8859816002140	เปี๊ยะมันม่วง						
8859817000039	Torpak rice noodle	Torpak	55				
8859817000046	Instant Thai Boat Noodle Soup Dried Rice Noodles	TORPAK					
8859819400240	ล่าเถียง บิ๊กสติ๊ก						
8859819400349	หม่าล่า ชอท	เถ้าแก่เนี้ย					
8859830900378	Plant Protien+super Food	Whery Well	41				
8859833200154	Clear Protein Lychee	Moove					
8859835400019	Q-Q Brand 25 g	Q-Q Brand	5				
8859835400071	Milk Tablets With Honey	King Power	25				
8859839700177	CLEAR PLANT PROTEIN (Chrysanthemum))	ABSOLUTE PLUZ					
8859839700214	CLEAR PLANT PROTEIN	Absolute Pluz					
8859841500048	PENNAPA 44 g	PENNAPA	22				
8859851100030	كوكو						
8859851100061	كوكو شين						
8859851100153	Strawberry Juice with Nata de coco	Coco Queen					
8859857900122	Khunnid 500 g	Khunnid	35				
8859869700017	Egg White Noodles Flat Style	Nimnim	125				
8859869700048	Egg White Noodle	Nim Nim	100				
8859869700055	Egg White Vermicelli	Nim Nim	100				
8859880700126	Caffè Latte Oat Milk	OATSIDE					
8859913500068	ทุเรียนกวน	Wanjit					
8859916500508	Peanut Butter Smooth	Kanomjompalang Brand					
88599748	Saint Louis	Saint Louis					
8868957500033	จ้าอ้องซัง None	จ้าอ้องซัง	60				
8877200777825	vera go เครื่องดื่มว่านหางจระเข้กลิ่นลิ้นจี่						
8885019100000	Whip Topping	Bunge	100				
8885021431000	Blue Chill	Prime	500				
8886015611255	สติ๊กโก้ ช็อกโกแลต						
8886467072680	Horlicks	Horlicks					
8886467124839	มันฝรั่งทอดกรอบ รสพิซซ่ามีทเลิฟเวอร์	Pringles	25				
8887603534680	Almonds						
8888112051002	ถั่วลิสงอบเกลือ	คาเมล	40				
8888112461108	แมคคาเดเมียอบเกลือ	คาเมล	30				
8888192051985	SINCERO Premium Chocolate Tira 24 g	SINCERO Premium Chocolate Tira	24				
8888240055415	ซุปเปอร์ 40 g	ซุปเปอร์					
8888279640125	Irvin’s Spicy Salted Egg Flavour Noodles	Nissin	113				
8888339033096	Seasoned Seaweed	Niconico					
8901296053492	FBC Vitamins						
8902268012080	Shortbread Cookies	Anmol					
8902314001280	Epiklin						
8906011155963	Dal (organic, unpolished)	Alpine					
8906024650943	Shantis	Shanli's	40				
8907931000661	เทอร์ร่าสวีทโปเตโต้รสเค็ม						
8934680113694	Wheat cracker	Ritz	25				
8934680114615	ริท มันฝรั่งอบกรอบ	Ritz	23				
8934760019236	ทีโป 75 g	ทีโป	30				
8934760019243	ทีโป 75 g	ทีโป	30				
8934803071108	Pillows Hazelnut	Oishi	30				
8934804035130	Dolce Gusto	Nescafé					
8934804042909	Matcha Latte Dolce Gusto Capsule	Starbucks	24.7				
8935001726784	Chupa chupa sour belt 1 m						
8935006359543	Vanilla	Bon	20				
8935024153543	Instant Coffee	G7	16				
8935024190876	Vietnamese drip coffee						
8935029270030	Ryorishu ซอสสาเก	ญี่ปุ่น					
8935235300231	Doowee chocolate						
8935235300293	Doowee strawberry						
8935235300989	Doowee white chocolate						
8936036025767	Orion Choco pie	orion					
8938539928156	Banana Cocoa Bar	Lecka	40				
8990800025414	เมนทอส มิ้น						
8990800025452	เมนทอส						
8991001503718	Dark milk assortment	Van Houten	40				
8991102837620	ฟลูโลบลาสโตคาราเมล						
8991649000853	corn shots rasa cokelat	CEMCEM					
8992775311738	Garudafood 350	Garudafood	20				
8993175540360	jkjkvh y7yiyi	jkjkvh	14.5				
8993175554961	ขนม						
8996001302439	Crunchy crackers	Malkist					
8996001305430	มอสคิสท์แครกเกอร์รสคาปูชิโน่						
8996001305492	มอลคิสท์ มะพร้าว						
8996001306260	Danisa 132 g	Danisa	12				
8996001314159	โคโค่ แอนด์ ครีม วนิลา						
8996001353585	Cheese Roll	Cal Cheese	24				
8996001355916	แบงแบง						
8996001358214	แซนโดเวเฟอร์ครีมวานิลลา						
8996001375235	โชกี้ ช๊อกโกแลด						
89972040600065	โอ๊ตไซด์ 1000 ml	โอ๊ตไซด์	200				
8998389621560	โคโคลา 280 g	โคโคลา	40				
90103759	M&Sบิสกิตผสมข้าวโอ๊ต 300กรัม	Marks & Spencer					
9110162855941	ทาโร่ สีขาว						
92066809	Marks & Spencer 140 g	Marks & Spencer	35				
92066922	MINT ASSORTMENT	Marks & Spencer	100				
92071841	Marks & Spencer 180 g	Marks & Spencer	30				
9300601773473	Stir-fry pork And Rice	Ezy Choice	280				
9300658405785	Yaourt aux fruits	Yoplait					
9310155008495	Macaroni (Elbows no.35)	Biondi	500				
9310155008501	biondi						
9310264911129	Processed Burger Cheese Slice	Horeca	22				
9310434000400	Jelly Babies	The Natural Confectionery Comp					
9310846501366	Cranberry Almond Protein Bar	Go Natural	40				
9311259421029	Sweet william NAS Original Chocolate	Sweet William	50				
9311770609050	Magnesium	Swisse					
93130943	Marks & Spencer 250 g	Marks & Spencer	100				
9321778659995	equal 20 ซอง	equal					
9331275001173	เวเฟอร์ไส้ครีมรสช็อกโกแลต	Redondo	30				
9331275013824	Monetta 300 g	Monetta	24				
93327909	พริกไทยขาวป่น						
9342749064358	Vanilla Protein Powder	Nuzest Pea Protein	25				
9353707000974	Choc Brownie Mix	Food To Nourish	37				
9355904000986	Deep Collagen						
93564755	Bio Magnesium Advance + D3	Blackmores					
9400547015498	วัตตี้ส์ซุปมะเขือเทศ	Watties					
9403110041221	Blackcurrant Fruit Wholefood Balls	Tasti	34.5				
9403142001880	Dark orange Mini Size	Whittakers	15				
9414897010225	Mixed Vegetables	Talley’s					
9414957177004	Chesdale Trim Sliced Cheese	Chesdale Trim	21				
9415007024095	2900007 แอนลีน พ. 4 จืด						
9415007025849	แอนลีนม็อฟแม็กซ์จืด180g						
9415007025870	แอนลีน แอคติฟิต 3 นมยูเอชทีไขมันต่ำแคลเซียมสูง รสจืด - 180 มล.	Anlene	180				
9415007038955	Queso Cheddar Procesado en Rebanadas	Anchor	12.4				
9415007044000	นมแอนลีนแอคติฟิต						
9415007053408	Dessert And Cooking Cream	Anchor	15				
9415007053552	2921207 แอนลีนโกล จืด						
9415007053569	2901211 แอนลีนโกลไวท์มอล						
9415007053576	2901209 แอนลีนโกงาดำ						
9415007053606	2901210 แอนลีนโกลงาดำ แพ็ค						
9415007060215	L-Carnitine+ Pasteurized Lactose Free Low Fat Milk Product Matcha Green Tea Flavour	Anlene	340				
9415633000500	Chicken Fried Noodles	Magic Pandas	400				
9415912172249	Plant Based Chocalicious Crunchy Cookie	Cookie time	20				
9421901022594	Raw Paleo Super						
9421905463676	Keto Protien Cookie Mini						
9511550099617	Rice cracker with mixed grains						
9526988840069	G Good Taste SHARE DELICIOUS 100 g	G Good Taste SHARE DELICIOUS	100				
9526988840212	Peanut Butter Crisp Candy	G Good Taste SHARE DELICIOUS	100				
95510361	LM STROM						
95516899	Marks & Spencer 300 g	Marks & Spencer	30				
9555050201194	Fish Muruku	POPO	12				
9555076300598	OldTown White Coffee	OldTown	35				
9555192504566	Yogurt Fruit Gummies	Skittles	21				
9555239000389	กาแฟขาว	home's cafe	25				
9555398002019	อัลมอนด์ช็อกโกแลต						
9555480004631	MyBizcuit Bellco						
9555805801310	เคลล็อก coco galaxy						
9555833701194	Salted Chocolate	Heal	36				
9555928901232	Go Nuts	7-11	50				
9556001267498	ซีรีแล็คจูเนียร์ ผัก3สี						
9556023218911	ฟูโด้เค้ก	ฟูโด้					
9556023222819	Cheese Cracker	ZESS	25.5				
9556023651022	ฟูโด้เค้ก	ฟูโด้					
9556121009688	จูลี่ส์ 650 g	จูลี่ส์	27				
9556121020171	Julie's cocoro	จูลี่ส์	30				
9556121031887	Julie's 212 g	Julie's					
9556167340035	แครกเกอร์สผัก	luxury	22.2				
9556167783658	ฮวาไทโกลเด้นแอสซอร์ตเทดบิสกิต	Hwa Tai	21				
9556191070151	Prego Tomato, Basil & Garlic	Prego					
9556191071035	Prego						
9556291800160	CHIPS​ PLUS ​(CHOCOLATE​ CHIPS & RAISIN​ COOKIES​)​	TATAWA					
9556291800191	คุกกี้สอดไส้ช็อกโกแลตผสมอัลมอนด์ - 120 กรัม	Tatawa	24				
9556291801785	BROWN​IS​ SOFT COOKER​ (STRAWBERRY​ CREAM FILLED BROWNIES)​	TATAWE					
9556296306070	Cocoaland cheese ball crackers						
9557062322263	Spicy Chips BBQ						
9557152500410	C mon corn	C'MON CORN	100				
9557152500434	C cmon corn						
9557320000506	เส้นอุด้งสด ตรา โมโมทาโร่						
9830130304430	Double Chocolate Croissant	Bow	70				
9863648789475	Chicken Breast Smoothie With Lactose-free Yogurt	ZUPER MEAL	250				
98694167	3802621 ทูน่าเอสเซ็นเสาวรส 4 ชิ้น						
9901196216880	Ham Thousand Island	Ezy Bake	90				
99596644	Marks & Spencer 180 g	Marks & Spencer	30				
9961193410155	Minced Pork (Plant Based)	Meatavatar	120				
9999990022530	กล้วยตากบางกระทุ่ม						
9999990377364	น้ำพริกตาแดงทรงเครื่อง						
9999990390356	แหนม70ก.						
9999990390363	แหนม160ก.						
9999990390370	แหนมใหญ่						
9999990390387	หมูยอสุพัตตรา140ก						
9999990390400	หมูยอสุพัตตรา400ก						
9999990726704	แซนวิซโบราณ						
9999990744432	ผัดไทยวังทองครัวคุณเขียว						
9999990802422	ขนมป้าปู						
9999990867025	ขนมสุฐิดา						
9999990867957	ขนมของฝาก บ๊วยน้ำผึ้ง						
9999990868510	สุฐิดา 20บ.						
9999990869043	เเหนมจิ๋ว						
9999990869319	ขนมสาลี่35-						
9999990871138	กล้วยบ้านยาย						
9999990873217	ข้าวเกรียบโคตรกรอบ						
